date,session,direction,fvg_upper,fvg_lower,fvg_formed_time_ny,entry_time_ny,entry_price,stop,target,target_type,exit_time_ny,exit_price,exit_reason,r_multiple,pnl_usd
2022-07-07,midnight,SHORT,11868.0,11864.3,2022-07-07 00:19,2022-07-07 00:24,11864.3,11873.0,11855.6,FIXED_1R,2022-07-07 00:33,11873.0,SL,-1.0,-1000.0
2022-07-15,midnight,SHORT,11821.1,11818.1,2022-07-15 00:02,2022-07-15 04:53,11818.1,11826.1,11810.1,FIXED_1R,2022-07-15 04:56,11810.1,TP,1.0,1000.0
2022-07-19,midnight,SHORT,11894.9,11889.6,2022-07-19 00:23,2022-07-19 00:26,11889.6,11899.9,11879.3,FIXED_1R,2022-07-19 00:49,11899.9,SL,-1.0,-1000.0
2022-07-20,midnight,SHORT,12312.2,12308.8,2022-07-20 00:27,2022-07-20 00:30,12308.8,12317.2,12300.4,FIXED_1R,2022-07-20 01:01,12300.4,TP,1.0,1000.0
2022-08-03,midnight,LONG,12921.9,12918.0,2022-08-03 00:06,2022-08-03 00:09,12921.9,12913.0,12930.8,FIXED_1R,2022-08-03 00:12,12913.0,SL,-1.0,-1000.0
2022-08-29,midnight,SHORT,12469.3,12459.3,2022-08-29 00:18,2022-08-29 00:32,12459.3,12474.3,12444.3,FIXED_1R,2022-08-29 01:47,12444.3,TP,1.0,1000.0
2022-08-30,midnight,LONG,12531.1,12524.4,2022-08-30 00:19,2022-08-30 01:01,12531.1,12519.4,12542.8,FIXED_1R,2022-08-30 01:15,12542.8,TP,1.0,1000.0
2022-09-02,midnight,LONG,12283.6,12277.8,2022-09-02 00:18,2022-09-02 00:21,12283.6,12272.8,12294.4,FIXED_1R,2022-09-02 00:27,12294.4,TP,1.0,1000.0
2022-09-05,midnight,LONG,12112.7,12109.1,2022-09-05 00:24,2022-09-05 00:26,12112.7,12104.1,12121.3,FIXED_1R,2022-09-05 01:02,12104.1,SL,-1.0,-1000.0
2022-09-06,midnight,LONG,12169.9,12164.7,2022-09-06 00:23,2022-09-06 00:27,12169.9,12159.7,12180.1,FIXED_1R,2022-09-06 00:56,12159.7,SL,-1.0,-1000.0
2022-09-14,midnight,LONG,12053.9,12050.9,2022-09-14 00:12,2022-09-14 00:14,12053.9,12045.9,12061.9,FIXED_1R,2022-09-14 00:23,12045.9,SL,-1.0,-1000.0
2022-09-16,midnight,SHORT,11829.7,11826.3,2022-09-16 00:12,2022-09-16 00:14,11826.3,11834.7,11817.9,FIXED_1R,2022-09-16 01:03,11834.7,SL,-1.0,-1000.0
2022-09-22,midnight,LONG,11552.8,11548.5,2022-09-22 00:20,2022-09-22 00:22,11552.8,11543.5,11562.1,FIXED_1R,2022-09-22 01:14,11543.5,SL,-1.0,-1000.0
2022-09-23,midnight,SHORT,11469.1,11456.9,2022-09-23 00:05,2022-09-23 00:25,11456.9,11474.1,11439.7,FIXED_1R,2022-09-23 01:05,11474.1,SL,-1.0,-1000.0
2022-09-26,midnight,LONG,11261.5,11258.4,2022-09-26 00:16,2022-09-26 00:18,11261.5,11253.4,11269.6,FIXED_1R,2022-09-26 00:32,11253.4,SL,-1.0,-1000.0
2022-09-28,midnight,SHORT,11165.1,11160.4,2022-09-28 00:02,2022-09-28 00:05,11160.4,11170.1,11150.7,FIXED_1R,2022-09-28 00:21,11170.1,SL,-1.0,-1000.0
2022-09-29,midnight,LONG,11481.7,11474.6,2022-09-29 00:24,2022-09-29 00:27,11481.7,11469.6,11493.8,FIXED_1R,2022-09-29 01:14,11469.6,SL,-1.0,-1000.0
2022-09-30,midnight,SHORT,11138.3,11134.5,2022-09-30 00:05,2022-09-30 00:07,11134.5,11143.3,11125.7,FIXED_1R,2022-09-30 00:11,11143.3,SL,-1.0,-1000.0
2022-10-03,midnight,SHORT,10930.9,10923.2,2022-10-03 00:06,2022-10-03 00:14,10923.2,10935.9,10910.5,FIXED_1R,2022-10-03 00:38,10910.5,TP,1.0,1000.0
2022-10-04,midnight,SHORT,11335.6,11332.4,2022-10-04 00:05,2022-10-04 00:23,11332.4,11340.6,11324.2,FIXED_1R,2022-10-04 00:33,11340.6,SL,-1.0,-1000.0
2022-10-06,midnight,SHORT,11630.8,11627.2,2022-10-06 00:01,2022-10-06 00:04,11627.2,11635.8,11618.6,FIXED_1R,2022-10-06 00:16,11618.6,TP,1.0,1000.0
2022-10-12,midnight,LONG,10839.2,10812.9,2022-10-12 00:03,2022-10-12 01:02,10839.2,10807.9,10870.5,FIXED_1R,2022-10-12 01:46,10870.5,TP,1.0,1000.0
2022-10-18,midnight,LONG,11253.8,11245.6,2022-10-18 00:02,2022-10-18 00:04,11253.8,11240.6,11267.0,FIXED_1R,2022-10-18 00:16,11267.0,TP,1.0,1000.0
2022-10-20,midnight,LONG,11025.4,10981.8,2022-10-20 00:18,2022-10-20 00:20,11025.4,10976.8,11074.0,FIXED_1R,2022-10-20 01:12,11074.0,TP,1.0,1000.0
2022-10-24,midnight,SHORT,11332.5,11328.2,2022-10-24 00:05,2022-10-24 00:10,11328.2,11337.5,11318.9,FIXED_1R,2022-10-24 00:17,11337.5,SL,-1.0,-1000.0
2022-10-25,midnight,LONG,11439.7,11435.1,2022-10-25 00:19,2022-10-25 00:22,11439.7,11430.1,11449.3,FIXED_1R,2022-10-25 01:07,11430.1,SL,-1.0,-1000.0
2022-10-28,midnight,SHORT,11112.9,11106.4,2022-10-28 00:20,2022-10-28 07:36,11106.4,11117.9,11094.9,FIXED_1R,2022-10-28 07:38,11094.9,TP,1.0,1000.0
2022-11-02,midnight,LONG,11337.8,11332.6,2022-11-02 00:28,2022-11-02 00:30,11337.8,11327.6,11348.0,FIXED_1R,2022-11-02 02:13,11327.6,SL,-1.0,-1000.0
2022-11-03,midnight,SHORT,10946.8,10943.2,2022-11-03 00:17,2022-11-03 00:20,10943.2,10951.8,10934.6,FIXED_1R,2022-11-03 00:41,10934.6,TP,1.0,1000.0
2022-11-04,midnight,LONG,10717.9,10711.6,2022-11-04 00:12,2022-11-04 00:16,10717.9,10706.6,10729.2,FIXED_1R,2022-11-04 00:40,10729.2,TP,1.0,1000.0
2022-11-08,midnight,SHORT,10967.6,10964.6,2022-11-08 00:00,2022-11-08 00:02,10964.6,10972.6,10956.6,FIXED_1R,2022-11-08 00:10,10956.6,TP,1.0,1000.0
2022-11-09,midnight,SHORT,11086.9,11081.2,2022-11-09 00:01,2022-11-09 00:04,11081.2,11091.9,11070.5,FIXED_1R,2022-11-09 00:06,11091.9,SL,-1.0,-1000.0
2022-11-10,midnight,LONG,10849.7,10845.4,2022-11-10 00:05,2022-11-10 00:07,10849.7,10840.4,10859.0,FIXED_1R,2022-11-10 01:01,10840.4,SL,-1.0,-1000.0
2022-11-11,midnight,SHORT,11619.5,11615.5,2022-11-11 00:00,2022-11-11 00:03,11615.5,11624.5,11606.5,FIXED_1R,2022-11-11 00:05,11624.5,SL,-1.0,-1000.0
2022-11-14,midnight,LONG,11759.6,11755.4,2022-11-14 00:15,2022-11-14 00:17,11759.6,11750.4,11768.8,FIXED_1R,2022-11-14 00:22,11750.4,SL,-1.0,-1000.0
2022-11-15,midnight,LONG,11773.1,11769.6,2022-11-15 00:02,2022-11-15 00:04,11773.1,11764.6,11781.6,FIXED_1R,2022-11-15 00:09,11781.6,TP,1.0,1000.0
2022-11-16,midnight,LONG,11839.9,11829.2,2022-11-16 00:07,2022-11-16 06:31,11839.9,11824.2,11855.6,FIXED_1R,2022-11-16 06:35,11855.6,TP,1.0,1000.0
2022-11-17,midnight,LONG,11716.7,11713.0,2022-11-17 00:03,2022-11-17 00:06,11716.7,11708.0,11725.4,FIXED_1R,2022-11-17 00:17,11725.4,TP,1.0,1000.0
2022-11-21,midnight,SHORT,11647.3,11643.5,2022-11-21 00:07,2022-11-21 00:09,11643.5,11652.3,11634.7,FIXED_1R,2022-11-21 00:59,11652.3,SL,-1.0,-1000.0
2022-11-22,midnight,SHORT,11564.0,11561.0,2022-11-22 00:25,2022-11-22 00:27,11561.0,11569.0,11553.0,FIXED_1R,2022-11-22 00:41,11553.0,TP,1.0,1000.0
2022-11-24,midnight,SHORT,11870.4,11867.4,2022-11-24 00:09,2022-11-24 00:36,11867.4,11875.4,11859.4,FIXED_1R,2022-11-24 01:09,11859.4,TP,1.0,1000.0
2022-12-01,midnight,SHORT,12049.6,12046.2,2022-12-01 00:18,2022-12-01 00:24,12046.2,12054.6,12037.8,FIXED_1R,2022-12-01 00:30,12054.6,SL,-1.0,-1000.0
2022-12-15,midnight,LONG,11738.5,11734.0,2022-12-15 00:10,2022-12-15 00:12,11738.5,11729.0,11748.0,FIXED_1R,2022-12-15 00:23,11748.0,TP,1.0,1000.0
2022-12-16,midnight,SHORT,11340.2,11336.7,2022-12-16 00:13,2022-12-16 00:17,11336.7,11345.2,11328.2,FIXED_1R,2022-12-16 00:22,11328.2,TP,1.0,1000.0
2022-12-19,midnight,SHORT,11248.6,11244.7,2022-12-19 00:11,2022-12-19 00:13,11244.7,11253.6,11235.8,FIXED_1R,2022-12-19 00:34,11235.8,TP,1.0,1000.0
2023-01-03,midnight,LONG,10948.7,10945.3,2023-01-03 00:12,2023-01-03 00:23,10948.7,10940.3,10957.1,FIXED_1R,2023-01-03 00:38,10957.1,TP,1.0,1000.0
2023-01-17,midnight,SHORT,11480.6,11477.6,2023-01-17 00:15,2023-01-17 00:21,11477.6,11485.6,11469.6,FIXED_1R,2023-01-17 00:26,11469.6,TP,1.0,1000.0
2023-02-03,midnight,LONG,12608.2,12603.0,2023-02-03 00:10,2023-02-03 00:55,12608.2,12598.0,12618.4,FIXED_1R,2023-02-03 01:02,12618.4,TP,1.0,1000.0
2023-02-06,midnight,SHORT,12503.7,12498.2,2023-02-06 00:24,2023-02-06 00:31,12498.2,12508.7,12487.7,FIXED_1R,2023-02-06 00:48,12508.7,SL,-1.0,-1000.0
2023-02-09,midnight,LONG,12537.8,12534.0,2023-02-09 00:02,2023-02-09 00:06,12537.8,12529.0,12546.6,FIXED_1R,2023-02-09 00:11,12546.6,TP,1.0,1000.0
2023-02-17,midnight,SHORT,12365.4,12361.7,2023-02-17 00:20,2023-02-17 00:30,12361.7,12370.4,12353.0,FIXED_1R,2023-02-17 01:22,12353.0,TP,1.0,1000.0
2023-02-20,midnight,SHORT,12357.5,12354.0,2023-02-20 00:02,2023-02-20 00:06,12354.0,12362.5,12345.5,FIXED_1R,2023-02-20 00:38,12362.5,SL,-1.0,-1000.0
2023-02-27,midnight,SHORT,11996.0,11990.2,2023-02-27 00:23,2023-02-27 00:39,11990.2,12001.0,11979.4,FIXED_1R,2023-02-27 02:08,12001.0,SL,-1.0,-1000.0
2023-02-28,midnight,SHORT,12075.3,12071.9,2023-02-28 00:09,2023-02-28 00:11,12071.9,12080.3,12063.5,FIXED_1R,2023-02-28 00:30,12063.5,TP,1.0,1000.0
2023-03-02,midnight,SHORT,11867.3,11862.5,2023-03-02 00:26,2023-03-02 00:28,11862.5,11872.3,11852.7,FIXED_1R,2023-03-02 01:21,11872.3,SL,-1.0,-1000.0
2023-03-09,midnight,LONG,12195.3,12191.9,2023-03-09 00:14,2023-03-09 00:16,12195.3,12186.9,12203.7,FIXED_1R,2023-03-09 00:34,12203.7,TP,1.0,1000.0
2023-03-10,midnight,LONG,11937.8,11934.3,2023-03-10 00:02,2023-03-10 00:14,11937.8,11929.3,11946.3,FIXED_1R,2023-03-10 00:30,11929.3,SL,-1.0,-1000.0
2023-03-16,midnight,LONG,12305.8,12301.6,2023-03-16 00:03,2023-03-16 00:07,12305.8,12296.6,12315.0,FIXED_1R,2023-03-16 00:54,12315.0,TP,1.0,1000.0
2023-03-17,midnight,LONG,12597.5,12592.2,2023-03-17 00:23,2023-03-17 00:26,12597.5,12587.2,12607.8,FIXED_1R,2023-03-17 01:13,12607.8,TP,1.0,1000.0
2023-04-03,midnight,LONG,13098.9,13095.8,2023-04-03 00:13,2023-04-03 00:15,13098.9,13090.8,13107.0,FIXED_1R,2023-04-03 00:17,13107.0,TP,1.0,1000.0
2023-04-27,midnight,LONG,12878.5,12874.6,2023-04-27 00:16,2023-04-27 00:18,12878.5,12869.6,12887.4,FIXED_1R,2023-04-27 00:54,12887.4,TP,1.0,1000.0
2023-04-28,midnight,LONG,13130.3,13126.0,2023-04-28 00:00,2023-04-28 00:02,13130.3,13121.0,13139.6,FIXED_1R,2023-04-28 01:32,13139.6,TP,1.0,1000.0
2023-06-01,midnight,LONG,14245.8,14242.1,2023-06-01 00:18,2023-06-01 00:21,14245.8,14237.1,14254.5,FIXED_1R,2023-06-01 01:10,14254.5,TP,1.0,1000.0
2023-06-08,midnight,SHORT,14277.1,14271.6,2023-06-08 00:04,2023-06-08 03:34,14271.6,14282.1,14261.1,FIXED_1R,2023-06-08 04:09,14282.1,SL,-1.0,-1000.0
2023-06-15,midnight,LONG,15005.6,15002.5,2023-06-15 00:16,2023-06-15 00:26,15005.6,14997.5,15013.7,FIXED_1R,2023-06-15 00:42,14997.5,SL,-1.0,-1000.0
2023-06-19,midnight,SHORT,15085.6,15082.1,2023-06-19 00:00,2023-06-19 00:03,15082.1,15090.6,15073.6,FIXED_1R,2023-06-19 01:31,15090.6,SL,-1.0,-1000.0
2023-07-07,midnight,SHORT,15087.3,15083.6,2023-07-07 00:01,2023-07-07 00:10,15083.6,15092.3,15074.9,FIXED_1R,2023-07-07 01:13,15092.3,SL,-1.0,-1000.0
2023-07-12,midnight,LONG,15144.0,15140.2,2023-07-12 00:19,2023-07-12 00:21,15144.0,15135.2,15152.8,FIXED_1R,2023-07-12 01:41,15135.2,SL,-1.0,-1000.0
2023-07-13,midnight,LONG,15373.3,15364.3,2023-07-13 00:13,2023-07-13 00:15,15373.3,15359.3,15387.3,FIXED_1R,2023-07-13 00:57,15359.3,SL,-1.0,-1000.0
2023-07-27,midnight,LONG,15595.2,15589.2,2023-07-27 00:02,2023-07-27 01:35,15595.2,15584.2,15606.2,FIXED_1R,2023-07-27 02:00,15606.2,TP,1.0,1000.0
2023-07-28,midnight,SHORT,15508.3,15489.7,2023-07-28 00:01,2023-07-28 00:24,15489.7,15513.3,15466.1,FIXED_1R,2023-07-28 00:37,15513.3,SL,-1.0,-1000.0
2023-08-03,midnight,SHORT,15386.2,15383.2,2023-08-03 00:10,2023-08-03 01:29,15383.2,15391.2,15375.2,FIXED_1R,2023-08-03 01:35,15375.2,TP,1.0,1000.0
2023-08-16,midnight,SHORT,15049.3,15046.3,2023-08-16 00:09,2023-08-16 00:12,15046.3,15054.3,15038.3,FIXED_1R,2023-08-16 00:29,15038.3,TP,1.0,1000.0
2023-08-18,midnight,LONG,14706.0,14703.0,2023-08-18 00:06,2023-08-18 00:08,14706.0,14698.0,14714.0,FIXED_1R,2023-08-18 00:53,14698.0,SL,-1.0,-1000.0
2023-08-28,midnight,LONG,14945.5,14942.5,2023-08-28 00:02,2023-08-28 00:04,14945.5,14937.5,14953.5,FIXED_1R,2023-08-28 01:36,14953.5,TP,1.0,1000.0
2023-09-08,midnight,SHORT,15270.2,15266.2,2023-09-08 00:01,2023-09-08 00:06,15266.2,15275.2,15257.2,FIXED_1R,2023-09-08 01:18,15275.2,SL,-1.0,-1000.0
2023-09-22,midnight,LONG,14731.1,14728.0,2023-09-22 00:06,2023-09-22 00:20,14731.1,14723.0,14739.2,FIXED_1R,2023-09-22 01:42,14739.2,TP,1.0,1000.0
2023-09-28,midnight,SHORT,14573.1,14567.2,2023-09-28 00:08,2023-09-28 00:36,14567.2,14578.1,14556.3,FIXED_1R,2023-09-28 00:48,14578.1,SL,-1.0,-1000.0
2023-10-03,midnight,SHORT,14814.3,14810.5,2023-10-03 00:22,2023-10-03 00:30,14810.5,14819.3,14801.7,FIXED_1R,2023-10-03 00:40,14819.3,SL,-1.0,-1000.0
2023-10-04,midnight,LONG,14521.2,14517.2,2023-10-04 00:20,2023-10-04 00:22,14521.2,14512.2,14530.2,FIXED_1R,2023-10-04 00:33,14530.2,TP,1.0,1000.0
2023-10-05,midnight,SHORT,14788.9,14783.9,2023-10-05 00:15,2023-10-05 00:17,14783.9,14793.9,14773.9,FIXED_1R,2023-10-05 01:03,14773.9,TP,1.0,1000.0
2023-11-13,midnight,LONG,15458.7,15455.3,2023-11-13 00:22,2023-11-13 00:25,15458.7,15450.3,15467.1,FIXED_1R,2023-11-13 00:48,15450.3,SL,-1.0,-1000.0
2023-11-16,midnight,LONG,15787.7,15784.6,2023-11-16 00:09,2023-11-16 00:27,15787.7,15779.6,15795.8,FIXED_1R,2023-11-16 00:36,15795.8,TP,1.0,1000.0
2023-12-15,midnight,SHORT,16561.9,16558.9,2023-12-15 00:21,2023-12-15 00:23,16558.9,16566.9,16550.9,FIXED_1R,2023-12-15 00:56,16566.9,SL,-1.0,-1000.0
2024-01-08,midnight,SHORT,16294.1,16290.8,2024-01-08 00:24,2024-01-08 00:26,16290.8,16299.1,16282.5,FIXED_1R,2024-01-08 00:39,16282.5,TP,1.0,1000.0
2024-01-11,midnight,SHORT,16856.7,16851.0,2024-01-11 00:23,2024-01-11 00:28,16851.0,16861.7,16840.3,FIXED_1R,2024-01-11 01:37,16861.7,SL,-1.0,-1000.0
2024-01-17,midnight,SHORT,16775.0,16771.8,2024-01-17 00:15,2024-01-17 00:18,16771.8,16780.0,16763.6,FIXED_1R,2024-01-17 00:49,16763.6,TP,1.0,1000.0
2024-02-02,midnight,LONG,17518.8,17515.8,2024-02-02 00:27,2024-02-02 00:31,17518.8,17510.8,17526.8,FIXED_1R,2024-02-02 01:00,17510.8,SL,-1.0,-1000.0
2024-02-05,midnight,SHORT,17590.8,17586.8,2024-02-05 00:05,2024-02-05 00:07,17586.8,17595.8,17577.8,FIXED_1R,2024-02-05 00:16,17595.8,SL,-1.0,-1000.0
2024-02-06,midnight,LONG,17657.2,17653.1,2024-02-06 00:01,2024-02-06 00:11,17657.2,17648.1,17666.3,FIXED_1R,2024-02-06 00:57,17648.1,SL,-1.0,-1000.0
2024-02-19,midnight,SHORT,17718.8,17715.5,2024-02-19 00:05,2024-02-19 00:15,17715.5,17723.8,17707.2,FIXED_1R,2024-02-19 00:41,17723.8,SL,-1.0,-1000.0
2024-02-21,midnight,SHORT,17493.1,17488.8,2024-02-21 00:21,2024-02-21 00:23,17488.8,17498.1,17479.5,FIXED_1R,2024-02-21 00:31,17498.1,SL,-1.0,-1000.0
2024-03-06,midnight,SHORT,17953.7,17950.4,2024-03-06 00:15,2024-03-06 00:17,17950.4,17958.7,17942.1,FIXED_1R,2024-03-06 01:06,17942.1,TP,1.0,1000.0
2024-03-11,midnight,SHORT,17972.9,17964.8,2024-03-11 00:00,2024-03-11 00:02,17964.8,17977.9,17951.7,FIXED_1R,2024-03-11 01:34,17977.9,SL,-1.0,-1000.0
2024-03-18,midnight,LONG,17894.44,17891.31,2024-03-18 00:11,2024-03-18 00:13,17894.44,17886.31,17902.57,FIXED_1R,2024-03-18 00:42,17902.57,TP,1.0,1000.0
2024-03-19,midnight,LONG,17948.99,17944.62,2024-03-19 00:05,2024-03-19 00:23,17948.99,17939.62,17958.36,FIXED_1R,2024-03-19 01:07,17939.62,SL,-1.0,-1000.0
2024-03-22,midnight,LONG,18327.74,18323.12,2024-03-22 00:00,2024-03-22 00:04,18327.74,18318.12,18337.36,FIXED_1R,2024-03-22 00:06,18337.36,TP,1.0,1000.0
2024-04-05,midnight,SHORT,17913.08,17909.58,2024-04-05 00:02,2024-04-05 00:04,17909.58,17918.08,17901.08,FIXED_1R,2024-04-05 00:50,17918.08,SL,-1.0,-1000.0
2024-04-19,midnight,LONG,17196.15,17188.4,2024-04-19 00:01,2024-04-19 01:19,17196.15,17183.4,17208.9,FIXED_1R,2024-04-19 01:20,17208.9,TP,1.0,1000.0
2024-06-24,midnight,SHORT,19699.67,19696.29,2024-06-24 00:19,2024-06-24 00:21,19696.29,19704.67,19687.91,FIXED_1R,2024-06-24 00:41,19704.67,SL,-1.0,-1000.0
2024-06-28,midnight,SHORT,19879.73,19876.35,2024-06-28 00:03,2024-06-28 02:17,19876.35,19884.73,19867.97,FIXED_1R,2024-06-28 02:41,19867.97,TP,1.0,1000.0
2024-07-18,midnight,SHORT,19865.46,19861.59,2024-07-18 00:16,2024-07-18 00:52,19861.59,19870.46,19852.72,FIXED_1R,2024-07-18 01:30,19870.46,SL,-1.0,-1000.0
2024-07-22,midnight,SHORT,19604.27,19597.9,2024-07-22 00:01,2024-07-22 00:03,19597.9,19609.27,19586.53,FIXED_1R,2024-07-22 00:04,19586.53,TP,1.0,1000.0
2024-07-23,midnight,LONG,19774.52,19768.77,2024-07-23 00:12,2024-07-23 00:15,19774.52,19763.77,19785.27,FIXED_1R,2024-07-23 00:40,19763.77,SL,-1.0,-1000.0
2024-07-24,midnight,SHORT,19628.26,19606.26,2024-07-24 00:13,2024-07-24 01:31,19606.26,19633.26,19579.26,FIXED_1R,2024-07-24 02:04,19579.26,TP,1.0,1000.0
2024-07-25,midnight,SHORT,19105.63,19102.38,2024-07-25 00:12,2024-07-25 00:14,19102.38,19110.63,19094.13,FIXED_1R,2024-07-25 00:17,19094.13,TP,1.0,1000.0
2024-07-26,midnight,LONG,18917.78,18912.53,2024-07-26 00:07,2024-07-26 00:09,18917.78,18907.53,18928.03,FIXED_1R,2024-07-26 00:27,18928.03,TP,1.0,1000.0
2024-07-30,midnight,LONG,18995.63,18987.76,2024-07-30 00:03,2024-07-30 10:35,18995.63,18982.76,19008.5,FIXED_1R,2024-07-30 10:35,18982.76,SL,-1.0,-1000.0
2024-07-31,midnight,SHORT,18988.33,18969.2,2024-07-31 00:01,2024-07-31 00:20,18969.2,18993.33,18945.07,FIXED_1R,2024-07-31 01:36,18993.33,SL,-1.0,-1000.0
2024-08-02,midnight,LONG,18646.55,18643.55,2024-08-02 00:22,2024-08-02 00:26,18646.55,18638.55,18654.55,FIXED_1R,2024-08-02 00:28,18638.55,SL,-1.0,-1000.0
2024-08-05,midnight,LONG,17920.5,17915.5,2024-08-05 00:00,2024-08-05 00:02,17920.5,17910.5,17930.5,FIXED_1R,2024-08-05 00:03,17910.5,SL,-1.0,-1000.0
2024-08-06,midnight,LONG,18281.4,18278.0,2024-08-06 00:23,2024-08-06 00:25,18281.4,18273.0,18289.8,FIXED_1R,2024-08-06 00:26,18289.8,TP,1.0,1000.0
2024-08-07,midnight,SHORT,18299.5,18289.7,2024-08-07 00:16,2024-08-07 00:22,18289.7,18304.5,18274.9,FIXED_1R,2024-08-07 00:24,18274.9,TP,1.0,1000.0
2024-08-08,midnight,SHORT,17901.7,17891.2,2024-08-08 00:04,2024-08-08 00:07,17891.2,17906.7,17875.7,FIXED_1R,2024-08-08 00:10,17906.7,SL,-1.0,-1000.0
2024-08-09,midnight,LONG,18468.0,18460.3,2024-08-09 00:06,2024-08-09 00:29,18468.0,18455.3,18480.7,FIXED_1R,2024-08-09 00:31,18455.3,SL,-1.0,-1000.0
2024-08-16,midnight,SHORT,19527.8,19523.5,2024-08-16 00:14,2024-08-16 00:18,19523.5,19532.8,19514.2,FIXED_1R,2024-08-16 01:07,19532.8,SL,-1.0,-1000.0
2024-08-20,midnight,LONG,19789.1,19784.9,2024-08-20 00:11,2024-08-20 00:13,19789.1,19779.9,19798.3,FIXED_1R,2024-08-20 00:21,19798.3,TP,1.0,1000.0
2024-08-23,midnight,LONG,19598.2,19592.2,2024-08-23 00:01,2024-08-23 02:26,19598.2,19587.2,19609.2,FIXED_1R,2024-08-23 02:36,19609.2,TP,1.0,1000.0
2024-08-26,midnight,LONG,19692.6,19688.8,2024-08-26 00:01,2024-08-26 00:03,19692.6,19683.8,19701.4,FIXED_1R,2024-08-26 00:06,19683.8,SL,-1.0,-1000.0
2024-08-28,midnight,LONG,19561.9,19558.1,2024-08-28 00:28,2024-08-28 00:31,19561.9,19553.1,19570.7,FIXED_1R,2024-08-28 01:07,19553.1,SL,-1.0,-1000.0
2024-08-29,midnight,LONG,19217.0,19213.2,2024-08-29 00:00,2024-08-29 00:03,19217.0,19208.2,19225.8,FIXED_1R,2024-08-29 00:15,19225.8,TP,1.0,1000.0
2024-08-30,midnight,SHORT,19392.58,19388.08,2024-08-30 00:01,2024-08-30 00:05,19388.08,19397.58,19378.58,FIXED_1R,2024-08-30 00:17,19378.58,TP,1.0,1000.0
2024-09-02,midnight,SHORT,19533.4,19529.4,2024-09-02 00:10,2024-09-02 00:17,19529.4,19538.4,19520.4,FIXED_1R,2024-09-02 01:03,19538.4,SL,-1.0,-1000.0
2024-09-04,midnight,LONG,18841.97,18837.97,2024-09-04 00:00,2024-09-04 00:15,18841.97,18832.97,18850.97,FIXED_1R,2024-09-04 00:23,18832.97,SL,-1.0,-1000.0
2024-09-06,midnight,LONG,18837.2,18828.58,2024-09-06 00:10,2024-09-06 00:13,18837.2,18823.58,18850.82,FIXED_1R,2024-09-06 00:23,18850.82,TP,1.0,1000.0
2024-09-09,midnight,LONG,18517.35,18513.98,2024-09-09 00:08,2024-09-09 01:44,18517.35,18508.98,18525.72,FIXED_1R,2024-09-09 01:58,18525.72,TP,1.0,1000.0
2024-09-10,midnight,LONG,18630.75,18626.63,2024-09-10 00:03,2024-09-10 00:05,18630.75,18621.63,18639.87,FIXED_1R,2024-09-10 00:26,18621.63,SL,-1.0,-1000.0
2024-09-11,midnight,SHORT,18723.06,18718.19,2024-09-11 00:04,2024-09-11 00:06,18718.19,18728.06,18708.32,FIXED_1R,2024-09-11 00:11,18708.32,TP,1.0,1000.0
2024-09-20,midnight,SHORT,19818.09,19814.84,2024-09-20 00:15,2024-09-20 00:21,19814.84,19823.09,19806.59,FIXED_1R,2024-09-20 00:31,19823.09,SL,-1.0,-1000.0
2024-09-26,midnight,LONG,20142.91,20139.91,2024-09-26 00:06,2024-09-26 10:28,20142.91,20134.91,20150.91,FIXED_1R,2024-09-26 10:28,20134.91,SL,-1.0,-1000.0
2024-09-27,midnight,LONG,20109.49,20106.49,2024-09-27 00:05,2024-09-27 00:20,20109.49,20101.49,20117.49,FIXED_1R,2024-09-27 00:36,20117.49,TP,1.0,1000.0
2024-09-30,midnight,SHORT,20004.55,20001.3,2024-09-30 00:28,2024-09-30 03:05,20001.3,20009.55,19993.05,FIXED_1R,2024-09-30 03:08,20009.55,SL,-1.0,-1000.0
2024-10-01,midnight,SHORT,20076.04,20072.54,2024-10-01 00:01,2024-10-01 00:03,20072.54,20081.04,20064.04,FIXED_1R,2024-10-01 00:14,20064.04,TP,1.0,1000.0
2024-10-16,midnight,SHORT,20448.58,20225.61,2024-10-16 00:00,2024-10-16 00:04,20225.61,20453.58,19997.64,FIXED_1R,2024-10-16 23:59,20148.09,EOD,0.34,340.04
2024-10-17,midnight,SHORT,20148.09,20132.84,2024-10-17 00:09,2024-10-17 01:10,20132.84,20153.09,20112.59,FIXED_1R,2024-10-17 02:10,20153.09,SL,-1.0,-1000.0
2024-10-23,midnight,SHORT,20379.9,20368.77,2024-10-23 00:12,2024-10-23 01:12,20368.77,20384.9,20352.64,FIXED_1R,2024-10-23 05:14,20352.64,TP,1.0,1000.0
2024-11-04,midnight,SHORT,20123.47,20111.35,2024-11-04 00:07,2024-11-04 00:09,20111.35,20128.47,20094.23,FIXED_1R,2024-11-04 01:08,20128.47,SL,-1.0,-1000.0
2024-11-05,midnight,SHORT,19991.99,19985.62,2024-11-05 00:05,2024-11-05 00:07,19985.62,19996.99,19974.25,FIXED_1R,2024-11-05 01:14,19996.99,SL,-1.0,-1000.0
2024-11-12,midnight,SHORT,21124.85,21110.1,2024-11-12 00:28,2024-11-12 00:30,21110.1,21129.85,21090.35,FIXED_1R,2024-11-12 05:28,21090.35,TP,1.0,1000.0
2024-11-20,midnight,SHORT,20731.04,20727.17,2024-11-20 00:03,2024-11-20 00:05,20727.17,20736.04,20718.3,FIXED_1R,2024-11-20 00:48,20718.3,TP,1.0,1000.0
2024-12-05,midnight,LONG,21475.9,21470.15,2024-12-05 00:03,2024-12-05 00:05,21475.9,21465.15,21486.65,FIXED_1R,2024-12-05 02:03,21465.15,SL,-1.0,-1000.0
2024-12-06,midnight,LONG,21433.58,21427.21,2024-12-06 00:03,2024-12-06 05:04,21433.58,21422.21,21444.95,FIXED_1R,2024-12-06 08:03,21444.95,TP,1.0,1000.0
2024-12-16,midnight,SHORT,21799.99,21793.99,2024-12-16 00:10,2024-12-16 02:10,21793.99,21804.99,21782.99,FIXED_1R,2024-12-16 04:10,21804.99,SL,-1.0,-1000.0
2025-01-07,midnight,SHORT,21483.76,21478.26,2025-01-07 00:07,2025-01-07 00:09,21478.26,21488.76,21467.76,FIXED_1R,2025-01-07 03:03,21488.76,SL,-1.0,-1000.0
2025-01-09,midnight,LONG,21079.24,21075.62,2025-01-09 00:04,2025-01-09 00:27,21079.24,21070.62,21087.86,FIXED_1R,2025-01-09 00:45,21087.86,TP,1.0,1000.0
2025-01-10,midnight,LONG,21076.23,21071.61,2025-01-10 00:05,2025-01-10 00:14,21076.23,21066.61,21085.85,FIXED_1R,2025-01-10 00:28,21085.85,TP,1.0,1000.0
2025-01-13,midnight,SHORT,20670.95,20664.58,2025-01-13 00:28,2025-01-13 00:42,20664.58,20675.95,20653.21,FIXED_1R,2025-01-13 00:53,20675.95,SL,-1.0,-1000.0
2025-01-27,midnight,SHORT,21337.37,21334.24,2025-01-27 00:03,2025-01-27 00:05,21334.24,21342.37,21326.11,FIXED_1R,2025-01-27 00:06,21326.11,TP,1.0,1000.0
2025-01-28,midnight,SHORT,21136.71,21132.46,2025-01-28 00:07,2025-01-28 00:09,21132.46,21141.71,21123.21,FIXED_1R,2025-01-28 00:14,21123.21,TP,1.0,1000.0
2025-01-29,midnight,LONG,21442.05,21438.8,2025-01-29 00:16,2025-01-29 00:21,21442.05,21433.8,21450.3,FIXED_1R,2025-01-29 00:32,21433.8,SL,-1.0,-1000.0
2025-02-03,midnight,SHORT,20876.49,20867.86,2025-02-03 00:00,2025-02-03 00:02,20867.86,20881.49,20854.23,FIXED_1R,2025-02-03 00:10,20881.49,SL,-1.0,-1000.0
2025-02-04,midnight,SHORT,21295.68,21265.18,2025-02-04 00:04,2025-02-04 00:51,21265.18,21300.68,21229.68,FIXED_1R,2025-02-04 00:56,21229.68,TP,1.0,1000.0
2025-02-05,midnight,SHORT,21429.16,21425.41,2025-02-05 00:06,2025-02-05 00:08,21425.41,21434.16,21416.66,FIXED_1R,2025-02-05 00:26,21416.66,TP,1.0,1000.0
2025-02-06,midnight,LONG,21683.51,21680.26,2025-02-06 00:13,2025-02-06 00:15,21683.51,21675.26,21691.76,FIXED_1R,2025-02-06 00:21,21691.76,TP,1.0,1000.0
2025-02-10,midnight,LONG,21576.85,21572.73,2025-02-10 00:05,2025-02-10 01:30,21576.85,21567.73,21585.97,FIXED_1R,2025-02-10 01:34,21567.73,SL,-1.0,-1000.0
2025-02-17,midnight,LONG,22196.4,22190.9,2025-02-17 00:15,2025-02-17 00:17,22196.4,22185.9,22206.9,FIXED_1R,2025-02-17 00:35,22185.9,SL,-1.0,-1000.0
2025-02-21,midnight,LONG,22056.3,22052.9,2025-02-21 00:16,2025-02-21 00:20,22056.3,22047.9,22064.7,FIXED_1R,2025-02-21 01:07,22064.7,TP,1.0,1000.0
2025-02-26,midnight,LONG,21202.3,21198.7,2025-02-26 00:22,2025-02-26 00:31,21202.3,21193.7,21210.9,FIXED_1R,2025-02-26 00:40,21210.9,TP,1.0,1000.0
2025-02-27,midnight,LONG,21114.3,21109.5,2025-02-27 00:03,2025-02-27 09:44,21114.3,21104.5,21124.1,FIXED_1R,2025-02-27 09:45,21124.1,TP,1.0,1000.0
2025-02-28,midnight,LONG,20572.1,20567.2,2025-02-28 00:00,2025-02-28 00:25,20572.1,20562.2,20582.0,FIXED_1R,2025-02-28 00:30,20562.2,SL,-1.0,-1000.0
2025-03-03,midnight,LONG,20912.0,20908.7,2025-03-03 00:00,2025-03-03 00:02,20912.0,20903.7,20920.3,FIXED_1R,2025-03-03 00:08,20903.7,SL,-1.0,-1000.0
2025-03-04,midnight,LONG,20513.5,20507.0,2025-03-04 00:03,2025-03-04 00:05,20513.5,20502.0,20525.0,FIXED_1R,2025-03-04 00:06,20525.0,TP,1.0,1000.0
2025-03-05,midnight,LONG,20503.5,20499.0,2025-03-05 00:02,2025-03-05 00:04,20503.5,20494.0,20513.0,FIXED_1R,2025-03-05 00:15,20494.0,SL,-1.0,-1000.0
2025-03-06,midnight,LONG,20602.0,20597.9,2025-03-06 00:14,2025-03-06 00:20,20602.0,20592.9,20611.1,FIXED_1R,2025-03-06 00:30,20592.9,SL,-1.0,-1000.0
2025-03-07,midnight,LONG,20140.6,20133.5,2025-03-07 00:18,2025-03-07 00:21,20140.6,20128.5,20152.7,FIXED_1R,2025-03-07 00:24,20128.5,SL,-1.0,-1000.0
2025-03-10,midnight,LONG,20098.9,20095.4,2025-03-10 00:09,2025-03-10 00:35,20098.9,20090.4,20107.4,FIXED_1R,2025-03-10 00:36,20090.4,SL,-1.0,-1000.0
2025-03-11,midnight,SHORT,19402.8,19396.7,2025-03-11 00:00,2025-03-11 00:04,19396.7,19407.8,19385.6,FIXED_1R,2025-03-11 00:05,19385.6,TP,1.0,1000.0
2025-03-12,midnight,SHORT,19422.1,19417.2,2025-03-12 00:04,2025-03-12 00:06,19417.2,19427.1,19407.3,FIXED_1R,2025-03-12 00:15,19427.1,SL,-1.0,-1000.0
2025-03-13,midnight,LONG,19496.0,19493.0,2025-03-13 00:01,2025-03-13 00:03,19496.0,19488.0,19504.0,FIXED_1R,2025-03-13 00:05,19504.0,TP,1.0,1000.0
2025-03-14,midnight,SHORT,19425.1,19421.9,2025-03-14 00:25,2025-03-14 01:15,19421.9,19430.1,19413.7,FIXED_1R,2025-03-14 01:21,19413.7,TP,1.0,1000.0
2025-03-19,midnight,SHORT,19527.55,19524.55,2025-03-19 00:16,2025-03-19 00:18,19524.55,19532.55,19516.55,FIXED_1R,2025-03-19 00:40,19516.55,TP,1.0,1000.0
2025-03-24,midnight,SHORT,19899.6,19894.45,2025-03-24 00:00,2025-03-24 00:02,19894.45,19904.6,19884.3,FIXED_1R,2025-03-24 00:33,19904.6,SL,-1.0,-1000.0
2025-03-27,midnight,SHORT,19942.55,19937.45,2025-03-27 00:11,2025-03-27 01:38,19937.45,19947.55,19927.35,FIXED_1R,2025-03-27 01:49,19927.35,TP,1.0,1000.0
2025-03-28,midnight,SHORT,19784.25,19778.9,2025-03-28 00:06,2025-03-28 00:08,19778.9,19789.25,19768.55,FIXED_1R,2025-03-28 01:04,19789.25,SL,-1.0,-1000.0
2025-03-31,midnight,LONG,19016.05,19012.55,2025-03-31 00:28,2025-03-31 00:31,19016.05,19007.55,19024.55,FIXED_1R,2025-03-31 00:33,19024.55,TP,1.0,1000.0
2025-04-01,midnight,SHORT,19182.0,19171.05,2025-04-01 00:00,2025-04-01 00:08,19171.05,19187.0,19155.1,FIXED_1R,2025-04-01 00:55,19187.0,SL,-1.0,-1000.0
2025-04-03,midnight,LONG,18939.0,18928.9,2025-04-03 00:00,2025-04-03 00:09,18939.0,18923.9,18954.1,FIXED_1R,2025-04-03 00:10,18954.1,TP,1.0,1000.0
2025-04-04,midnight,LONG,18383.05,18378.65,2025-04-04 00:28,2025-04-04 00:30,18383.05,18373.65,18392.45,FIXED_1R,2025-04-04 00:34,18373.65,SL,-1.0,-1000.0
2025-04-07,midnight,LONG,16686.8,16681.15,2025-04-07 00:01,2025-04-07 00:06,16686.8,16676.15,16697.45,FIXED_1R,2025-04-07 00:07,16697.45,TP,1.0,1000.0
2025-04-08,midnight,SHORT,17630.55,17626.15,2025-04-08 00:03,2025-04-08 00:05,17626.15,17635.55,17616.75,FIXED_1R,2025-04-08 00:07,17616.75,TP,1.0,1000.0
2025-04-09,midnight,LONG,16820.5,16794.15,2025-04-09 00:01,2025-04-09 00:03,16820.5,16789.15,16851.85,FIXED_1R,2025-04-09 00:06,16789.15,SL,-1.0,-1000.0
2025-04-10,midnight,SHORT,18861.15,18858.05,2025-04-10 00:01,2025-04-10 00:03,18858.05,18866.15,18849.95,FIXED_1R,2025-04-10 00:06,18866.15,SL,-1.0,-1000.0
2025-04-11,midnight,LONG,18366.15,18362.7,2025-04-11 00:05,2025-04-11 00:22,18366.15,18357.7,18374.6,FIXED_1R,2025-04-11 00:23,18374.6,TP,1.0,1000.0
2025-04-14,midnight,LONG,18931.05,18923.05,2025-04-14 00:12,2025-04-14 00:14,18931.05,18918.05,18944.05,FIXED_1R,2025-04-14 00:20,18944.05,TP,1.0,1000.0
2025-04-21,midnight,LONG,18118.25,18111.05,2025-04-21 00:09,2025-04-21 00:11,18118.25,18106.05,18130.45,FIXED_1R,2025-04-21 00:21,18106.05,SL,-1.0,-1000.0
2025-04-23,midnight,LONG,18597.1,18586.85,2025-04-23 00:01,2025-04-23 00:05,18597.1,18581.85,18612.35,FIXED_1R,2025-04-23 00:33,18612.35,TP,1.0,1000.0
2025-04-24,midnight,SHORT,18641.25,18636.65,2025-04-24 00:06,2025-04-24 00:08,18636.65,18646.25,18627.05,FIXED_1R,2025-04-24 00:11,18627.05,TP,1.0,1000.0
2025-04-25,midnight,SHORT,19329.9,19326.75,2025-04-25 00:00,2025-04-25 00:04,19326.75,19334.9,19318.6,FIXED_1R,2025-04-25 00:05,19334.9,SL,-1.0,-1000.0
2025-04-28,midnight,LONG,19313.95,19306.6,2025-04-28 00:28,2025-04-28 00:33,19313.95,19301.6,19326.3,FIXED_1R,2025-04-28 00:58,19301.6,SL,-1.0,-1000.0
2025-04-29,midnight,SHORT,19468.6,19465.4,2025-04-29 00:00,2025-04-29 00:02,19465.4,19473.6,19457.2,FIXED_1R,2025-04-29 00:12,19457.2,TP,1.0,1000.0
2025-04-30,midnight,SHORT,19415.4,19409.9,2025-04-30 00:05,2025-04-30 00:07,19409.9,19420.4,19399.4,FIXED_1R,2025-04-30 00:17,19420.4,SL,-1.0,-1000.0
2025-05-01,midnight,SHORT,19860.8,19857.3,2025-05-01 00:08,2025-05-01 00:11,19857.3,19865.8,19848.8,FIXED_1R,2025-05-01 00:16,19848.8,TP,1.0,1000.0
2025-05-02,midnight,LONG,19885.8,19882.6,2025-05-02 00:04,2025-05-02 00:06,19885.8,19877.6,19894.0,FIXED_1R,2025-05-02 00:08,19894.0,TP,1.0,1000.0
2025-05-05,midnight,SHORT,19953.7,19943.9,2025-05-05 00:06,2025-05-05 00:13,19943.9,19958.7,19929.1,FIXED_1R,2025-05-05 01:01,19958.7,SL,-1.0,-1000.0
2025-05-06,midnight,SHORT,19894.45,19887.95,2025-05-06 00:09,2025-05-06 00:11,19887.95,19899.45,19876.45,FIXED_1R,2025-05-06 00:27,19876.45,TP,1.0,1000.0
2025-05-07,midnight,LONG,19926.25,19918.3,2025-05-07 00:08,2025-05-07 00:10,19926.25,19913.3,19939.2,FIXED_1R,2025-05-07 00:13,19939.2,TP,1.0,1000.0
2025-05-08,midnight,SHORT,20079.05,20075.55,2025-05-08 00:00,2025-05-08 00:02,20075.55,20084.05,20067.05,FIXED_1R,2025-05-08 00:07,20084.05,SL,-1.0,-1000.0
2025-05-13,midnight,LONG,20760.2,20756.85,2025-05-13 00:19,2025-05-13 00:26,20760.2,20751.85,20768.55,FIXED_1R,2025-05-13 00:30,20751.85,SL,-1.0,-1000.0
2025-05-16,midnight,LONG,21323.05,21318.9,2025-05-16 00:00,2025-05-16 00:06,21323.05,21313.9,21332.2,FIXED_1R,2025-05-16 00:53,21313.9,SL,-1.0,-1000.0
2025-05-20,midnight,LONG,21352.25,21348.3,2025-05-20 00:16,2025-05-20 00:18,21352.25,21343.3,21361.2,FIXED_1R,2025-05-20 00:53,21361.2,TP,1.0,1000.0
2025-05-23,midnight,SHORT,21103.25,21098.2,2025-05-23 00:25,2025-05-23 00:27,21098.2,21108.25,21088.15,FIXED_1R,2025-05-23 00:39,21088.15,TP,1.0,1000.0
2025-05-26,midnight,LONG,21150.7,21147.5,2025-05-26 00:18,2025-05-26 00:20,21150.7,21142.5,21158.9,FIXED_1R,2025-05-26 00:37,21158.9,TP,1.0,1000.0
2025-05-27,midnight,LONG,21104.4,21100.35,2025-05-27 00:06,2025-05-27 00:15,21104.4,21095.35,21113.45,FIXED_1R,2025-05-27 00:27,21113.45,TP,1.0,1000.0
2025-05-29,midnight,LONG,21734.4,21730.35,2025-05-29 00:00,2025-05-29 00:02,21734.4,21725.35,21743.45,FIXED_1R,2025-05-29 00:10,21743.45,TP,1.0,1000.0
2025-05-30,midnight,LONG,21294.1,21290.05,2025-05-30 00:06,2025-05-30 00:08,21294.1,21285.05,21303.15,FIXED_1R,2025-05-30 00:16,21303.15,TP,1.0,1000.0
2025-06-02,midnight,LONG,21197.0,21192.95,2025-06-02 00:14,2025-06-02 00:17,21197.0,21187.95,21206.05,FIXED_1R,2025-06-02 00:23,21206.05,TP,1.0,1000.0
2025-06-03,midnight,SHORT,21416.35,21413.3,2025-06-03 00:17,2025-06-03 00:20,21413.3,21421.35,21405.25,FIXED_1R,2025-06-03 00:27,21405.25,TP,1.0,1000.0
2025-06-04,midnight,LONG,21644.5,21636.75,2025-06-04 00:11,2025-06-04 00:35,21644.5,21631.75,21657.25,FIXED_1R,2025-06-04 02:00,21657.25,TP,1.0,1000.0
2025-06-09,midnight,LONG,21714.15,21710.7,2025-06-09 00:03,2025-06-09 00:05,21714.15,21705.7,21722.6,FIXED_1R,2025-06-09 00:28,21705.7,SL,-1.0,-1000.0
2025-06-11,midnight,SHORT,21886.2,21882.7,2025-06-11 00:21,2025-06-11 03:04,21882.7,21891.2,21874.2,FIXED_1R,2025-06-11 03:09,21874.2,TP,1.0,1000.0
2025-06-12,midnight,LONG,21792.05,21787.6,2025-06-12 00:01,2025-06-12 00:09,21792.05,21782.6,21801.5,FIXED_1R,2025-06-12 00:37,21782.6,SL,-1.0,-1000.0
2025-06-13,midnight,SHORT,21542.75,21531.7,2025-06-13 00:01,2025-06-13 00:03,21531.7,21547.75,21515.65,FIXED_1R,2025-06-13 00:11,21515.65,TP,1.0,1000.0
2025-06-16,midnight,SHORT,21682.7,21678.8,2025-06-16 00:15,2025-06-16 00:17,21678.8,21687.7,21669.9,FIXED_1R,2025-06-16 00:24,21669.9,TP,1.0,1000.0
2025-06-17,midnight,SHORT,21849.9,21844.2,2025-06-17 00:10,2025-06-17 00:14,21844.2,21854.9,21833.5,FIXED_1R,2025-06-17 00:30,21833.5,TP,1.0,1000.0
2025-06-18,midnight,LONG,21745.1,21742.0,2025-06-18 00:06,2025-06-18 00:08,21745.1,21737.0,21753.2,FIXED_1R,2025-06-18 00:21,21737.0,SL,-1.0,-1000.0
2025-06-19,midnight,LONG,21660.1,21656.6,2025-06-19 00:13,2025-06-19 00:15,21660.1,21651.6,21668.6,FIXED_1R,2025-06-19 00:25,21651.6,SL,-1.0,-1000.0
2025-06-20,midnight,LONG,21672.1,21669.1,2025-06-20 00:16,2025-06-20 00:18,21672.1,21664.1,21680.1,FIXED_1R,2025-06-20 00:46,21680.1,TP,1.0,1000.0
2025-06-24,midnight,SHORT,22022.4,22016.2,2025-06-24 00:12,2025-06-24 00:14,22016.2,22027.4,22005.0,FIXED_1R,2025-06-24 00:16,22005.0,TP,1.0,1000.0
2025-06-30,midnight,SHORT,22659.8,22656.8,2025-06-30 00:11,2025-06-30 00:13,22656.8,22664.8,22648.8,FIXED_1R,2025-06-30 00:39,22664.8,SL,-1.0,-1000.0
2025-07-01,midnight,SHORT,22663.0,22658.1,2025-07-01 00:15,2025-07-01 00:17,22658.1,22668.0,22648.2,FIXED_1R,2025-07-01 00:46,22648.2,TP,1.0,1000.0
2025-07-02,midnight,LONG,22539.8,22536.6,2025-07-02 00:19,2025-07-02 01:28,22539.8,22531.6,22548.0,FIXED_1R,2025-07-02 01:35,22548.0,TP,1.0,1000.0
2025-07-07,midnight,LONG,22782.4,22779.4,2025-07-07 00:07,2025-07-07 00:09,22782.4,22774.4,22790.4,FIXED_1R,2025-07-07 00:12,22774.4,SL,-1.0,-1000.0
2025-07-08,midnight,LONG,22725.2,22721.2,2025-07-08 00:06,2025-07-08 00:08,22725.2,22716.2,22734.2,FIXED_1R,2025-07-08 00:50,22716.2,SL,-1.0,-1000.0
2025-07-16,midnight,LONG,22849.0,22845.0,2025-07-16 00:02,2025-07-16 00:46,22849.0,22840.0,22858.0,FIXED_1R,2025-07-16 01:00,22858.0,TP,1.0,1000.0
2025-09-11,midnight,SHORT,23869.3,23865.3,2025-09-11 00:21,2025-09-11 01:26,23865.3,23874.3,23856.3,FIXED_1R,2025-09-11 01:54,23856.3,TP,1.0,1000.0
2025-09-19,midnight,SHORT,24465.0,24461.4,2025-09-19 00:01,2025-09-19 00:06,24461.4,24470.0,24452.8,FIXED_1R,2025-09-19 00:10,24452.8,TP,1.0,1000.0
2025-09-26,midnight,LONG,24367.6,24364.1,2025-09-26 00:09,2025-09-26 00:31,24367.6,24359.1,24376.1,FIXED_1R,2025-09-26 00:54,24359.1,SL,-1.0,-1000.0
2025-09-29,midnight,LONG,24597.8,24594.4,2025-09-29 00:05,2025-09-29 00:08,24597.8,24589.4,24606.2,FIXED_1R,2025-09-29 00:25,24606.2,TP,1.0,1000.0
2025-09-30,midnight,SHORT,24616.3,24613.0,2025-09-30 00:27,2025-09-30 01:25,24613.0,24621.3,24604.7,FIXED_1R,2025-09-30 01:42,24604.7,TP,1.0,1000.0
2025-10-02,midnight,LONG,24852.9,24848.2,2025-10-02 00:07,2025-10-02 00:10,24852.9,24843.2,24862.6,FIXED_1R,2025-10-02 00:22,24843.2,SL,-1.0,-1000.0
2025-10-06,midnight,SHORT,24884.0,24879.1,2025-10-06 00:00,2025-10-06 00:08,24879.1,24889.0,24869.2,FIXED_1R,2025-10-06 00:20,24889.0,SL,-1.0,-1000.0
2025-10-07,midnight,LONG,24968.3,24962.9,2025-10-07 00:10,2025-10-07 00:13,24968.3,24957.9,24978.7,FIXED_1R,2025-10-07 01:38,24978.7,TP,1.0,1000.0
2025-10-09,midnight,LONG,25137.9,25134.7,2025-10-09 00:24,2025-10-09 00:28,25137.9,25129.7,25146.1,FIXED_1R,2025-10-09 00:36,25129.7,SL,-1.0,-1000.0
2025-10-10,midnight,LONG,25134.2,25130.8,2025-10-10 00:23,2025-10-10 00:33,25134.2,25125.8,25142.6,FIXED_1R,2025-10-10 00:52,25125.8,SL,-1.0,-1000.0
2025-10-13,midnight,LONG,24608.7,24604.7,2025-10-13 00:00,2025-10-13 00:04,24608.7,24599.7,24617.7,FIXED_1R,2025-10-13 00:06,24599.7,SL,-1.0,-1000.0
2025-10-14,midnight,SHORT,24723.3,24715.5,2025-10-14 00:03,2025-10-14 00:05,24715.5,24728.3,24702.7,FIXED_1R,2025-10-14 00:07,24702.7,TP,1.0,1000.0
2025-10-15,midnight,LONG,24657.6,24652.6,2025-10-15 00:27,2025-10-15 00:29,24657.6,24647.6,24667.6,FIXED_1R,2025-10-15 00:45,24667.6,TP,1.0,1000.0
2025-10-17,midnight,SHORT,24560.5,24552.6,2025-10-17 00:17,2025-10-17 00:19,24552.6,24565.5,24539.7,FIXED_1R,2025-10-17 00:22,24565.5,SL,-1.0,-1000.0
2025-10-20,midnight,LONG,24938.7,24935.5,2025-10-20 00:04,2025-10-20 00:08,24938.7,24930.5,24946.9,FIXED_1R,2025-10-20 00:12,24930.5,SL,-1.0,-1000.0
2025-10-22,midnight,LONG,25145.9,25139.4,2025-10-22 00:04,2025-10-22 01:26,25145.9,25134.4,25157.4,FIXED_1R,2025-10-22 02:00,25134.4,SL,-1.0,-1000.0
2025-10-23,midnight,LONG,24936.4,24931.5,2025-10-23 00:00,2025-10-23 00:02,24936.4,24926.5,24946.3,FIXED_1R,2025-10-23 00:09,24926.5,SL,-1.0,-1000.0
2025-10-24,midnight,LONG,25176.2,25172.9,2025-10-24 00:12,2025-10-24 00:15,25176.2,25167.9,25184.5,FIXED_1R,2025-10-24 01:20,25184.5,TP,1.0,1000.0
2025-10-28,midnight,SHORT,25828.4,25825.1,2025-10-28 00:19,2025-10-28 00:21,25825.1,25833.4,25816.8,FIXED_1R,2025-10-28 00:54,25816.8,TP,1.0,1000.0
2025-10-29,midnight,SHORT,26095.4,26092.2,2025-10-29 00:03,2025-10-29 00:05,26092.2,26100.4,26084.0,FIXED_1R,2025-10-29 00:10,26084.0,TP,1.0,1000.0
2025-10-30,midnight,SHORT,26236.3,26232.6,2025-10-30 00:01,2025-10-30 00:03,26232.6,26241.3,26223.9,FIXED_1R,2025-10-30 00:04,26223.9,TP,1.0,1000.0
2025-10-31,midnight,SHORT,26066.8,26063.2,2025-10-31 00:21,2025-10-31 00:25,26063.2,26071.8,26054.6,FIXED_1R,2025-10-31 00:46,26054.6,TP,1.0,1000.0
2025-11-03,midnight,SHORT,25942.3,25932.5,2025-11-03 00:17,2025-11-03 00:25,25932.5,25947.3,25917.7,FIXED_1R,2025-11-03 00:37,25947.3,SL,-1.0,-1000.0
2025-11-04,midnight,SHORT,25770.1,25763.1,2025-11-04 00:21,2025-11-04 00:23,25763.1,25775.1,25751.1,FIXED_1R,2025-11-04 00:26,25751.1,TP,1.0,1000.0
2025-11-05,midnight,LONG,25347.1,25343.1,2025-11-05 00:02,2025-11-05 00:04,25347.1,25338.1,25356.1,FIXED_1R,2025-11-05 00:07,25356.1,TP,1.0,1000.0
2025-11-06,midnight,SHORT,25605.1,25602.1,2025-11-06 00:10,2025-11-06 00:14,25602.1,25610.1,25594.1,FIXED_1R,2025-11-06 00:21,25610.1,SL,-1.0,-1000.0
2025-11-07,midnight,LONG,25151.8,25143.7,2025-11-07 00:01,2025-11-07 04:31,25151.8,25138.7,25164.9,FIXED_1R,2025-11-07 04:32,25164.9,TP,1.0,1000.0
2025-11-11,midnight,SHORT,25579.6,25575.0,2025-11-11 00:07,2025-11-11 00:10,25575.0,25584.6,25565.4,FIXED_1R,2025-11-11 00:12,25565.4,TP,1.0,1000.0
2025-11-14,midnight,SHORT,24935.7,24923.9,2025-11-14 00:05,2025-11-14 00:07,24923.9,24940.7,24907.1,FIXED_1R,2025-11-14 00:14,24907.1,TP,1.0,1000.0
2025-11-17,midnight,SHORT,25192.9,25184.8,2025-11-17 00:08,2025-11-17 00:10,25184.8,25197.9,25171.7,FIXED_1R,2025-11-17 00:35,25171.7,TP,1.0,1000.0
2025-11-18,midnight,SHORT,24637.2,24630.9,2025-11-18 00:01,2025-11-18 00:05,24630.9,24642.2,24619.6,FIXED_1R,2025-11-18 00:06,24642.2,SL,-1.0,-1000.0
2025-11-19,midnight,SHORT,24455.9,24452.8,2025-11-19 00:07,2025-11-19 00:09,24452.8,24460.9,24444.7,FIXED_1R,2025-11-19 00:10,24444.7,TP,1.0,1000.0
2025-11-20,midnight,SHORT,25117.4,25112.9,2025-11-20 00:10,2025-11-20 02:20,25112.9,25122.4,25103.4,FIXED_1R,2025-11-20 02:22,25103.4,TP,1.0,1000.0
2025-11-21,midnight,LONG,24105.8,24099.1,2025-11-21 00:00,2025-11-21 00:02,24105.8,24094.1,24117.5,FIXED_1R,2025-11-21 00:04,24094.1,SL,-1.0,-1000.0
2025-11-24,midnight,LONG,24399.1,24390.9,2025-11-24 00:06,2025-11-24 01:43,24399.1,24385.9,24412.3,FIXED_1R,2025-11-24 02:03,24385.9,SL,-1.0,-1000.0
2025-11-25,midnight,SHORT,24878.4,24872.8,2025-11-25 00:16,2025-11-25 07:43,24872.8,24883.4,24862.2,FIXED_1R,2025-11-25 07:43,24883.4,SL,-1.0,-1000.0
2025-11-26,midnight,LONG,25118.1,25112.6,2025-11-26 00:08,2025-11-26 00:10,25118.1,25107.6,25128.6,FIXED_1R,2025-11-26 00:21,25128.6,TP,1.0,1000.0
2025-12-01,midnight,SHORT,25172.4,25168.5,2025-12-01 00:04,2025-12-01 00:06,25168.5,25177.4,25159.6,FIXED_1R,2025-12-01 00:07,25159.6,TP,1.0,1000.0
2025-12-02,midnight,LONG,25325.6,25322.6,2025-12-02 00:00,2025-12-02 00:05,25325.6,25317.6,25333.6,FIXED_1R,2025-12-02 00:15,25317.6,SL,-1.0,-1000.0
2025-12-04,midnight,LONG,25598.5,25594.5,2025-12-04 00:13,2025-12-04 00:17,25598.5,25589.5,25607.5,FIXED_1R,2025-12-04 00:19,25589.5,SL,-1.0,-1000.0
2025-12-09,midnight,SHORT,25652.2,25648.3,2025-12-09 00:04,2025-12-09 01:45,25648.3,25657.2,25639.4,FIXED_1R,2025-12-09 01:50,25639.4,TP,1.0,1000.0
2025-12-10,midnight,SHORT,25659.4,25654.1,2025-12-10 00:01,2025-12-10 00:03,25654.1,25664.4,25643.8,FIXED_1R,2025-12-10 00:07,25643.8,TP,1.0,1000.0
2025-12-11,midnight,LONG,25473.2,25469.6,2025-12-11 00:16,2025-12-11 00:20,25473.2,25464.6,25481.8,FIXED_1R,2025-12-11 00:28,25464.6,SL,-1.0,-1000.0
2025-12-12,midnight,LONG,25647.2,25641.9,2025-12-12 00:04,2025-12-12 00:06,25647.2,25636.9,25657.5,FIXED_1R,2025-12-12 00:30,25657.5,TP,1.0,1000.0
2025-12-16,midnight,SHORT,24895.8,24891.6,2025-12-16 00:01,2025-12-16 00:03,24891.6,24900.8,24882.4,FIXED_1R,2025-12-16 00:10,24882.4,TP,1.0,1000.0
2025-12-17,midnight,SHORT,25062.2,25054.6,2025-12-17 00:00,2025-12-17 00:03,25054.6,25067.2,25042.0,FIXED_1R,2025-12-17 00:08,25067.2,SL,-1.0,-1000.0
2025-12-18,midnight,SHORT,24746.5,24737.4,2025-12-18 00:25,2025-12-18 00:27,24737.4,24751.5,24723.3,FIXED_1R,2025-12-18 00:30,24751.5,SL,-1.0,-1000.0
2025-12-22,midnight,SHORT,25441.8,25435.8,2025-12-22 00:09,2025-12-22 00:12,25435.8,25446.8,25424.8,FIXED_1R,2025-12-22 01:04,25446.8,SL,-1.0,-1000.0
2025-12-29,midnight,SHORT,25640.5,25624.9,2025-12-29 00:00,2025-12-29 00:02,25624.9,25645.5,25604.3,FIXED_1R,2025-12-29 00:24,25604.3,TP,1.0,1000.0
2026-01-02,midnight,LONG,25413.7,25409.8,2026-01-02 00:06,2026-01-02 00:10,25413.7,25404.8,25422.6,FIXED_1R,2026-01-02 00:23,25422.6,TP,1.0,1000.0
2026-01-05,midnight,SHORT,25302.0,25295.9,2026-01-05 00:06,2026-01-05 00:24,25295.9,25307.0,25284.8,FIXED_1R,2026-01-05 00:55,25307.0,SL,-1.0,-1000.0
2026-01-07,midnight,SHORT,25603.6,25600.4,2026-01-07 00:18,2026-01-07 00:21,25600.4,25608.6,25592.2,FIXED_1R,2026-01-07 00:37,25608.6,SL,-1.0,-1000.0
2026-01-08,midnight,SHORT,25591.5,25587.5,2026-01-08 00:14,2026-01-08 00:21,25587.5,25596.5,25578.5,FIXED_1R,2026-01-08 00:31,25578.5,TP,1.0,1000.0
2026-01-09,midnight,LONG,25507.6,25502.4,2026-01-09 00:00,2026-01-09 00:02,25507.6,25497.4,25517.8,FIXED_1R,2026-01-09 00:16,25497.4,SL,-1.0,-1000.0
2026-01-12,midnight,SHORT,25554.9,25551.3,2026-01-12 00:14,2026-01-12 00:19,25551.3,25559.9,25542.7,FIXED_1R,2026-01-12 00:25,25542.7,TP,1.0,1000.0
2026-01-13,midnight,LONG,25723.6,25718.6,2026-01-13 00:17,2026-01-13 00:19,25723.6,25713.6,25733.6,FIXED_1R,2026-01-13 00:26,25733.6,TP,1.0,1000.0
2026-01-16,midnight,LONG,25653.5,25650.1,2026-01-16 00:19,2026-01-16 00:40,25653.5,25645.1,25661.9,FIXED_1R,2026-01-16 01:23,25661.9,TP,1.0,1000.0
2026-01-19,midnight,LONG,25229.6,25225.1,2026-01-19 00:01,2026-01-19 00:03,25229.6,25220.1,25239.1,FIXED_1R,2026-01-19 00:06,25220.1,SL,-1.0,-1000.0
2026-01-20,midnight,LONG,25228.0,25222.6,2026-01-20 00:04,2026-01-20 00:10,25228.0,25217.6,25238.4,FIXED_1R,2026-01-20 00:12,25238.4,TP,1.0,1000.0
2026-01-21,midnight,LONG,25058.8,25055.0,2026-01-21 00:08,2026-01-21 00:25,25058.8,25050.0,25067.6,FIXED_1R,2026-01-21 00:29,25067.6,TP,1.0,1000.0
2026-01-26,midnight,LONG,25511.7,25507.4,2026-01-26 00:18,2026-01-26 04:35,25511.7,25502.4,25521.0,FIXED_1R,2026-01-26 04:39,25502.4,SL,-1.0,-1000.0
2026-01-27,midnight,SHORT,25852.7,25847.8,2026-01-27 00:05,2026-01-27 00:08,25847.8,25857.7,25837.9,FIXED_1R,2026-01-27 00:33,25857.7,SL,-1.0,-1000.0
2026-01-29,midnight,LONG,26097.5,26094.4,2026-01-29 00:16,2026-01-29 00:19,26097.5,26089.4,26105.6,FIXED_1R,2026-01-29 00:29,26105.6,TP,1.0,1000.0
2026-01-30,midnight,LONG,25747.3,25743.5,2026-01-30 00:01,2026-01-30 00:06,25747.3,25738.5,25756.1,FIXED_1R,2026-01-30 00:08,25756.1,TP,1.0,1000.0
2026-02-02,midnight,SHORT,25198.5,25187.0,2026-02-02 00:11,2026-02-02 00:13,25187.0,25203.5,25170.5,FIXED_1R,2026-02-02 00:15,25203.5,SL,-1.0,-1000.0
2026-02-03,midnight,SHORT,25864.9,25861.5,2026-02-03 00:03,2026-02-03 00:23,25861.5,25869.9,25853.1,FIXED_1R,2026-02-03 00:47,25869.9,SL,-1.0,-1000.0
2026-02-04,midnight,SHORT,25322.9,25319.3,2026-02-04 00:07,2026-02-04 00:10,25319.3,25327.9,25310.7,FIXED_1R,2026-02-04 00:20,25327.9,SL,-1.0,-1000.0
2026-02-05,midnight,SHORT,24910.5,24902.7,2026-02-05 00:01,2026-02-05 00:04,24902.7,24915.5,24889.9,FIXED_1R,2026-02-05 00:07,24889.9,TP,1.0,1000.0
2026-02-09,midnight,LONG,25101.0,25097.5,2026-02-09 00:09,2026-02-09 01:00,25101.0,25092.5,25109.5,FIXED_1R,2026-02-09 01:00,25092.5,SL,-1.0,-1000.0
2026-02-11,midnight,LONG,25229.7,25225.3,2026-02-11 00:08,2026-02-11 00:10,25229.7,25220.3,25239.1,FIXED_1R,2026-02-11 00:17,25239.1,TP,1.0,1000.0
2026-02-12,midnight,LONG,25251.9,25247.8,2026-02-12 00:00,2026-02-12 00:03,25251.9,25242.8,25261.0,FIXED_1R,2026-02-12 00:19,25261.0,TP,1.0,1000.0
2026-02-13,midnight,LONG,24690.6,24686.5,2026-02-13 00:03,2026-02-13 00:05,24690.6,24681.5,24699.7,FIXED_1R,2026-02-13 00:07,24681.5,SL,-1.0,-1000.0
2026-02-17,midnight,SHORT,24542.3,24535.3,2026-02-17 00:14,2026-02-17 00:22,24535.3,24547.3,24523.3,FIXED_1R,2026-02-17 00:23,24523.3,TP,1.0,1000.0
2026-02-19,midnight,SHORT,24891.6,24884.8,2026-02-19 00:05,2026-02-19 00:11,24884.8,24896.6,24873.0,FIXED_1R,2026-02-19 00:18,24896.6,SL,-1.0,-1000.0
2026-02-20,midnight,LONG,24854.1,24847.9,2026-02-20 00:20,2026-02-20 02:54,24854.1,24842.9,24865.3,FIXED_1R,2026-02-20 03:00,24865.3,TP,1.0,1000.0
2026-02-23,midnight,LONG,24758.0,24753.8,2026-02-23 00:21,2026-02-23 00:23,24758.0,24748.8,24767.2,FIXED_1R,2026-02-23 00:28,24767.2,TP,1.0,1000.0
2026-02-24,midnight,LONG,24830.0,24824.9,2026-02-24 00:04,2026-02-24 00:06,24830.0,24819.9,24840.1,FIXED_1R,2026-02-24 00:16,24819.9,SL,-1.0,-1000.0
2026-02-25,midnight,LONG,25011.8,25008.3,2026-02-25 00:09,2026-02-25 00:11,25011.8,25003.3,25020.3,FIXED_1R,2026-02-25 00:14,25003.3,SL,-1.0,-1000.0
2026-02-26,midnight,LONG,25244.3,25238.9,2026-02-26 00:17,2026-02-26 00:31,25244.3,25233.9,25254.7,FIXED_1R,2026-02-26 00:45,25254.7,TP,1.0,1000.0
2026-03-02,midnight,SHORT,24719.6,24713.0,2026-03-02 00:04,2026-03-02 00:11,24713.0,24724.6,24701.4,FIXED_1R,2026-03-02 00:21,24701.4,TP,1.0,1000.0
2026-03-03,midnight,SHORT,24784.6,24778.7,2026-03-03 00:10,2026-03-03 00:16,24778.7,24789.6,24767.8,FIXED_1R,2026-03-03 00:21,24767.8,TP,1.0,1000.0
2026-03-04,midnight,SHORT,24564.2,24549.2,2026-03-04 00:02,2026-03-04 00:04,24549.2,24569.2,24529.2,FIXED_1R,2026-03-04 00:05,24529.2,TP,1.0,1000.0
2026-03-05,midnight,SHORT,25052.9,25048.7,2026-03-05 00:15,2026-03-05 00:25,25048.7,25057.9,25039.5,FIXED_1R,2026-03-05 00:30,25039.5,TP,1.0,1000.0
2026-03-09,midnight,LONG,24101.2,24097.7,2026-03-09 00:06,2026-03-09 00:08,24101.2,24092.7,24109.7,FIXED_1R,2026-03-09 00:12,24092.7,SL,-1.0,-1000.0
2026-03-10,midnight,SHORT,24857.8,24852.7,2026-03-10 00:00,2026-03-10 00:02,24852.7,24862.8,24842.6,FIXED_1R,2026-03-10 00:06,24842.6,TP,1.0,1000.0
2026-03-12,midnight,SHORT,24720.0,24710.7,2026-03-12 00:09,2026-03-12 00:11,24710.7,24725.0,24696.4,FIXED_1R,2026-03-12 00:19,24725.0,SL,-1.0,-1000.0
2026-03-13,midnight,SHORT,24582.6,24573.9,2026-03-13 00:21,2026-03-13 00:26,24573.9,24587.6,24560.2,FIXED_1R,2026-03-13 00:30,24560.2,TP,1.0,1000.0
2026-03-16,midnight,LONG,24528.9,24522.1,2026-03-16 00:15,2026-03-16 00:17,24528.9,24517.1,24540.7,FIXED_1R,2026-03-16 00:30,24517.1,SL,-1.0,-1000.0
2026-03-17,midnight,LONG,24582.0,24576.3,2026-03-17 00:17,2026-03-17 00:21,24582.0,24571.3,24592.7,FIXED_1R,2026-03-17 00:35,24592.7,TP,1.0,1000.0
2026-03-19,midnight,SHORT,24425.2,24421.1,2026-03-19 00:07,2026-03-19 00:09,24421.1,24430.2,24412.0,FIXED_1R,2026-03-19 00:29,24412.0,TP,1.0,1000.0
2026-03-23,midnight,SHORT,23746.5,23740.7,2026-03-23 00:02,2026-03-23 00:04,23740.7,23751.5,23729.9,FIXED_1R,2026-03-23 00:06,23751.5,SL,-1.0,-1000.0
2026-03-24,midnight,LONG,24066.8,24063.8,2026-03-24 00:00,2026-03-24 00:02,24066.8,24058.8,24074.8,FIXED_1R,2026-03-24 00:03,24074.8,TP,1.0,1000.0
2026-03-25,midnight,LONG,24201.1,24193.8,2026-03-25 00:18,2026-03-25 00:20,24201.1,24188.8,24213.4,FIXED_1R,2026-03-25 00:45,24188.8,SL,-1.0,-1000.0
2026-03-26,midnight,SHORT,24161.9,24156.3,2026-03-26 00:03,2026-03-26 00:05,24156.3,24166.9,24145.7,FIXED_1R,2026-03-26 00:13,24166.9,SL,-1.0,-1000.0
2026-03-30,midnight,LONG,23153.9,23139.9,2026-03-30 00:25,2026-03-30 00:30,23153.9,23134.9,23172.9,FIXED_1R,2026-03-30 00:33,23172.9,TP,1.0,1000.0
2026-03-31,midnight,LONG,23144.7,23137.8,2026-03-31 00:00,2026-03-31 00:02,23144.7,23132.8,23156.6,FIXED_1R,2026-03-31 00:05,23132.8,SL,-1.0,-1000.0
2026-04-01,midnight,SHORT,23805.7,23802.3,2026-04-01 00:12,2026-04-01 00:14,23802.3,23810.7,23793.9,FIXED_1R,2026-04-01 00:22,23810.7,SL,-1.0,-1000.0
2026-04-02,midnight,SHORT,23647.3,23640.4,2026-04-02 00:05,2026-04-02 00:07,23640.4,23652.3,23628.5,FIXED_1R,2026-04-02 00:13,23652.3,SL,-1.0,-1000.0
2026-04-06,midnight,LONG,24045.9,24040.8,2026-04-06 00:00,2026-04-06 00:10,24045.9,24035.8,24056.0,FIXED_1R,2026-04-06 00:12,24056.0,TP,1.0,1000.0
2026-04-07,midnight,SHORT,24054.7,24048.0,2026-04-07 00:04,2026-04-07 00:07,24048.0,24059.7,24036.3,FIXED_1R,2026-04-07 00:12,24036.3,TP,1.0,1000.0
2026-04-08,midnight,LONG,24944.3,24940.5,2026-04-08 00:01,2026-04-08 00:03,24944.3,24935.5,24953.1,FIXED_1R,2026-04-08 00:05,24953.1,TP,1.0,1000.0
2026-04-10,midnight,SHORT,25124.1,25119.4,2026-04-10 00:05,2026-04-10 01:02,25119.4,25129.1,25109.7,FIXED_1R,2026-04-10 01:15,25109.7,TP,1.0,1000.0
2026-04-14,midnight,LONG,25423.3,25420.2,2026-04-14 00:15,2026-04-14 00:38,25423.3,25415.2,25431.4,FIXED_1R,2026-04-14 00:49,25431.4,TP,1.0,1000.0
2026-04-16,midnight,SHORT,26279.6,26274.6,2026-04-16 00:23,2026-04-16 00:27,26274.6,26284.6,26264.6,FIXED_1R,2026-04-16 01:02,26264.6,TP,1.0,1000.0
2026-04-20,midnight,LONG,26521.7,26518.4,2026-04-20 00:07,2026-04-20 00:10,26521.7,26513.4,26530.0,FIXED_1R,2026-04-20 00:16,26513.4,SL,-1.0,-1000.0
2026-04-23,midnight,LONG,26757.5,26747.0,2026-04-23 00:08,2026-04-23 05:04,26757.5,26742.0,26773.0,FIXED_1R,2026-04-23 05:08,26742.0,SL,-1.0,-1000.0
2026-04-24,midnight,SHORT,26887.8,26884.1,2026-04-24 00:00,2026-04-24 00:02,26884.1,26892.8,26875.4,FIXED_1R,2026-04-24 00:05,26892.8,SL,-1.0,-1000.0
2026-04-27,midnight,SHORT,27381.5,27378.4,2026-04-27 00:03,2026-04-27 00:05,27378.4,27386.5,27370.3,FIXED_1R,2026-04-27 00:22,27386.5,SL,-1.0,-1000.0
2026-04-28,midnight,LONG,27285.9,27279.8,2026-04-28 00:10,2026-04-28 00:58,27285.9,27274.8,27297.0,FIXED_1R,2026-04-28 01:04,27274.8,SL,-1.0,-1000.0
2026-04-29,midnight,LONG,27156.2,27153.1,2026-04-29 00:00,2026-04-29 00:03,27156.2,27148.1,27164.3,FIXED_1R,2026-04-29 00:30,27164.3,TP,1.0,1000.0
2026-04-30,midnight,SHORT,27263.1,27255.4,2026-04-30 00:03,2026-04-30 04:39,27255.4,27268.1,27242.7,FIXED_1R,2026-04-30 04:47,27242.7,TP,1.0,1000.0
2026-05-01,midnight,SHORT,27506.3,27500.1,2026-05-01 00:03,2026-05-01 00:05,27500.1,27511.3,27488.9,FIXED_1R,2026-05-01 00:43,27488.9,TP,1.0,1000.0
2026-05-04,midnight,LONG,27817.8,27813.3,2026-05-04 00:04,2026-05-04 00:06,27817.8,27808.3,27827.3,FIXED_1R,2026-05-04 00:19,27827.3,TP,1.0,1000.0
2026-05-05,midnight,LONG,27728.8,27724.9,2026-05-05 00:01,2026-05-05 00:14,27728.8,27719.9,27737.7,FIXED_1R,2026-05-05 00:30,27719.9,SL,-1.0,-1000.0
2026-05-06,midnight,LONG,28204.9,28201.8,2026-05-06 00:14,2026-05-06 00:16,28204.9,28196.8,28213.0,FIXED_1R,2026-05-06 00:27,28213.0,TP,1.0,1000.0
2026-05-07,midnight,LONG,28579.4,28575.6,2026-05-07 00:10,2026-05-07 01:06,28579.4,28570.6,28588.2,FIXED_1R,2026-05-07 01:12,28588.2,TP,1.0,1000.0
2026-05-08,midnight,LONG,28664.4,28661.0,2026-05-08 00:09,2026-05-08 00:11,28664.4,28656.0,28672.8,FIXED_1R,2026-05-08 00:15,28656.0,SL,-1.0,-1000.0
2026-05-11,midnight,SHORT,29210.0,29199.9,2026-05-11 00:09,2026-05-11 00:11,29199.9,29215.0,29184.8,FIXED_1R,2026-05-11 00:18,29215.0,SL,-1.0,-1000.0
2026-05-12,midnight,LONG,29226.7,29216.2,2026-05-12 00:15,2026-05-12 00:17,29226.7,29211.2,29242.2,FIXED_1R,2026-05-12 00:47,29211.2,SL,-1.0,-1000.0
2026-05-13,midnight,LONG,29157.9,29147.7,2026-05-13 00:02,2026-05-13 00:04,29157.9,29142.7,29173.1,FIXED_1R,2026-05-13 00:25,29173.1,TP,1.0,1000.0
2026-05-14,midnight,LONG,29428.2,29424.5,2026-05-14 00:08,2026-05-14 05:28,29428.2,29419.5,29436.9,FIXED_1R,2026-05-14 05:31,29436.9,TP,1.0,1000.0
2026-05-15,midnight,SHORT,29460.9,29457.3,2026-05-15 00:00,2026-05-15 00:05,29457.3,29465.9,29448.7,FIXED_1R,2026-05-15 00:08,29448.7,TP,1.0,1000.0
2026-05-18,midnight,LONG,28978.7,28975.2,2026-05-18 00:08,2026-05-18 00:21,28978.7,28970.2,28987.2,FIXED_1R,2026-05-18 00:23,28970.2,SL,-1.0,-1000.0
2026-05-19,midnight,SHORT,28885.7,28875.6,2026-05-19 00:00,2026-05-19 00:36,28875.6,28890.7,28860.5,FIXED_1R,2026-05-19 00:37,28860.5,TP,1.0,1000.0
2026-05-20,midnight,LONG,28824.8,28805.9,2026-05-20 00:00,2026-05-20 00:03,28824.8,28800.9,28848.7,FIXED_1R,2026-05-20 00:14,28848.7,TP,1.0,1000.0
2026-05-21,midnight,LONG,29273.5,29270.4,2026-05-21 00:00,2026-05-21 01:47,29273.5,29265.4,29281.6,FIXED_1R,2026-05-21 01:47,29265.4,SL,-1.0,-1000.0
2026-05-22,midnight,LONG,29494.2,29490.2,2026-05-22 00:00,2026-05-22 00:30,29494.2,29485.2,29503.2,FIXED_1R,2026-05-22 00:36,29485.2,SL,-1.0,-1000.0
2026-05-26,midnight,SHORT,29746.9,29741.2,2026-05-26 00:03,2026-05-26 00:07,29741.2,29751.9,29730.5,FIXED_1R,2026-05-26 00:14,29751.9,SL,-1.0,-1000.0
2026-05-27,midnight,LONG,30038.7,30034.0,2026-05-27 00:06,2026-05-27 00:14,30038.7,30029.0,30048.4,FIXED_1R,2026-05-27 00:15,30029.0,SL,-1.0,-1000.0
2026-05-28,midnight,SHORT,29742.0,29737.7,2026-05-28 00:00,2026-05-28 00:02,29737.7,29747.0,29728.4,FIXED_1R,2026-05-28 00:03,29728.4,TP,1.0,1000.0
2026-05-29,midnight,LONG,30200.7,30196.5,2026-05-29 00:15,2026-05-29 00:17,30200.7,30191.5,30209.9,FIXED_1R,2026-05-29 00:33,30209.9,TP,1.0,1000.0
2026-06-01,midnight,LONG,30494.4,30490.1,2026-06-01 00:01,2026-06-01 00:03,30494.4,30485.1,30503.7,FIXED_1R,2026-06-01 00:26,30503.7,TP,1.0,1000.0
2026-06-02,midnight,LONG,30317.8,30314.1,2026-06-02 00:03,2026-06-02 00:06,30317.8,30309.1,30326.5,FIXED_1R,2026-06-02 00:07,30326.5,TP,1.0,1000.0
2026-06-03,midnight,SHORT,30674.8,30670.6,2026-06-03 00:17,2026-06-03 00:19,30670.6,30679.8,30661.4,FIXED_1R,2026-06-03 00:34,30679.8,SL,-1.0,-1000.0
2026-06-04,midnight,LONG,30423.8,30420.0,2026-06-04 00:10,2026-06-04 01:03,30423.8,30415.0,30432.6,FIXED_1R,2026-06-04 01:05,30432.6,TP,1.0,1000.0
2026-06-05,midnight,LONG,30124.7,30119.0,2026-06-05 00:14,2026-06-05 00:18,30124.7,30114.0,30135.4,FIXED_1R,2026-06-05 00:25,30135.4,TP,1.0,1000.0
2026-06-08,midnight,SHORT,29174.3,29155.0,2026-06-08 00:03,2026-06-08 00:16,29155.0,29179.3,29130.7,FIXED_1R,2026-06-08 00:19,29130.7,TP,1.0,1000.0
2026-06-09,midnight,LONG,29554.4,29538.1,2026-06-09 00:08,2026-06-09 01:01,29554.4,29533.1,29575.7,FIXED_1R,2026-06-09 01:03,29575.7,TP,1.0,1000.0
2026-06-10,midnight,SHORT,28952.7,28949.0,2026-06-10 00:01,2026-06-10 02:07,28949.0,28957.7,28940.3,FIXED_1R,2026-06-10 02:08,28957.7,SL,-1.0,-1000.0
2026-06-11,midnight,LONG,28698.6,28690.0,2026-06-11 00:06,2026-06-11 00:08,28698.6,28685.0,28712.2,FIXED_1R,2026-06-11 00:10,28685.0,SL,-1.0,-1000.0
2026-06-12,midnight,SHORT,29492.6,29487.8,2026-06-12 00:00,2026-06-12 00:02,29487.8,29497.6,29478.0,FIXED_1R,2026-06-12 00:05,29478.0,TP,1.0,1000.0
2026-06-15,midnight,SHORT,30167.8,30161.0,2026-06-15 00:02,2026-06-15 00:04,30161.0,30172.8,30149.2,FIXED_1R,2026-06-15 00:16,30172.8,SL,-1.0,-1000.0
2026-06-16,midnight,SHORT,30502.3,30493.4,2026-06-16 00:18,2026-06-16 00:20,30493.4,30507.3,30479.5,FIXED_1R,2026-06-16 00:21,30507.3,SL,-1.0,-1000.0
2026-06-17,midnight,LONG,30135.4,30132.4,2026-06-17 00:15,2026-06-17 00:31,30135.4,30127.4,30143.4,FIXED_1R,2026-06-17 00:39,30127.4,SL,-1.0,-1000.0
2026-06-18,midnight,SHORT,30083.1,30079.5,2026-06-18 00:03,2026-06-18 02:57,30079.5,30088.1,30070.9,FIXED_1R,2026-06-18 02:57,30088.1,SL,-1.0,-1000.0
2026-06-19,midnight,SHORT,30198.1,30186.3,2026-06-19 00:01,2026-06-19 00:03,30186.3,30203.1,30169.5,FIXED_1R,2026-06-19 00:04,30169.5,TP,1.0,1000.0
2026-06-22,midnight,SHORT,30263.0,30258.7,2026-06-22 00:11,2026-06-22 00:13,30258.7,30268.0,30249.4,FIXED_1R,2026-06-22 00:14,30249.4,TP,1.0,1000.0
2026-06-24,midnight,SHORT,29431.5,29423.9,2026-06-24 00:00,2026-06-24 00:36,29423.9,29436.5,29411.3,FIXED_1R,2026-06-24 00:38,29436.5,SL,-1.0,-1000.0
2026-06-25,midnight,SHORT,29731.1,29725.8,2026-06-25 00:24,2026-06-25 00:26,29725.8,29736.1,29715.5,FIXED_1R,2026-06-25 00:27,29715.5,TP,1.0,1000.0
2026-06-26,midnight,LONG,29065.5,29062.0,2026-06-26 00:15,2026-06-26 00:18,29065.5,29057.0,29074.0,FIXED_1R,2026-06-26 00:18,29057.0,SL,-1.0,-1000.0
2026-06-29,midnight,SHORT,29299.6,29290.5,2026-06-29 00:00,2026-06-29 00:02,29290.5,29304.6,29276.4,FIXED_1R,2026-06-29 00:05,29276.4,TP,1.0,1000.0
2026-06-30,midnight,LONG,29849.9,29827.5,2026-06-30 00:01,2026-06-30 01:35,29849.9,29822.5,29877.3,FIXED_1R,2026-06-30 01:41,29877.3,TP,1.0,1000.0
2026-07-01,midnight,SHORT,30192.0,30182.0,2026-07-01 00:00,2026-07-01 00:05,30182.0,30197.0,30167.0,FIXED_1R,2026-07-01 00:14,30167.0,TP,1.0,1000.0
2026-07-02,midnight,SHORT,29905.0,29899.5,2026-07-02 00:05,2026-07-02 00:07,29899.5,29910.0,29889.0,FIXED_1R,2026-07-02 00:09,29889.0,TP,1.0,1000.0
2026-07-06,midnight,LONG,29482.2,29474.7,2026-07-06 00:03,2026-07-06 00:09,29482.2,29469.7,29494.7,FIXED_1R,2026-07-06 00:10,29494.7,TP,1.0,1000.0
2026-07-07,midnight,LONG,29424.8,29421.5,2026-07-07 00:03,2026-07-07 00:08,29424.8,29416.5,29433.1,FIXED_1R,2026-07-07 00:12,29416.5,SL,-1.0,-1000.0
2026-07-08,midnight,SHORT,29229.6,29224.4,2026-07-08 00:10,2026-07-08 00:23,29224.4,29234.6,29214.2,FIXED_1R,2026-07-08 00:27,29214.2,TP,1.0,1000.0
2026-07-09,midnight,SHORT,29283.0,29279.0,2026-07-09 00:18,2026-07-09 00:31,29279.0,29288.0,29270.0,FIXED_1R,2026-07-09 00:31,29288.0,SL,-1.0,-1000.0
2026-07-10,midnight,SHORT,29723.7,29714.4,2026-07-10 00:21,2026-07-10 00:28,29714.4,29728.7,29700.1,FIXED_1R,2026-07-10 00:32,29700.1,TP,1.0,1000.0
2026-07-13,midnight,SHORT,29472.8,29465.2,2026-07-13 00:00,2026-07-13 00:20,29465.2,29477.8,29452.6,FIXED_1R,2026-07-13 00:21,29452.6,TP,1.0,1000.0
2026-07-14,midnight,SHORT,29222.0,29218.6,2026-07-14 00:05,2026-07-14 00:22,29218.6,29227.0,29210.2,FIXED_1R,2026-07-14 00:24,29210.2,TP,1.0,1000.0
2026-07-16,midnight,SHORT,29540.4,29529.7,2026-07-16 00:08,2026-07-16 00:10,29529.7,29545.4,29514.0,FIXED_1R,2026-07-16 00:11,29545.4,SL,-1.0,-1000.0
2026-07-17,midnight,SHORT,28715.4,28704.3,2026-07-17 00:00,2026-07-17 11:55,28704.3,28720.4,28688.2,FIXED_1R,2026-07-17 11:56,28720.4,SL,-1.0,-1000.0
2026-07-20,midnight,SHORT,28717.2,28713.0,2026-07-20 00:05,2026-07-20 00:27,28713.0,28722.2,28703.8,FIXED_1R,2026-07-20 00:28,28722.2,SL,-1.0,-1000.0
2026-07-21,midnight,SHORT,28900.3,28894.7,2026-07-21 00:03,2026-07-21 00:05,28894.7,28905.3,28884.1,FIXED_1R,2026-07-21 00:06,28905.3,SL,-1.0,-1000.0
2026-07-22,midnight,LONG,29063.2,29060.2,2026-07-22 00:22,2026-07-22 00:24,29063.2,29055.2,29071.2,FIXED_1R,2026-07-22 00:26,29055.2,SL,-1.0,-1000.0
2026-07-23,midnight,SHORT,28946.2,28935.3,2026-07-23 00:00,2026-07-23 00:03,28935.3,28951.2,28919.4,FIXED_1R,2026-07-23 00:05,28919.4,TP,1.0,1000.0
2026-07-24,midnight,SHORT,28317.7,28313.6,2026-07-24 00:00,2026-07-24 00:03,28313.6,28322.7,28304.5,FIXED_1R,2026-07-24 00:04,28304.5,TP,1.0,1000.0
2026-07-27,midnight,SHORT,28465.4,28460.9,2026-07-27 00:26,2026-07-27 00:29,28460.9,28470.4,28451.4,FIXED_1R,2026-07-27 00:30,28451.4,TP,1.0,1000.0
2026-07-28,midnight,SHORT,27868.3,27864.3,2026-07-28 00:07,2026-07-28 04:38,27864.3,27873.3,27855.3,FIXED_1R,2026-07-28 04:39,27855.3,TP,1.0,1000.0
2026-07-29,midnight,SHORT,27559.1,27540.9,2026-07-29 00:00,2026-07-29 00:02,27540.9,27564.1,27517.7,FIXED_1R,2026-07-29 00:16,27517.7,TP,1.0,1000.0
2026-07-30,midnight,SHORT,27383.9,27377.7,2026-07-30 00:06,2026-07-30 00:27,27377.7,27388.9,27366.5,FIXED_1R,2026-07-30 00:27,27388.9,SL,-1.0,-1000.0
2026-07-31,midnight,SHORT,28331.1,28308.4,2026-07-31 00:00,2026-07-31 00:02,28308.4,28336.1,28280.7,FIXED_1R,2026-07-31 00:08,28336.1,SL,-1.0,-1000.0
2026-08-03,midnight,LONG,28549.0,28543.1,2026-08-03 00:15,2026-08-03 00:17,28549.0,28538.1,28559.9,FIXED_1R,2026-08-03 00:21,28559.9,TP,1.0,1000.0
2026-08-04,midnight,SHORT,28874.3,28867.8,2026-08-04 00:04,2026-08-04 00:07,28867.8,28879.3,28856.3,FIXED_1R,2026-08-04 00:11,28856.3,TP,1.0,1000.0
2026-08-05,midnight,LONG,29774.9,29771.4,2026-08-05 00:07,2026-08-05 00:10,29774.9,29766.4,29783.4,FIXED_1R,2026-08-05 00:14,29766.4,SL,-1.0,-1000.0
2026-08-06,midnight,LONG,29433.5,29428.6,2026-08-06 00:05,2026-08-06 00:39,29433.5,29423.6,29443.4,FIXED_1R,2026-08-06 00:52,29443.4,TP,1.0,1000.0
2026-08-07,midnight,LONG,29378.9,29374.8,2026-08-07 00:06,2026-08-07 00:08,29378.9,29369.8,29388.0,FIXED_1R,2026-08-07 00:13,29369.8,SL,-1.0,-1000.0
2026-08-10,midnight,LONG,29774.3,29769.0,2026-08-10 00:08,2026-08-10 00:11,29774.3,29764.0,29784.6,FIXED_1R,2026-08-10 00:16,29784.6,TP,1.0,1000.0
2026-08-12,midnight,SHORT,29590.9,29587.4,2026-08-12 00:08,2026-08-12 00:10,29587.4,29595.9,29578.9,FIXED_1R,2026-08-12 00:32,29578.9,TP,1.0,1000.0
2026-08-13,midnight,SHORT,29782.4,29774.4,2026-08-13 00:13,2026-08-13 00:28,29774.4,29787.4,29761.4,FIXED_1R,2026-08-13 00:36,29787.4,SL,-1.0,-1000.0
2026-08-18,midnight,SHORT,29804.5,29798.3,2026-08-18 00:00,2026-08-18 00:05,29798.3,29809.5,29787.1,FIXED_1R,2026-08-18 00:11,29809.5,SL,-1.0,-1000.0
2026-08-20,midnight,LONG,29542.7,29537.9,2026-08-20 00:04,2026-08-20 00:31,29542.7,29532.9,29552.5,FIXED_1R,2026-08-20 00:32,29532.9,SL,-1.0,-1000.0
2026-08-21,midnight,LONG,29273.6,29267.2,2026-08-21 00:13,2026-08-21 00:16,29273.6,29262.2,29285.0,FIXED_1R,2026-08-21 00:16,29262.2,SL,-1.0,-1000.0
2026-08-24,midnight,LONG,29210.3,29206.8,2026-08-24 00:12,2026-08-24 00:14,29210.3,29201.8,29218.8,FIXED_1R,2026-08-24 00:15,29218.8,TP,1.0,1000.0
