date,bias,midline,entry_time_ny,entry_price,stop,target,target_type,rr,exit_time_ny,exit_price,exit_reason,r_multiple,pnl_usd
2026-02-20,SHORT,24787.35,2026-02-20 09:45,24841.1,24905.8,24683.1,PDL,2.44,2026-02-20 10:00,24905.8,SL,-1.0,-1000.0
2026-02-23,LONG,24849.4,2026-02-23 09:30,24944.6,24904.3,25078.7,PDH,3.33,2026-02-23 09:40,24904.3,SL,-1.0,-1000.0
2026-02-27,SHORT,25003.85,2026-02-27 09:40,24803.6,24870.9,24610.7,swing_low,2.87,2026-02-27 09:45,24870.9,SL,-1.0,-1000.0
2026-03-05,SHORT,24986.8,2026-03-05 09:35,25056.8,25100.0,24792.4,PDL,6.12,2026-03-05 09:50,25100.0,SL,-1.0,-1000.0
2026-03-06,SHORT,24955.9,2026-03-06 09:35,24650.7,24694.1,24346.9,swing_low_capped_7R,7.0,2026-03-06 09:40,24694.1,SL,-1.0,-1000.0
2026-03-09,SHORT,24732.9,2026-03-09 09:35,24376.3,24477.4,23976.8,swing_low,3.95,2026-03-09 10:35,24477.4,SL,-1.0,-1000.0
2026-03-11,SHORT,25028.7,2026-03-11 09:40,25043.4,25099.7,24867.2,PDL,3.13,2026-03-11 10:00,25099.7,SL,-1.0,-1000.0
2026-03-12,SHORT,25001.6,2026-03-12 09:40,24742.0,24814.3,24235.9,swing_low_capped_7R,7.0,,,,,
2026-03-13,SHORT,24665.75,2026-03-13 09:45,24737.6,24797.0,24520.7,PDL,3.65,2026-03-13 10:55,24520.7,TP,3.652,3651.52
2026-03-17,LONG,24702.4,2026-03-17 09:30,24825.5,24725.6,25190.2,swing_high,3.65,2026-03-17 11:35,24725.6,SL,-1.0,-1000.0
2026-03-23,LONG,24017.4,2026-03-23 09:35,24329.4,24224.6,24982.2,swing_high,6.23,2026-03-23 11:50,24224.6,SL,-1.0,-1000.0
2026-03-24,SHORT,24287.15,2026-03-24 09:35,23996.7,24109.0,23562.3,swing_low,3.87,2026-03-24 10:50,24109.0,SL,-1.0,-1000.0
2026-03-25,LONG,24046.4,2026-03-25 09:30,24254.9,24206.8,24551.0,swing_high,6.16,2026-03-25 09:45,24206.8,SL,-1.0,-1000.0
2026-03-26,SHORT,24208.35,2026-03-26 09:30,23914.7,23958.4,23608.8,swing_low_capped_7R,7.0,2026-03-26 09:45,23958.4,SL,-1.0,-1000.0
2026-04-01,LONG,23493.45,2026-04-01 09:30,23976.2,23854.2,24551.0,swing_high,4.71,,,,,
2026-04-02,SHORT,24015.4,2026-04-02 09:35,23511.2,23619.4,22783.4,swing_low,6.73,2026-04-02 09:50,23619.4,SL,-1.0,-1000.0
2026-04-06,LONG,23792.2,2026-04-06 09:30,24181.1,24081.5,24551.0,swing_high,3.71,2026-04-06 09:35,24081.5,SL,-1.0,-1000.0
2026-04-13,SHORT,25142.6,2026-04-13 09:35,25033.6,25066.0,24806.8,swing_low_capped_7R,7.0,2026-04-13 09:45,25066.0,SL,-1.0,-1000.0
2026-04-28,SHORT,27239.65,2026-04-28 09:30,27004.5,27037.2,26775.6,swing_low_capped_7R,7.0,2026-04-28 09:35,27037.2,SL,-1.0,-1000.0
2026-05-12,SHORT,29255.5,2026-05-12 09:30,29092.0,29130.2,28824.6,swing_low_capped_7R,7.0,2026-05-12 09:40,29130.2,SL,-1.0,-1000.0
2026-05-13,LONG,28913.25,2026-05-13 09:40,29107.4,29077.5,29189.7,PDH,2.75,2026-05-13 09:45,29077.5,SL,-1.0,-1000.0
2026-05-15,SHORT,29515.35,2026-05-15 09:30,29152.1,29198.3,28828.7,swing_low_capped_7R,7.0,2026-05-15 10:10,29198.3,SL,-1.0,-1000.0
2026-05-20,LONG,28797.8,2026-05-20 09:30,29042.7,28971.7,29322.1,swing_high,3.94,2026-05-20 09:35,28971.7,SL,-1.0,-1000.0
2026-05-26,SHORT,29875.5,2026-05-26 09:30,29777.5,29868.8,29138.4,swing_low_capped_7R,7.0,2026-05-26 09:45,29868.8,SL,-1.0,-1000.0
2026-06-01,SHORT,30329.6,2026-06-01 09:40,30351.2,30397.7,30197.9,PDL,3.3,2026-06-01 09:45,30397.7,SL,-1.0,-1000.0
2026-06-02,LONG,30433.95,2026-06-02 09:40,30446.9,30358.5,30633.1,PDH,2.11,2026-06-02 11:50,30633.1,TP,2.106,2106.33
2026-06-05,SHORT,30321.25,2026-06-05 09:35,29946.9,29999.0,29695.9,swing_low,4.82,2026-06-05 11:10,29695.9,TP,4.818,4817.66
2026-06-08,LONG,29481.15,2026-06-08 09:35,29385.5,29346.5,29658.5,PDH_capped_7R,7.0,2026-06-08 09:55,29346.5,SL,-1.0,-1000.0
2026-06-10,SHORT,28998.8,2026-06-10 09:30,28743.5,28926.3,28189.9,PDL,3.03,2026-06-10 09:35,28926.3,SL,-1.0,-1000.0
2026-06-15,LONG,29469.15,2026-06-15 09:30,30337.5,30275.5,30759.7,swing_high,6.81,,,,,
2026-06-19,LONG,30271.3,2026-06-19 09:30,30328.5,30306.3,30465.9,PDH,6.19,,,,,
2026-06-23,SHORT,30420.75,2026-06-23 09:40,29450.1,29504.6,29068.6,swing_low_capped_7R,7.0,2026-06-23 09:45,29504.6,SL,-1.0,-1000.0
2026-06-29,LONG,29150.6,2026-06-29 09:30,29473.2,29256.9,29955.9,swing_high,2.23,2026-06-29 10:00,29256.9,SL,-1.0,-1000.0
2026-07-03,LONG,29550.95,2026-07-03 09:30,29682.1,29664.4,29806.0,PDH_capped_7R,7.0,2026-07-03 09:35,29664.4,SL,-1.0,-1000.0
2026-07-09,LONG,29039.55,2026-07-09 09:30,29559.0,29444.3,29852.3,swing_high,2.56,2026-07-09 10:20,29444.3,SL,-1.0,-1000.0
2026-07-13,SHORT,29664.15,2026-07-13 09:30,29434.2,29534.9,28729.3,swing_low_capped_7R,7.0,2026-07-13 11:00,29534.9,SL,-1.0,-1000.0
2026-07-14,LONG,29363.2,2026-07-14 09:35,29563.4,29469.0,29861.9,swing_high,3.16,2026-07-14 10:05,29469.0,SL,-1.0,-1000.0
2026-07-15,LONG,29525.75,2026-07-15 09:30,29753.7,29703.2,29861.9,swing_high,2.14,2026-07-15 09:35,29703.2,SL,-1.0,-1000.0
2026-07-20,LONG,28532.2,2026-07-20 09:30,28961.0,28843.1,29786.3,swing_high_capped_7R,7.0,2026-07-20 09:55,28843.1,SL,-1.0,-1000.0
2026-07-21,LONG,28803.8,2026-07-21 09:35,29017.1,28956.3,29442.7,swing_high_capped_7R,7.0,2026-07-21 09:45,28956.3,SL,-1.0,-1000.0
2026-07-22,SHORT,29040.45,2026-07-22 09:45,29005.4,29059.9,28890.5,PDL,2.11,2026-07-22 09:50,29059.9,SL,-1.0,-1000.0
2026-07-27,LONG,28259.55,2026-07-27 09:35,28385.9,28357.9,28466.7,PDH,2.89,2026-07-27 09:40,28357.9,SL,-1.0,-1000.0
2026-07-30,LONG,27559.75,2026-07-30 09:35,27745.0,27692.2,27949.5,PDH,3.87,2026-07-30 09:50,27949.5,TP,3.873,3873.11
2026-08-07,LONG,29346.2,2026-08-07 09:30,29691.8,29562.0,29954.7,swing_high,2.03,2026-08-07 09:55,29562.0,SL,-1.0,-1000.0
2026-08-10,LONG,29599.05,2026-08-10 09:35,29651.4,29607.0,29746.5,PDH,2.14,2026-08-10 10:05,29746.5,TP,2.142,2141.89
2026-08-11,LONG,29697.1,2026-08-11 09:40,29614.6,29581.7,29786.3,PDH,5.22,2026-08-11 09:45,29581.7,SL,-1.0,-1000.0
2026-08-12,LONG,29577.4,2026-08-12 09:35,29781.9,29750.2,29871.3,swing_high,2.82,2026-08-12 09:40,29750.2,SL,-1.0,-1000.0
2026-08-13,SHORT,29801.5,2026-08-13 09:40,29907.4,29958.3,29711.5,PDL,3.85,2026-08-13 09:45,29958.3,SL,-1.0,-1000.0
2026-08-17,LONG,30056.2,2026-08-17 09:40,30101.3,30063.3,30179.5,PDH,2.06,2026-08-17 10:20,30063.3,SL,-1.0,-1000.0
2026-08-18,SHORT,30083.65,2026-08-18 09:30,29597.2,29676.2,29424.5,swing_low,2.19,2026-08-18 09:40,29676.2,SL,-1.0,-1000.0
2026-08-19,LONG,29553.6,2026-08-19 09:40,29519.2,29462.0,29680.9,PDH,2.83,2026-08-19 09:45,29462.0,SL,-1.0,-1000.0
2026-08-21,LONG,29245.45,2026-08-21 09:45,29255.2,29214.0,29379.0,PDH,3.0,2026-08-21 09:50,29214.0,SL,-1.0,-1000.0
