entry_time,exit_time,direction,entry_price,exit_price,stop_loss,take_profit,result,pnl,r_multiple,symbol,strategy_name,trigger_reason,confidence_score
2026-02-05 14:55:00+00:00,2026-02-05 15:00:00+00:00,SELL,24680.40000,24711.80000,24711.30000,24620.10000,LOSS,-101.62,-1.02,USTEC,NasdaqMidlineSweepStrategy,"Bearish midline sweep: lower boundary (24691.30000) swept and reclaimed at 24680.90000, mid=24701.30000",1.00
2026-02-06 14:55:00+00:00,2026-02-06 15:10:00+00:00,SELL,24670.20000,24703.80000,24703.30000,24605.50000,LOSS,-100.48,-1.02,USTEC,NasdaqMidlineSweepStrategy,"Bearish midline sweep: lower boundary (24683.30000) swept and reclaimed at 24670.70000, mid=24693.30000",1.00
2026-02-09 15:35:00+00:00,2026-02-09 15:55:00+00:00,BUY,25014.40000,24991.22500,24991.72500,25058.25000,LOSS,-100.14,-1.02,USTEC,NasdaqMidlineSweepStrategy,"Bullish midline sweep: upper boundary (25011.72500) swept and reclaimed at 25013.90000, mid=25001.72500",1.00
2026-02-10 16:35:00+00:00,2026-02-10 16:40:00+00:00,SELL,25274.10000,25206.80000,25308.75000,25206.30000,WIN,188.36,1.94,USTEC,NasdaqMidlineSweepStrategy,"Bearish midline sweep: lower boundary (25288.75000) swept and reclaimed at 25274.60000, mid=25298.75000",1.00
2026-02-11 15:20:00+00:00,2026-02-11 15:30:00+00:00,BUY,25184.70000,25245.65000,25153.22500,25246.15000,WIN,191.44,1.94,USTEC,NasdaqMidlineSweepStrategy,"Bullish midline sweep: upper boundary (25173.22500) swept and reclaimed at 25184.20000, mid=25163.22500",1.00
2026-02-12 14:55:00+00:00,2026-02-12 15:35:00+00:00,SELL,25275.30000,25299.72500,25299.22500,25228.95000,LOSS,-102.88,-1.02,USTEC,NasdaqMidlineSweepStrategy,"Bearish midline sweep: lower boundary (25279.22500) swept and reclaimed at 25275.80000, mid=25289.22500",1.00
2026-02-13 15:00:00+00:00,2026-02-13 15:10:00+00:00,SELL,24620.40000,24564.50000,24649.35000,24564.00000,WIN,192.60,1.93,USTEC,NasdaqMidlineSweepStrategy,"Bearish midline sweep: lower boundary (24629.35000) swept and reclaimed at 24620.90000, mid=24639.35000",1.00
2026-02-17 15:35:00+00:00,2026-02-17 15:50:00+00:00,SELL,24513.50000,24545.60000,24545.10000,24451.80000,LOSS,-103.28,-1.02,USTEC,NasdaqMidlineSweepStrategy,"Bearish midline sweep: lower boundary (24525.10000) swept and reclaimed at 24514.00000, mid=24535.10000",1.00
2026-02-18 16:45:00+00:00,2026-02-18 16:50:00+00:00,SELL,24784.00000,24815.60000,24815.10000,24723.30000,LOSS,-102.26,-1.02,USTEC,NasdaqMidlineSweepStrategy,"Bearish midline sweep: lower boundary (24795.10000) swept and reclaimed at 24784.50000, mid=24805.10000",1.00
2026-02-19 14:55:00+00:00,2026-02-19 15:20:00+00:00,SELL,24805.50000,24763.35000,24827.57500,24762.85000,WIN,190.21,1.91,USTEC,NasdaqMidlineSweepStrategy,"Bearish midline sweep: lower boundary (24807.57500) swept and reclaimed at 24806.00000, mid=24817.57500",1.00
2026-02-20 15:00:00+00:00,2026-02-20 15:30:00+00:00,BUY,24767.10000,24732.45000,24732.95000,24833.90000,LOSS,-103.01,-1.01,USTEC,NasdaqMidlineSweepStrategy,"Bullish midline sweep: upper boundary (24752.95000) swept and reclaimed at 24766.60000, mid=24742.95000",1.00
2026-02-23 15:10:00+00:00,2026-02-23 16:30:00+00:00,BUY,24872.80000,24936.75000,24839.82500,24937.25000,WIN,194.88,1.94,USTEC,NasdaqMidlineSweepStrategy,"Bullish midline sweep: upper boundary (24859.82500) swept and reclaimed at 24872.30000, mid=24849.82500",1.00
2026-02-24 15:05:00+00:00,2026-02-24 15:45:00+00:00,BUY,24781.30000,24832.35000,24754.77500,24832.85000,WIN,197.15,1.92,USTEC,NasdaqMidlineSweepStrategy,"Bullish midline sweep: upper boundary (24774.77500) swept and reclaimed at 24780.80000, mid=24764.77500",1.00
2026-02-25 16:25:00+00:00,2026-02-25 16:30:00+00:00,BUY,25101.20000,25153.25000,25074.17500,25153.75000,WIN,201.09,1.93,USTEC,NasdaqMidlineSweepStrategy,"Bullish midline sweep: upper boundary (25094.17500) swept and reclaimed at 25100.70000, mid=25084.17500",1.00
2026-02-26 15:05:00+00:00,2026-02-26 15:20:00+00:00,SELL,25313.30000,25343.77500,25343.27500,25254.85000,LOSS,-108.20,-1.02,USTEC,NasdaqMidlineSweepStrategy,"Bearish midline sweep: lower boundary (25323.27500) swept and reclaimed at 25313.80000, mid=25333.27500",1.00
2026-02-27 16:50:00+00:00,2026-02-27 16:55:00+00:00,SELL,24883.30000,24828.90000,24911.50000,24828.40000,WIN,203.21,1.93,USTEC,NasdaqMidlineSweepStrategy,"Bearish midline sweep: lower boundary (24891.50000) swept and reclaimed at 24883.80000, mid=24901.50000",1.00
2026-03-02 14:55:00+00:00,2026-03-02 15:05:00+00:00,SELL,24583.80000,24616.75000,24616.25000,24520.40000,LOSS,-109.03,-1.02,USTEC,NasdaqMidlineSweepStrategy,"Bearish midline sweep: lower boundary (24596.25000) swept and reclaimed at 24584.30000, mid=24606.25000",1.00
2026-03-03 16:40:00+00:00,2026-03-03 16:45:00+00:00,BUY,24557.10000,24534.55000,24535.05000,24599.70000,LOSS,-108.69,-1.02,USTEC,NasdaqMidlineSweepStrategy,"Bullish midline sweep: upper boundary (24555.05000) swept and reclaimed at 24556.60000, mid=24545.05000",1.00
2026-03-04 15:00:00+00:00,2026-03-04 15:05:00+00:00,BUY,24765.10000,24846.95000,24723.17500,24847.45000,WIN,205.37,1.95,USTEC,NasdaqMidlineSweepStrategy,"Bullish midline sweep: upper boundary (24743.17500) swept and reclaimed at 24764.60000, mid=24733.17500",1.00
2026-03-05 16:45:00+00:00,2026-03-05 16:50:00+00:00,SELL,25020.30000,25065.30000,25064.80000,24932.80000,LOSS,-108.45,-1.01,USTEC,NasdaqMidlineSweepStrategy,"Bearish midline sweep: lower boundary (25044.80000) swept and reclaimed at 25020.80000, mid=25054.80000",1.00
2026-03-06 15:35:00+00:00,2026-03-06 15:40:00+00:00,SELL,24791.80000,24748.85000,24814.27500,24748.35000,WIN,202.88,1.91,USTEC,NasdaqMidlineSweepStrategy,"Bearish midline sweep: lower boundary (24794.27500) swept and reclaimed at 24792.30000, mid=24804.27500",1.00
2026-03-09 13:55:00+00:00,2026-03-09 14:00:00+00:00,BUY,24382.80000,24358.40000,24358.90000,24429.10000,LOSS,-110.46,-1.02,USTEC,NasdaqMidlineSweepStrategy,"Bullish midline sweep: upper boundary (24378.90000) swept and reclaimed at 24382.30000, mid=24368.90000",1.00
2026-03-10 15:25:00+00:00,2026-03-10 15:30:00+00:00,BUY,24975.90000,25026.95000,24949.37500,25027.45000,WIN,206.10,1.92,USTEC,NasdaqMidlineSweepStrategy,"Bullish midline sweep: upper boundary (24969.37500) swept and reclaimed at 24975.40000, mid=24959.37500",1.00
2026-03-11 14:30:00+00:00,2026-03-11 14:35:00+00:00,BUY,24969.30000,24931.77500,24932.27500,25041.85000,LOSS,-110.62,-1.01,USTEC,NasdaqMidlineSweepStrategy,"Bullish midline sweep: upper boundary (24952.27500) swept and reclaimed at 24968.80000, mid=24942.27500",1.00
2026-03-12 13:55:00+00:00,2026-03-12 15:20:00+00:00,SELL,24837.20000,24737.75000,24887.92500,24737.25000,WIN,211.82,1.96,USTEC,NasdaqMidlineSweepStrategy,"Bearish midline sweep: lower boundary (24867.92500) swept and reclaimed at 24837.70000, mid=24877.92500",1.00
2026-03-13 14:30:00+00:00,2026-03-13 14:45:00+00:00,BUY,24635.70000,24682.10000,24611.50000,24682.60000,WIN,211.22,1.92,USTEC,NasdaqMidlineSweepStrategy,"Bullish midline sweep: upper boundary (24631.50000) swept and reclaimed at 24635.20000, mid=24621.50000",1.00
2026-03-16 15:35:00+00:00,2026-03-17 02:25:00+00:00,BUY,24677.40000,24593.02500,24593.52500,24843.65000,LOSS,-112.94,-1.01,USTEC,NasdaqMidlineSweepStrategy,"Bullish midline sweep: upper boundary (24613.52500) swept and reclaimed at 24676.90000, mid=24603.52500",1.00
2026-03-17 13:55:00+00:00,2026-03-17 14:05:00+00:00,SELL,24587.00000,24624.57500,24624.07500,24514.35000,LOSS,-112.64,-1.01,USTEC,NasdaqMidlineSweepStrategy,"Bearish midline sweep: lower boundary (24604.07500) swept and reclaimed at 24587.50000, mid=24614.07500",1.00
2026-03-18 13:55:00+00:00,2026-03-18 14:00:00+00:00,SELL,24891.60000,24851.10000,24912.85000,24850.60000,WIN,209.68,1.91,USTEC,NasdaqMidlineSweepStrategy,"Bearish midline sweep: lower boundary (24892.85000) swept and reclaimed at 24892.10000, mid=24902.85000",1.00
2026-03-19 13:55:00+00:00,2026-03-19 14:00:00+00:00,BUY,24310.80000,24281.02500,24281.52500,24367.85000,LOSS,-114.03,-1.02,USTEC,NasdaqMidlineSweepStrategy,"Bullish midline sweep: upper boundary (24301.52500) swept and reclaimed at 24310.30000, mid=24291.52500",1.00
2026-03-20 14:10:00+00:00,2026-03-20 15:30:00+00:00,BUY,24272.00000,24214.12500,24214.62500,24385.25000,LOSS,-111.94,-1.01,USTEC,NasdaqMidlineSweepStrategy,"Bullish midline sweep: upper boundary (24234.62500) swept and reclaimed at 24271.50000, mid=24224.62500",1.00
2026-03-23 16:05:00+00:00,2026-03-23 16:10:00+00:00,SELL,24341.60000,24374.75000,24374.25000,24277.80000,LOSS,-111.54,-1.02,USTEC,NasdaqMidlineSweepStrategy,"Bearish midline sweep: lower boundary (24354.25000) swept and reclaimed at 24342.10000, mid=24364.25000",1.00
2026-03-24 13:55:00+00:00,2026-03-24 14:00:00+00:00,SELL,24122.80000,24182.40000,24181.90000,24006.10000,LOSS,-109.66,-1.01,USTEC,NasdaqMidlineSweepStrategy,"Bearish midline sweep: lower boundary (24161.90000) swept and reclaimed at 24123.30000, mid=24171.90000",1.00
2026-03-25 14:20:00+00:00,2026-03-25 15:35:00+00:00,SELL,24229.90000,24295.32500,24294.82500,24101.55000,LOSS,-108.47,-1.01,USTEC,NasdaqMidlineSweepStrategy,"Bearish midline sweep: lower boundary (24274.82500) swept and reclaimed at 24230.40000, mid=24284.82500",1.00
2026-03-26 14:00:00+00:00,2026-03-26 14:10:00+00:00,SELL,23894.30000,23934.12500,23933.62500,23817.15000,LOSS,-107.91,-1.01,USTEC,NasdaqMidlineSweepStrategy,"Bearish midline sweep: lower boundary (23913.62500) swept and reclaimed at 23894.80000, mid=23923.62500",1.00
2026-03-27 14:05:00+00:00,2026-03-27 15:00:00+00:00,SELL,23446.80000,23396.40000,23473.00000,23395.90000,WIN,202.90,1.92,USTEC,NasdaqMidlineSweepStrategy,"Bearish midline sweep: lower boundary (23453.00000) swept and reclaimed at 23447.30000, mid=23463.00000",1.00
2026-03-30 16:50:00+00:00,2026-03-30 17:40:00+00:00,SELL,23178.00000,23085.35000,23225.32500,23084.85000,WIN,210.47,1.96,USTEC,NasdaqMidlineSweepStrategy,"Bearish midline sweep: lower boundary (23205.32500) swept and reclaimed at 23178.50000, mid=23215.32500",1.00
2026-03-31 13:55:00+00:00,2026-03-31 14:10:00+00:00,BUY,23097.20000,23151.95000,23068.82500,23152.45000,WIN,211.50,1.93,USTEC,NasdaqMidlineSweepStrategy,"Bullish midline sweep: upper boundary (23088.82500) swept and reclaimed at 23096.70000, mid=23078.82500",1.00
2026-04-01 16:35:00+00:00,2026-04-01 16:40:00+00:00,BUY,23976.70000,23900.35000,23900.85000,24126.90000,LOSS,-112.46,-1.01,USTEC,NasdaqMidlineSweepStrategy,"Bullish midline sweep: upper boundary (23920.85000) swept and reclaimed at 23976.20000, mid=23910.85000",1.00
2026-04-02 14:00:00+00:00,2026-04-02 14:05:00+00:00,BUY,23635.30000,23612.50000,23613.00000,23678.40000,LOSS,-113.08,-1.02,USTEC,NasdaqMidlineSweepStrategy,"Bullish midline sweep: upper boundary (23633.00000) swept and reclaimed at 23634.80000, mid=23623.00000",1.00
2026-04-03 14:10:00+00:00,2026-04-03 14:20:00+00:00,SELL,23948.60000,23973.05000,23972.55000,23902.20000,LOSS,-111.76,-1.02,USTEC,NasdaqMidlineSweepStrategy,"Bearish midline sweep: lower boundary (23952.55000) swept and reclaimed at 23949.10000, mid=23962.55000",1.00
2026-04-06 13:55:00+00:00,2026-04-06 16:30:00+00:00,SELL,24140.30000,24178.20000,24177.70000,24067.00000,LOSS,-109.80,-1.01,USTEC,NasdaqMidlineSweepStrategy,"Bearish midline sweep: lower boundary (24157.70000) swept and reclaimed at 24140.80000, mid=24167.70000",1.00
2026-04-07 20:40:00+00:00,2026-04-07 21:20:00+00:00,SELL,24091.70000,24023.55000,24126.77500,24023.05000,WIN,208.40,1.94,USTEC,NasdaqMidlineSweepStrategy,"Bearish midline sweep: lower boundary (24106.77500) swept and reclaimed at 24092.20000, mid=24116.77500",1.00
2026-04-08 15:05:00+00:00,2026-04-08 15:15:00+00:00,BUY,25074.10000,25037.90000,25038.40000,25144.00000,LOSS,-110.87,-1.01,USTEC,NasdaqMidlineSweepStrategy,"Bullish midline sweep: upper boundary (25058.40000) swept and reclaimed at 25073.60000, mid=25048.40000",1.00
2026-04-09 14:00:00+00:00,2026-04-09 14:40:00+00:00,SELL,24811.50000,24853.40000,24852.90000,24730.20000,LOSS,-109.54,-1.01,USTEC,NasdaqMidlineSweepStrategy,"Bearish midline sweep: lower boundary (24832.90000) swept and reclaimed at 24812.00000, mid=24842.90000",1.00
2026-04-10 14:05:00+00:00,2026-04-10 15:30:00+00:00,BUY,25126.00000,25195.30000,25090.35000,25195.80000,WIN,208.26,1.94,USTEC,NasdaqMidlineSweepStrategy,"Bullish midline sweep: upper boundary (25110.35000) swept and reclaimed at 25125.50000, mid=25100.35000",1.00
2026-04-13 14:00:00+00:00,2026-04-13 14:35:00+00:00,BUY,24993.30000,24946.45000,24946.95000,25084.50000,LOSS,-110.40,-1.01,USTEC,NasdaqMidlineSweepStrategy,"Bullish midline sweep: upper boundary (24966.95000) swept and reclaimed at 24992.80000, mid=24956.95000",1.00
2026-04-14 14:20:00+00:00,2026-04-14 15:30:00+00:00,BUY,25486.30000,25539.85000,25458.52500,25540.35000,WIN,208.44,1.93,USTEC,NasdaqMidlineSweepStrategy,"Bullish midline sweep: upper boundary (25478.52500) swept and reclaimed at 25485.80000, mid=25468.52500",1.00
2026-04-15 15:35:00+00:00,2026-04-15 16:35:00+00:00,BUY,25822.30000,25884.85000,25790.02500,25885.35000,WIN,213.57,1.94,USTEC,NasdaqMidlineSweepStrategy,"Bullish midline sweep: upper boundary (25810.02500) swept and reclaimed at 25821.80000, mid=25800.02500",1.00
2026-04-16 14:35:00+00:00,2026-04-16 16:30:00+00:00,BUY,26260.10000,26223.72500,26224.22500,26330.35000,LOSS,-113.90,-1.01,USTEC,NasdaqMidlineSweepStrategy,"Bullish midline sweep: upper boundary (26244.22500) swept and reclaimed at 26259.60000, mid=26234.22500",1.00
2026-04-20 14:05:00+00:00,2026-04-20 14:30:00+00:00,SELL,26525.90000,26552.40000,26551.90000,26475.40000,LOSS,-113.33,-1.02,USTEC,NasdaqMidlineSweepStrategy,"Bearish midline sweep: lower boundary (26531.90000) swept and reclaimed at 26526.40000, mid=26541.90000",1.00
2026-04-21 13:55:00+00:00,2026-04-21 14:05:00+00:00,BUY,26721.10000,26693.82500,26694.32500,26773.15000,LOSS,-112.12,-1.02,USTEC,NasdaqMidlineSweepStrategy,"Bullish midline sweep: upper boundary (26714.32500) swept and reclaimed at 26720.60000, mid=26704.32500",1.00
2026-04-22 14:25:00+00:00,2026-04-22 15:00:00+00:00,SELL,26660.60000,26692.05000,26691.55000,26600.20000,LOSS,-110.70,-1.02,USTEC,NasdaqMidlineSweepStrategy,"Bearish midline sweep: lower boundary (26671.55000) swept and reclaimed at 26661.10000, mid=26681.55000",1.00
2026-04-23 14:00:00+00:00,2026-04-23 14:30:00+00:00,BUY,26829.80000,26799.65000,26800.15000,26887.60000,LOSS,-109.65,-1.02,USTEC,NasdaqMidlineSweepStrategy,"Bullish midline sweep: upper boundary (26820.15000) swept and reclaimed at 26829.30000, mid=26810.15000",1.00
2026-04-24 14:05:00+00:00,2026-04-24 14:10:00+00:00,BUY,27067.00000,27148.45000,27025.27500,27148.95000,WIN,208.36,1.95,USTEC,NasdaqMidlineSweepStrategy,"Bullish midline sweep: upper boundary (27045.27500) swept and reclaimed at 27066.50000, mid=27035.27500",1.00
2026-04-27 15:20:00+00:00,2026-04-27 15:35:00+00:00,SELL,27314.90000,27256.45000,27345.12500,27255.95000,WIN,210.44,1.93,USTEC,NasdaqMidlineSweepStrategy,"Bearish midline sweep: lower boundary (27325.12500) swept and reclaimed at 27315.40000, mid=27335.12500",1.00
2026-04-28 14:05:00+00:00,2026-04-28 14:15:00+00:00,SELL,27103.50000,27042.90000,27134.80000,27042.40000,WIN,214.76,1.94,USTEC,NasdaqMidlineSweepStrategy,"Bearish midline sweep: lower boundary (27114.80000) swept and reclaimed at 27104.00000, mid=27124.80000",1.00
2026-04-29 18:10:00+00:00,2026-04-29 18:25:00+00:00,SELL,27118.50000,27149.40000,27148.90000,27059.20000,LOSS,-114.93,-1.02,USTEC,NasdaqMidlineSweepStrategy,"Bearish midline sweep: lower boundary (27128.90000) swept and reclaimed at 27119.00000, mid=27138.90000",1.00
2026-04-30 14:10:00+00:00,2026-04-30 14:25:00+00:00,BUY,27283.10000,27355.30000,27246.00000,27355.80000,WIN,217.81,1.95,USTEC,NasdaqMidlineSweepStrategy,"Bullish midline sweep: upper boundary (27266.00000) swept and reclaimed at 27282.60000, mid=27256.00000",1.00
2026-05-01 14:00:00+00:00,2026-05-01 14:10:00+00:00,BUY,27442.50000,27413.87500,27414.37500,27497.25000,LOSS,-116.13,-1.02,USTEC,NasdaqMidlineSweepStrategy,"Bullish midline sweep: upper boundary (27434.37500) swept and reclaimed at 27442.00000, mid=27424.37500",1.00
2026-05-04 15:05:00+00:00,2026-05-04 16:00:00+00:00,BUY,27731.70000,27697.95000,27698.45000,27796.70000,LOSS,-114.64,-1.02,USTEC,NasdaqMidlineSweepStrategy,"Bullish midline sweep: upper boundary (27718.45000) swept and reclaimed at 27731.20000, mid=27708.45000",1.00
2026-05-05 14:05:00+00:00,2026-05-05 15:05:00+00:00,SELL,27790.30000,27833.62500,27833.12500,27706.15000,LOSS,-113.10,-1.01,USTEC,NasdaqMidlineSweepStrategy,"Bearish midline sweep: lower boundary (27813.12500) swept and reclaimed at 27790.80000, mid=27823.12500",1.00
2026-05-06 13:55:00+00:00,2026-05-06 14:40:00+00:00,BUY,28483.50000,28444.22500,28444.72500,28559.55000,LOSS,-112.09,-1.01,USTEC,NasdaqMidlineSweepStrategy,"Bullish midline sweep: upper boundary (28464.72500) swept and reclaimed at 28483.00000, mid=28454.72500",1.00
2026-05-07 14:15:00+00:00,2026-05-07 15:10:00+00:00,SELL,28602.30000,28626.87500,28626.37500,28555.65000,LOSS,-111.82,-1.02,USTEC,NasdaqMidlineSweepStrategy,"Bearish midline sweep: lower boundary (28606.37500) swept and reclaimed at 28602.80000, mid=28616.37500",1.00
2026-05-08 15:30:00+00:00,2026-05-08 15:40:00+00:00,BUY,28788.50000,28859.70000,28751.90000,28860.20000,WIN,210.92,1.95,USTEC,NasdaqMidlineSweepStrategy,"Bullish midline sweep: upper boundary (28771.90000) swept and reclaimed at 28788.00000, mid=28761.90000",1.00
2026-05-13 14:05:00+00:00,2026-05-13 15:00:00+00:00,SELL,29256.70000,29291.40000,29290.90000,29189.80000,LOSS,-112.15,-1.01,USTEC,NasdaqMidlineSweepStrategy,"Bearish midline sweep: lower boundary (29270.90000) swept and reclaimed at 29257.20000, mid=29280.90000",1.00
2026-05-14 15:55:00+00:00,2026-05-14 16:30:00+00:00,SELL,29384.60000,29438.27500,29437.77500,29279.75000,LOSS,-110.44,-1.01,USTEC,NasdaqMidlineSweepStrategy,"Bearish midline sweep: lower boundary (29417.77500) swept and reclaimed at 29385.10000, mid=29427.77500",1.00
2026-05-15 15:00:00+00:00,2026-05-15 15:30:00+00:00,SELL,29151.90000,29055.55000,29201.07500,29055.05000,WIN,212.21,1.96,USTEC,NasdaqMidlineSweepStrategy,"Bearish midline sweep: lower boundary (29181.07500) swept and reclaimed at 29152.40000, mid=29191.07500",1.00
2026-05-18 14:10:00+00:00,2026-05-18 14:15:00+00:00,SELL,28966.90000,29023.35000,29022.85000,28856.50000,LOSS,-111.42,-1.01,USTEC,NasdaqMidlineSweepStrategy,"Bearish midline sweep: lower boundary (29002.85000) swept and reclaimed at 28967.40000, mid=29012.85000",1.00
2026-05-19 14:00:00+00:00,2026-05-19 14:55:00+00:00,BUY,28827.20000,28776.70000,28777.20000,28925.70000,LOSS,-110.41,-1.01,USTEC,NasdaqMidlineSweepStrategy,"Bullish midline sweep: upper boundary (28797.20000) swept and reclaimed at 28826.70000, mid=28787.20000",1.00
2026-05-20 14:40:00+00:00,2026-05-20 15:25:00+00:00,SELL,29007.80000,29050.00000,29049.50000,28925.90000,LOSS,-109.51,-1.01,USTEC,NasdaqMidlineSweepStrategy,"Bearish midline sweep: lower boundary (29029.50000) swept and reclaimed at 29008.30000, mid=29039.50000",1.00
2026-05-21 15:20:00+00:00,2026-05-21 15:25:00+00:00,BUY,29169.60000,29147.55000,29148.05000,29211.20000,LOSS,-109.60,-1.02,USTEC,NasdaqMidlineSweepStrategy,"Bullish midline sweep: upper boundary (29168.05000) swept and reclaimed at 29169.10000, mid=29158.05000",1.00
2026-05-25 15:05:00+00:00,2026-05-25 15:30:00+00:00,BUY,29902.20000,29879.10000,29879.60000,29945.90000,LOSS,-108.37,-1.02,USTEC,NasdaqMidlineSweepStrategy,"Bullish midline sweep: upper boundary (29899.60000) swept and reclaimed at 29901.70000, mid=29889.60000",1.00
2026-05-26 16:30:00+00:00,2026-05-26 16:35:00+00:00,BUY,29831.90000,29801.52500,29802.02500,29890.15000,LOSS,-106.69,-1.02,USTEC,NasdaqMidlineSweepStrategy,"Bullish midline sweep: upper boundary (29822.02500) swept and reclaimed at 29831.40000, mid=29812.02500",1.00
2026-05-27 16:30:00+00:00,2026-05-27 16:35:00+00:00,SELL,30115.50000,30029.95000,30159.27500,30029.45000,WIN,202.99,1.95,USTEC,NasdaqMidlineSweepStrategy,"Bearish midline sweep: lower boundary (30139.27500) swept and reclaimed at 30116.00000, mid=30149.27500",1.00
2026-05-28 13:55:00+00:00,2026-05-28 14:40:00+00:00,SELL,29837.30000,29861.92500,29861.42500,29790.55000,LOSS,-108.09,-1.02,USTEC,NasdaqMidlineSweepStrategy,"Bearish midline sweep: lower boundary (29841.42500) swept and reclaimed at 29837.80000, mid=29851.42500",1.00
2026-05-29 14:05:00+00:00,2026-05-29 14:30:00+00:00,BUY,30276.00000,30251.60000,30252.10000,30322.30000,LOSS,-107.01,-1.02,USTEC,NasdaqMidlineSweepStrategy,"Bullish midline sweep: upper boundary (30272.10000) swept and reclaimed at 30275.50000, mid=30262.10000",1.00
2026-06-01 14:05:00+00:00,2026-06-01 16:10:00+00:00,SELL,30411.40000,30337.25000,30449.47500,30336.75000,WIN,202.05,1.95,USTEC,NasdaqMidlineSweepStrategy,"Bearish midline sweep: lower boundary (30429.47500) swept and reclaimed at 30411.90000, mid=30439.47500",1.00
2026-06-02 14:05:00+00:00,2026-06-02 14:25:00+00:00,SELL,30451.80000,30493.15000,30492.65000,30371.60000,LOSS,-107.06,-1.01,USTEC,NasdaqMidlineSweepStrategy,"Bearish midline sweep: lower boundary (30472.65000) swept and reclaimed at 30452.30000, mid=30482.65000",1.00
2026-06-03 14:05:00+00:00,2026-06-03 15:30:00+00:00,BUY,30730.10000,30701.17500,30701.67500,30785.45000,LOSS,-106.54,-1.02,USTEC,NasdaqMidlineSweepStrategy,"Bullish midline sweep: upper boundary (30721.67500) swept and reclaimed at 30729.60000, mid=30711.67500",1.00
2026-06-04 14:35:00+00:00,2026-06-04 14:55:00+00:00,SELL,30182.20000,30216.57500,30216.07500,30115.95000,LOSS,-105.16,-1.01,USTEC,NasdaqMidlineSweepStrategy,"Bearish midline sweep: lower boundary (30196.07500) swept and reclaimed at 30182.70000, mid=30206.07500",1.00
2026-06-05 13:55:00+00:00,2026-06-05 14:20:00+00:00,SELL,30145.50000,30082.85000,30177.82500,30082.35000,WIN,198.82,1.94,USTEC,NasdaqMidlineSweepStrategy,"Bearish midline sweep: lower boundary (30157.82500) swept and reclaimed at 30146.00000, mid=30167.82500",1.00
2026-06-08 14:10:00+00:00,2026-06-08 14:15:00+00:00,BUY,29226.80000,29293.35000,29192.52500,29293.85000,WIN,203.04,1.94,USTEC,NasdaqMidlineSweepStrategy,"Bullish midline sweep: upper boundary (29212.52500) swept and reclaimed at 29226.30000, mid=29202.52500",1.00
2026-06-09 16:40:00+00:00,2026-06-09 16:45:00+00:00,BUY,29646.90000,29724.15000,29607.27500,29724.65000,WIN,207.82,1.95,USTEC,NasdaqMidlineSweepStrategy,"Bullish midline sweep: upper boundary (29627.27500) swept and reclaimed at 29646.40000, mid=29617.27500",1.00
2026-06-10 13:55:00+00:00,2026-06-10 14:00:00+00:00,SELL,28747.90000,28776.85000,28776.35000,28692.50000,LOSS,-110.59,-1.02,USTEC,NasdaqMidlineSweepStrategy,"Bearish midline sweep: lower boundary (28756.35000) swept and reclaimed at 28748.40000, mid=28766.35000",1.00
2026-06-11 14:00:00+00:00,2026-06-11 14:05:00+00:00,SELL,28844.90000,28788.35000,28874.17500,28787.85000,WIN,207.79,1.93,USTEC,NasdaqMidlineSweepStrategy,"Bearish midline sweep: lower boundary (28854.17500) swept and reclaimed at 28845.40000, mid=28864.17500",1.00
2026-06-12 14:05:00+00:00,2026-06-12 15:25:00+00:00,BUY,29556.20000,29509.60000,29510.10000,29646.90000,LOSS,-110.84,-1.01,USTEC,NasdaqMidlineSweepStrategy,"Bullish midline sweep: upper boundary (29530.10000) swept and reclaimed at 29555.70000, mid=29520.10000",1.00
2026-06-15 14:05:00+00:00,2026-06-15 16:30:00+00:00,BUY,30258.70000,30342.50000,30215.80000,30343.00000,WIN,212.02,1.95,USTEC,NasdaqMidlineSweepStrategy,"Bullish midline sweep: upper boundary (30235.80000) swept and reclaimed at 30258.20000, mid=30225.80000",1.00
2026-06-16 14:05:00+00:00,2026-06-16 15:15:00+00:00,BUY,30632.80000,30590.70000,30591.20000,30714.50000,LOSS,-111.99,-1.01,USTEC,NasdaqMidlineSweepStrategy,"Bullish midline sweep: upper boundary (30611.20000) swept and reclaimed at 30632.30000, mid=30601.20000",1.00
2026-06-17 14:45:00+00:00,2026-06-17 15:30:00+00:00,SELL,30104.20000,30151.47500,30150.97500,30012.15000,LOSS,-110.71,-1.01,USTEC,NasdaqMidlineSweepStrategy,"Bearish midline sweep: lower boundary (30130.97500) swept and reclaimed at 30104.70000, mid=30140.97500",1.00
2026-06-18 14:10:00+00:00,2026-06-18 15:20:00+00:00,SELL,30086.40000,30136.95000,30136.45000,29987.80000,LOSS,-109.52,-1.01,USTEC,NasdaqMidlineSweepStrategy,"Bearish midline sweep: lower boundary (30116.45000) swept and reclaimed at 30086.90000, mid=30126.45000",1.00
2026-06-19 14:20:00+00:00,2026-06-19 14:25:00+00:00,BUY,30257.20000,30233.75000,30234.25000,30301.60000,LOSS,-109.68,-1.02,USTEC,NasdaqMidlineSweepStrategy,"Bullish midline sweep: upper boundary (30254.25000) swept and reclaimed at 30256.70000, mid=30244.25000",1.00
2026-06-22 14:05:00+00:00,2026-06-22 16:30:00+00:00,BUY,30454.30000,30568.10000,30396.40000,30568.60000,WIN,208.82,1.97,USTEC,NasdaqMidlineSweepStrategy,"Bullish midline sweep: upper boundary (30416.40000) swept and reclaimed at 30453.80000, mid=30406.40000",1.00
2026-06-23 15:35:00+00:00,2026-06-23 16:40:00+00:00,SELL,29406.80000,29491.52500,29491.02500,29239.85000,LOSS,-108.97,-1.01,USTEC,NasdaqMidlineSweepStrategy,"Bearish midline sweep: lower boundary (29471.02500) swept and reclaimed at 29407.30000, mid=29481.02500",1.00
2026-06-24 13:55:00+00:00,2026-06-24 14:45:00+00:00,SELL,29492.80000,29528.72500,29528.22500,29423.45000,LOSS,-108.75,-1.01,USTEC,NasdaqMidlineSweepStrategy,"Bearish midline sweep: lower boundary (29508.22500) swept and reclaimed at 29493.30000, mid=29518.22500",1.00
2026-06-25 14:05:00+00:00,2026-06-25 14:10:00+00:00,BUY,29881.60000,29846.92500,29847.42500,29948.45000,LOSS,-107.71,-1.01,USTEC,NasdaqMidlineSweepStrategy,"Bullish midline sweep: upper boundary (29867.42500) swept and reclaimed at 29881.10000, mid=29857.42500",1.00
2026-06-26 14:55:00+00:00,2026-06-26 15:00:00+00:00,SELL,29010.00000,29070.90000,29070.40000,28890.70000,LOSS,-105.95,-1.01,USTEC,NasdaqMidlineSweepStrategy,"Bearish midline sweep: lower boundary (29050.40000) swept and reclaimed at 29010.50000, mid=29060.40000",1.00
2026-06-29 14:15:00+00:00,2026-06-29 14:30:00+00:00,SELL,29421.00000,29447.65000,29447.15000,29370.20000,LOSS,-106.01,-1.02,USTEC,NasdaqMidlineSweepStrategy,"Bearish midline sweep: lower boundary (29427.15000) swept and reclaimed at 29421.50000, mid=29437.15000",1.00
2026-06-30 16:35:00+00:00,2026-06-30 16:55:00+00:00,BUY,29901.80000,30072.45000,29815.47500,30072.95000,WIN,203.53,1.98,USTEC,NasdaqMidlineSweepStrategy,"Bullish midline sweep: upper boundary (29835.47500) swept and reclaimed at 29901.30000, mid=29825.47500",1.00
2026-07-01 14:50:00+00:00,2026-07-01 15:30:00+00:00,SELL,30105.30000,30045.85000,30136.02500,30045.35000,WIN,203.15,1.93,USTEC,NasdaqMidlineSweepStrategy,"Bearish midline sweep: lower boundary (30116.02500) swept and reclaimed at 30105.80000, mid=30126.02500",1.00
2026-07-02 14:15:00+00:00,2026-07-02 14:20:00+00:00,BUY,29746.50000,29714.42500,29714.92500,29808.15000,LOSS,-108.72,-1.02,USTEC,NasdaqMidlineSweepStrategy,"Bullish midline sweep: upper boundary (29734.92500) swept and reclaimed at 29746.00000, mid=29724.92500",1.00
2026-07-03 14:55:00+00:00,2026-07-03 16:30:00+00:00,BUY,29647.10000,29692.50000,29623.40000,29693.00000,WIN,202.93,1.92,USTEC,NasdaqMidlineSweepStrategy,"Bullish midline sweep: upper boundary (29643.40000) swept and reclaimed at 29646.60000, mid=29633.40000",1.00
2026-07-06 14:00:00+00:00,2026-07-06 14:05:00+00:00,BUY,29644.10000,29616.90000,29617.40000,29696.00000,LOSS,-109.99,-1.02,USTEC,NasdaqMidlineSweepStrategy,"Bullish midline sweep: upper boundary (29637.40000) swept and reclaimed at 29643.60000, mid=29627.40000",1.00
2026-07-07 14:05:00+00:00,2026-07-07 15:00:00+00:00,SELL,29382.70000,29419.05000,29418.55000,29312.50000,LOSS,-108.36,-1.01,USTEC,NasdaqMidlineSweepStrategy,"Bearish midline sweep: lower boundary (29398.55000) swept and reclaimed at 29383.20000, mid=29408.55000",1.00
2026-07-08 14:00:00+00:00,2026-07-08 14:40:00+00:00,SELL,28786.60000,28820.37500,28819.87500,28721.55000,LOSS,-107.37,-1.02,USTEC,NasdaqMidlineSweepStrategy,"Bearish midline sweep: lower boundary (28799.87500) swept and reclaimed at 28787.10000, mid=28809.87500",1.00
2026-07-09 14:05:00+00:00,2026-07-09 14:30:00+00:00,SELL,29400.10000,29426.60000,29426.10000,29349.60000,LOSS,-106.72,-1.02,USTEC,NasdaqMidlineSweepStrategy,"Bearish midline sweep: lower boundary (29406.10000) swept and reclaimed at 29400.60000, mid=29416.10000",1.00
