entry_time,direction,entry_price,stop,target,exit_reason,r_multiple_net
2021-02-01 10:45:00-05:00,BUY,13087.2,13054.8,13152.0,SL,-1.0926
2021-02-02 13:15:00-05:00,BUY,13447.4,13440.7,13460.8,TP,1.5522
2021-02-03 12:30:00-05:00,BUY,13479.5,13470.3,13497.9,TP,1.6739
2021-02-05 12:00:00-05:00,BUY,13569.1,13556.4,13594.5,TP,1.7638
2021-02-08 15:30:00-05:00,SELL,13660.9,13681.4,13619.9,SL,-1.1463
2021-02-09 11:00:00-05:00,BUY,13705.4,13684.1,13748.0,SL,-1.1408
2021-02-11 12:45:00-05:00,SELL,13684.9,13730.2,13594.3,SL,-1.0662
2021-02-12 13:15:00-05:00,BUY,13722.3,13696.1,13774.7,TP,1.8855
2021-02-15 11:00:00-05:00,BUY,13866.3,13863.9,13871.1,SL,-2.25
2021-02-17 10:45:00-05:00,SELL,13622.7,13631.2,13605.7,SL,-1.3529
2021-02-18 10:45:00-05:00,SELL,13528.6,13572.3,13441.2,SL,-1.0686
2021-02-22 13:15:00-05:00,SELL,13367.7,13426.0,13251.1,TP,1.9485
2021-02-23 12:15:00-05:00,BUY,12920.6,12892.3,12977.2,TP,1.894
2021-02-26 10:30:00-05:00,SELL,12914.7,12991.0,12762.1,SL,-1.0393
2021-03-02 11:00:00-05:00,SELL,13198.0,13207.7,13178.6,TP,1.6907
2021-03-03 11:00:00-05:00,SELL,12927.5,12955.5,12871.5,SL,-1.1071
2021-03-04 10:30:00-05:00,SELL,12620.7,12721.9,12418.3,SL,-1.0296
2021-03-05 11:30:00-05:00,SELL,12285.3,12344.5,12166.9,SL,-1.0507
2021-03-08 12:15:00-05:00,SELL,12560.1,12633.1,12414.1,TP,1.9589
2021-03-09 10:45:00-05:00,BUY,12697.9,12607.9,12877.9,TP,1.9667
2021-03-10 11:00:00-05:00,SELL,12842.8,12892.1,12744.2,TP,1.9391
2021-03-11 21:15:00-05:00,BUY,13028.1,13002.6,13079.1,SL,-1.1176
2021-03-12 12:00:00-05:00,BUY,12855.3,12841.8,12882.3,TP,1.7778
2021-03-15 10:15:00-04:00,BUY,12963.0,12930.6,13027.8,SL,-1.0926
2021-03-16 12:15:00-04:00,BUY,13229.2,13206.7,13274.2,SL,-1.1333
2021-03-17 14:00:00-04:00,SELL,13044.0,13064.1,13003.8,SL,-1.1493
2021-03-18 12:30:00-04:00,BUY,12996.3,12970.8,13047.3,SL,-1.1176
2021-03-19 11:15:00-04:00,BUY,12814.3,12788.4,12866.1,TP,1.8842
2021-03-22 21:30:00-04:00,BUY,13057.7,13036.5,13100.1,SL,-1.1415
2021-03-23 10:30:00-04:00,BUY,13112.7,13095.7,13146.7,SL,-1.1765
2021-03-24 10:45:00-04:00,SELL,13006.0,13028.1,12961.8,SL,-1.1357
2021-03-25 12:15:00-04:00,SELL,12770.2,12817.5,12675.6,TP,1.9366
2021-03-26 11:30:00-04:00,SELL,12819.8,12832.6,12794.2,SL,-1.2344
2021-03-29 10:15:00-04:00,SELL,12886.5,12942.3,12774.9,SL,-1.0538
2021-03-30 12:30:00-04:00,SELL,12886.4,12919.8,12819.6,SL,-1.0898
2021-04-01 15:30:00-04:00,SELL,13310.7,13319.1,13293.9,SL,-1.3571
2021-04-06 13:00:00-04:00,BUY,13609.2,13601.1,13625.4,SL,-1.3704
2021-04-07 11:30:00-04:00,BUY,13582.0,13572.1,13601.8,TP,1.697
2021-04-08 14:45:00-04:00,BUY,13749.7,13745.5,13758.1,SL,-1.7143
2021-04-09 10:15:00-04:00,BUY,13735.6,13717.5,13771.8,SL,-1.1657
2021-04-12 13:30:00-04:00,BUY,13807.8,13796.8,13829.8,SL,-1.2727
2021-04-14 11:45:00-04:00,SELL,13912.8,13929.0,13880.4,SL,-1.1852
2021-04-15 10:45:00-04:00,BUY,13996.6,13981.3,14027.2,SL,-1.1961
2021-04-16 12:45:00-04:00,BUY,14034.7,14020.5,14063.1,SL,-1.2113
2021-04-19 10:30:00-04:00,SELL,13951.4,14009.1,13836.0,TP,1.948
2021-04-21 10:15:00-04:00,BUY,13780.9,13741.2,13860.3,TP,1.9244
2021-04-22 11:00:00-04:00,BUY,13923.7,13899.9,13971.3,SL,-1.1261
2021-04-27 10:30:00-04:00,SELL,13974.7,14002.3,13919.5,TP,1.8913
2021-04-28 10:15:00-04:00,BUY,13973.1,13929.0,14061.3,SL,-1.068
2021-04-29 14:45:00-04:00,SELL,13981.3,14036.2,13871.5,TP,1.9454
2021-04-30 10:45:00-04:00,BUY,13926.4,13904.6,13970.0,SL,-1.1376
2021-05-03 10:30:00-04:00,BUY,13927.8,13883.7,14016.0,SL,-1.068
2021-05-04 10:15:00-04:00,SELL,13555.6,13608.0,13450.8,TP,1.9427
2021-05-05 10:30:00-04:00,SELL,13615.5,13654.5,13537.5,TP,1.9231
2021-05-06 11:00:00-04:00,BUY,13456.3,13430.1,13508.7,SL,-1.1145
2021-05-07 10:45:00-04:00,BUY,13779.3,13733.2,13871.5,SL,-1.0651
2021-05-10 11:45:00-04:00,SELL,13519.2,13523.8,13510.0,SL,-1.6522
2021-05-11 10:45:00-04:00,SELL,13193.4,13237.2,13105.8,SL,-1.0685
2021-05-12 11:00:00-04:00,SELL,13095.1,13114.8,13055.7,SL,-1.1523
2021-05-13 12:30:00-04:00,SELL,13146.6,13209.3,13021.2,TP,1.9522
2021-05-17 15:00:00-04:00,SELL,13289.0,13299.3,13268.4,TP,1.7087
2021-05-18 11:30:00-04:00,BUY,13352.8,13335.3,13387.8,SL,-1.1714
2021-05-19 12:45:00-04:00,BUY,13147.7,13137.6,13167.9,TP,1.703
2021-05-21 11:00:00-04:00,SELL,13477.5,13485.9,13460.7,SL,-1.3571
2021-05-25 11:45:00-04:00,SELL,13642.5,13669.3,13588.9,SL,-1.1119
2021-05-26 10:45:00-04:00,BUY,13697.4,13667.6,13757.0,SL,-1.1007
2021-05-27 10:45:00-04:00,BUY,13681.5,13659.7,13725.1,SL,-1.1376
2021-05-28 13:15:00-04:00,BUY,13745.4,13728.9,13778.4,SL,-1.1818
2021-05-31 12:15:00-04:00,BUY,13674.7,13673.4,13677.3,SL,-3.3077
2021-06-02 10:45:00-04:00,BUY,13691.9,13670.1,13735.5,SL,-1.1376
2021-06-03 10:30:00-04:00,BUY,13512.9,13498.2,13542.3,SL,-1.2041
2021-06-07 11:45:00-04:00,SELL,13734.2,13744.3,13714.0,SL,-1.297
2021-06-09 13:30:00-04:00,BUY,13856.6,13847.6,13874.6,SL,-1.3333
2021-06-10 10:15:00-04:00,BUY,13926.0,13916.7,13944.6,SL,-1.3226
2021-06-11 15:00:00-04:00,BUY,13967.5,13962.3,13977.9,TP,1.4231
2021-06-14 11:30:00-04:00,BUY,14033.4,14028.4,14043.4,TP,1.4
2021-06-15 11:45:00-04:00,SELL,14067.9,14079.1,14045.5,SL,-1.2679
2021-06-16 11:00:00-04:00,SELL,14077.3,14098.3,14035.3,TP,1.8571
2021-06-18 11:30:00-04:00,SELL,14067.8,14092.8,14017.8,SL,-1.12
2021-06-23 12:00:00-04:00,SELL,14304.3,14316.0,14280.9,TP,1.7436
2021-06-24 11:15:00-04:00,BUY,14400.9,14391.9,14418.9,TP,1.6667
2021-06-25 10:15:00-04:00,SELL,14370.3,14399.1,14312.7,SL,-1.1042
2021-06-28 11:00:00-04:00,BUY,14471.6,14466.8,14481.2,TP,1.375
2021-06-29 10:30:00-04:00,SELL,14518.7,14529.8,14496.5,SL,-1.2703
2021-06-30 11:45:00-04:00,SELL,14569.8,14573.2,14563.0,SL,-1.8824
2021-07-01 11:45:00-04:00,SELL,14519.0,14549.4,14458.2,SL,-1.0987
2021-07-02 11:00:00-04:00,SELL,14654.4,14660.4,14642.4,TP,1.5
2021-07-05 21:15:00-04:00,BUY,14717.1,14705.6,14740.1,SL,-1.2609
2021-07-06 11:00:00-04:00,SELL,14765.5,14778.6,14739.3,TP,1.771
2021-07-07 11:00:00-04:00,SELL,14792.9,14801.6,14775.5,TP,1.6552
2021-07-08 21:45:00-04:00,BUY,14669.4,14657.3,14693.6,SL,-1.2479
2021-07-12 11:45:00-04:00,SELL,14850.4,14853.9,14843.4,SL,-1.8571
2021-07-13 13:15:00-04:00,BUY,14927.1,14881.8,15017.7,SL,-1.0662
2021-07-14 12:15:00-04:00,SELL,14941.5,14964.3,14895.9,TP,1.8684
2021-07-19 12:00:00-04:00,BUY,14532.0,14529.9,14536.2,SL,-2.4286
2021-07-21 11:30:00-04:00,BUY,14782.5,14775.0,14797.5,SL,-1.4
2021-07-22 11:00:00-04:00,BUY,14921.1,14917.5,14928.3,SL,-1.8333
2021-07-26 10:15:00-04:00,BUY,15102.9,15096.9,15114.9,TP,1.5
2021-07-28 10:30:00-04:00,BUY,15013.8,14990.1,15061.2,TP,1.8734
2021-07-29 13:00:00-04:00,SELL,15068.2,15081.9,15040.8,SL,-1.219
2021-07-30 10:15:00-04:00,BUY,14960.2,14924.8,15031.0,SL,-1.0847
2021-08-02 10:30:00-04:00,BUY,15007.2,14984.0,15053.6,TP,1.8707
2021-08-03 10:15:00-04:00,SELL,14940.9,14991.1,14840.5,SL,-1.0598
2021-08-05 11:15:00-04:00,BUY,15158.1,15139.2,15195.9,SL,-1.1587
2021-08-06 11:15:00-04:00,SELL,15094.4,15124.2,15034.8,TP,1.8993
2021-08-09 12:45:00-04:00,SELL,15125.5,15126.6,15123.3,SL,-3.7273
2021-08-11 12:00:00-04:00,SELL,15023.9,15050.8,14970.1,TP,1.8885
2021-08-13 10:30:00-04:00,BUY,15116.0,15108.1,15131.8,TP,1.6203
2021-08-16 13:15:00-04:00,SELL,15049.1,15101.4,14944.5,SL,-1.0574
2021-08-17 11:00:00-04:00,BUY,15030.3,15020.4,15050.1,SL,-1.303
2021-08-19 10:30:00-04:00,BUY,14846.3,14806.7,14925.5,TP,1.9242
2021-08-20 11:30:00-04:00,BUY,15041.1,14996.8,15129.7,TP,1.9323
2021-08-24 11:00:00-04:00,BUY,15356.7,15337.0,15396.1,SL,-1.1523
2021-08-25 15:00:00-04:00,BUY,15365.7,15359.9,15377.3,TP,1.4828
2021-08-26 11:15:00-04:00,SELL,15323.7,15352.8,15265.5,SL,-1.1031
2021-08-27 10:30:00-04:00,BUY,15381.6,15311.3,15522.2,TP,1.9573
2021-08-31 12:45:00-04:00,BUY,15591.1,15574.5,15624.3,SL,-1.1807
2021-09-02 10:30:00-04:00,SELL,15638.7,15649.2,15617.7,SL,-1.2857
2021-09-03 10:15:00-04:00,BUY,15630.2,15590.1,15710.4,SL,-1.0748
2021-09-08 11:00:00-04:00,SELL,15579.6,15628.5,15481.8,SL,-1.0613
2021-09-09 11:45:00-04:00,SELL,15629.5,15646.8,15594.9,TP,1.8266
2021-09-13 10:30:00-04:00,SELL,15402.9,15451.7,15305.3,SL,-1.0615
2021-09-14 10:15:00-04:00,SELL,15454.9,15484.7,15395.3,SL,-1.1007
2021-09-15 10:30:00-04:00,SELL,15354.2,15372.4,15317.8,SL,-1.1648
2021-09-20 20:30:00-04:00,SELL,15080.1,15124.1,14992.1,SL,-1.0682
2021-09-21 11:00:00-04:00,SELL,15074.6,15085.2,15053.4,SL,-1.283
2021-09-23 11:15:00-04:00,BUY,15294.0,15277.8,15326.4,TP,1.8148
2021-09-27 10:45:00-04:00,BUY,15198.6,15160.8,15274.2,SL,-1.0794
2021-09-29 10:15:00-04:00,BUY,14869.8,14813.6,14982.2,SL,-1.0534
2021-09-30 13:00:00-04:00,SELL,14775.1,14847.9,14629.5,TP,1.9588
2021-10-01 10:45:00-04:00,SELL,14598.6,14630.1,14535.6,SL,-1.0952
2021-10-05 21:45:00-04:00,BUY,14590.0,14553.7,14662.6,SL,-1.0826
2021-10-06 10:45:00-04:00,BUY,14641.9,14594.5,14736.7,SL,-1.0633
2021-10-07 11:00:00-04:00,BUY,14986.0,14968.8,15020.4,SL,-1.1744
2021-10-08 11:00:00-04:00,SELL,14884.8,14907.0,14840.4,TP,1.8649
2021-10-11 10:30:00-04:00,BUY,14875.5,14839.2,14948.1,SL,-1.0826
2021-10-12 12:15:00-04:00,BUY,14717.7,14677.5,14798.1,SL,-1.0746
2021-10-13 12:15:00-04:00,BUY,14725.2,14710.1,14755.4,TP,1.8013
2021-10-14 10:30:00-04:00,BUY,14982.9,14960.0,15028.7,TP,1.869
2021-10-15 11:30:00-04:00,BUY,15097.0,15066.0,15159.0,SL,-1.0968
2021-10-18 10:30:00-04:00,BUY,15143.8,15124.8,15181.8,TP,1.8421
2021-10-19 11:15:00-04:00,BUY,15380.4,15351.9,15437.4,TP,1.8947
2021-10-20 10:45:00-04:00,BUY,15437.9,15428.0,15457.7,SL,-1.303
2021-10-21 11:30:00-04:00,BUY,15415.7,15394.2,15458.7,TP,1.8605
2021-10-25 11:30:00-04:00,BUY,15428.4,15423.3,15438.6,TP,1.4118
2021-10-26 10:45:00-04:00,BUY,15688.7,15654.7,15756.7,SL,-1.0882
2021-10-27 15:00:00-04:00,BUY,15679.5,15670.2,15698.1,SL,-1.3226
2021-10-28 11:00:00-04:00,BUY,15727.2,15714.0,15753.6,TP,1.7727
2021-11-01 13:15:00-04:00,BUY,15851.4,15838.0,15878.2,SL,-1.2239
2021-11-02 12:15:00-04:00,SELL,15954.6,15985.3,15893.2,SL,-1.0977
2021-11-03 12:15:00-04:00,BUY,15986.4,15980.4,15998.4,TP,1.5
2021-11-08 12:30:00-05:00,SELL,16351.6,16360.2,16334.4,SL,-1.3488
2021-11-09 10:15:00-05:00,SELL,16251.3,16374.0,16005.9,TP,1.9756
2021-11-11 12:30:00-05:00,SELL,16057.9,16083.6,16006.5,SL,-1.1167
2021-11-15 10:30:00-05:00,SELL,16189.8,16237.1,16095.2,TP,1.9366
2021-11-16 12:00:00-05:00,BUY,16289.1,16236.9,16393.5,TP,1.9425
2021-11-17 12:15:00-05:00,BUY,16328.5,16316.6,16352.3,SL,-1.2521
2021-11-18 10:30:00-05:00,SELL,16355.5,16401.4,16263.7,SL,-1.0654
2021-11-19 10:15:00-05:00,BUY,16573.7,16567.5,16586.1,SL,-1.4839
2021-11-22 10:45:00-05:00,BUY,16726.3,16714.6,16749.7,SL,-1.2564
2021-11-23 15:45:00-05:00,SELL,16310.9,16400.5,16131.7,TP,1.9665
2021-11-24 14:00:00-05:00,BUY,16268.7,16249.0,16308.1,TP,1.8477
2021-11-25 10:45:00-05:00,BUY,16408.7,16401.3,16423.5,SL,-1.4054
2021-11-26 12:15:00-05:00,SELL,16122.6,16137.1,16093.6,SL,-1.2069
2021-11-30 10:15:00-05:00,BUY,16405.2,16358.4,16498.8,SL,-1.0641
2021-12-01 11:45:00-05:00,BUY,16351.9,16326.9,16401.9,SL,-1.12
2021-12-02 11:30:00-05:00,BUY,15937.2,15891.3,16029.0,SL,-1.0654
2021-12-06 10:30:00-05:00,BUY,15740.0,15667.9,15884.2,SL,-1.0416
2021-12-08 12:15:00-05:00,BUY,16304.4,16299.6,16314.0,SL,-1.625
2021-12-09 10:45:00-05:00,SELL,16293.9,16328.4,16224.9,SL,-1.087
2021-12-10 11:30:00-05:00,SELL,16233.7,16307.7,16085.7,SL,-1.0405
2021-12-13 10:45:00-05:00,SELL,16237.7,16313.7,16085.7,TP,1.9605
2021-12-14 11:15:00-05:00,SELL,15828.3,15881.2,15722.5,SL,-1.0567
2021-12-15 13:45:00-05:00,SELL,15848.2,15864.6,15815.4,SL,-1.1829
2021-12-16 10:15:00-05:00,SELL,16191.4,16251.0,16072.2,TP,1.9497
2021-12-17 11:30:00-05:00,BUY,15824.9,15751.6,15971.5,SL,-1.0409
2021-12-20 15:30:00-05:00,BUY,15614.1,15594.2,15653.9,TP,1.8492
2021-12-21 10:15:00-05:00,SELL,15708.0,15737.2,15649.6,TP,1.8973
2021-12-22 13:30:00-05:00,BUY,16070.7,16017.1,16177.9,TP,1.944
2021-12-23 10:30:00-05:00,BUY,16260.9,16248.2,16286.3,TP,1.7638
2021-12-28 11:45:00-05:00,SELL,16547.4,16551.1,16540.0,SL,-1.8108
2021-12-29 10:30:00-05:00,SELL,16460.2,16524.7,16331.2,SL,-1.0465
2021-12-30 10:45:00-05:00,BUY,16555.8,16514.3,16638.8,SL,-1.0723
2022-01-05 12:00:00-05:00,SELL,16152.4,16179.1,16099.0,TP,1.8876
2022-01-06 15:30:00-05:00,BUY,15763.8,15661.8,15967.8,SL,-1.0294
2022-01-10 11:15:00-05:00,SELL,15282.6,15327.7,15192.4,SL,-1.0665
2022-01-11 10:30:00-05:00,BUY,15593.7,15559.5,15662.1,SL,-1.0877
2022-01-12 11:30:00-05:00,SELL,15919.1,15988.6,15780.1,SL,-1.0432
2022-01-13 10:30:00-05:00,SELL,15887.8,15951.5,15760.4,TP,1.9529
2022-01-14 12:00:00-05:00,BUY,15548.3,15485.3,15674.3,SL,-1.0476
2022-01-17 21:45:00-05:00,BUY,15581.2,15576.7,15590.2,TP,1.3333
2022-01-18 10:30:00-05:00,BUY,15392.2,15343.3,15490.0,SL,-1.0613
2022-01-19 12:15:00-05:00,SELL,15305.2,15366.7,15182.2,TP,1.9512
2022-01-20 11:15:00-05:00,BUY,15296.7,15283.3,15323.5,SL,-1.2239
2022-01-21 11:45:00-05:00,BUY,14699.3,14642.5,14812.9,SL,-1.0528
2022-01-24 12:45:00-05:00,SELL,13948.0,14033.2,13777.6,SL,-1.0352
2022-01-25 10:15:00-05:00,SELL,14147.5,14221.5,13999.5,SL,-1.0405
2022-01-26 11:00:00-05:00,SELL,14431.0,14457.1,14378.8,SL,-1.1149
2022-01-27 10:45:00-05:00,SELL,14281.9,14415.8,14014.1,TP,1.9776
2022-01-28 14:15:00-05:00,BUY,14099.5,13973.5,14351.5,TP,1.9762
2022-02-02 10:45:00-05:00,SELL,15098.6,15115.0,15065.8,TP,1.8171
2022-02-03 10:45:00-05:00,BUY,14771.1,14725.6,14862.1,SL,-1.0659
2022-02-04 11:15:00-05:00,SELL,14551.5,14572.7,14509.1,SL,-1.1415
2022-02-07 14:30:00-05:00,SELL,14703.8,14735.1,14641.2,SL,-1.0958
2022-02-09 13:00:00-05:00,BUY,14983.9,14963.5,15024.7,TP,1.8529
2022-02-10 11:00:00-05:00,BUY,14907.2,14839.7,15042.2,SL,-1.0444
2022-02-14 11:45:00-05:00,BUY,14326.5,14280.6,14418.3,SL,-1.0654
2022-02-15 11:00:00-05:00,BUY,14524.7,14508.5,14557.1,TP,1.8148
2022-02-16 11:15:00-05:00,BUY,14440.5,14436.9,14447.7,SL,-1.8333
2022-02-18 14:30:00-05:00,SELL,14101.3,14148.6,14006.7,SL,-1.0634
2022-02-25 11:00:00-05:00,BUY,14037.4,13996.0,14120.2,TP,1.9275
2022-02-28 12:00:00-05:00,BUY,14188.6,14098.9,14368.0,SL,-1.0334
2022-03-01 12:45:00-05:00,SELL,14089.7,14152.0,13965.1,TP,1.9518
2022-03-04 12:30:00-05:00,BUY,13831.0,13790.2,13912.6,TP,1.9265
2022-03-08 11:15:00-05:00,BUY,13233.6,13185.4,13330.0,SL,-1.0622
2022-03-09 13:00:00-05:00,BUY,13717.0,13674.3,13802.4,SL,-1.0703
2022-03-10 13:45:00-05:00,SELL,13514.1,13516.9,13508.5,SL,-2.0714
2022-03-16 12:45:00-04:00,BUY,13751.8,13726.2,13803.0,SL,-1.1172
2022-03-17 10:15:00-04:00,BUY,13955.2,13892.6,14080.4,SL,-1.0479
2022-03-18 10:30:00-04:00,BUY,14145.8,14070.8,14295.8,TP,1.96
2022-03-21 10:45:00-04:00,SELL,14322.4,14444.9,14077.4,SL,-1.0245
2022-03-23 10:45:00-04:00,BUY,14557.0,14496.9,14677.2,TP,1.9501
2022-03-25 12:15:00-04:00,SELL,14663.9,14753.9,14483.9,SL,-1.0333
2022-03-28 12:30:00-04:00,SELL,14777.3,14832.8,14666.3,SL,-1.0541
2022-03-29 10:30:00-04:00,SELL,15107.0,15156.6,15007.8,SL,-1.0605
2022-03-30 12:00:00-04:00,SELL,15166.6,15211.5,15076.8,TP,1.9332
2022-03-31 13:45:00-04:00,SELL,15021.5,15050.8,14962.9,SL,-1.1024
2022-04-01 14:30:00-04:00,SELL,14838.5,14859.0,14797.5,SL,-1.1463
2022-04-04 10:15:00-04:00,BUY,15030.6,14995.4,15101.0,TP,1.9148
2022-04-05 10:30:00-04:00,SELL,14977.0,15071.0,14789.0,TP,1.9681
2022-04-06 10:30:00-04:00,SELL,14512.5,14535.8,14465.9,TP,1.8712
2022-04-07 11:00:00-04:00,SELL,14487.4,14516.6,14429.0,TP,1.8973
2022-04-08 11:15:00-04:00,BUY,14451.1,14384.2,14584.9,SL,-1.0448
2022-04-11 13:00:00-04:00,SELL,14117.2,14141.5,14068.6,TP,1.8765
2022-04-12 10:15:00-04:00,BUY,14222.5,14176.4,14314.7,SL,-1.0651
2022-04-13 11:45:00-04:00,BUY,14143.5,14068.6,14293.3,TP,1.9599
2022-04-14 10:30:00-04:00,SELL,14081.6,14118.3,14008.2,TP,1.9183
2022-04-18 10:45:00-04:00,BUY,13934.7,13867.3,14069.5,SL,-1.0445
2022-04-20 10:15:00-04:00,SELL,14115.4,14130.6,14085.0,SL,-1.1974
2022-04-21 10:30:00-04:00,SELL,14181.6,14208.3,14128.2,TP,1.8876
2022-04-22 12:30:00-04:00,SELL,13553.4,13621.9,13416.4,TP,1.9562
2022-04-25 10:45:00-04:00,BUY,13383.6,13308.6,13533.6,SL,-1.04
2022-04-27 10:30:00-04:00,SELL,13040.9,13184.3,12754.1,SL,-1.0209
2022-04-29 11:45:00-04:00,SELL,13257.5,13355.1,13062.3,TP,1.9693
2022-05-02 10:45:00-04:00,BUY,12969.1,12826.3,13254.7,SL,-1.021
2022-05-03 11:45:00-04:00,BUY,13081.7,13033.0,13179.1,SL,-1.0616
2022-05-04 12:15:00-04:00,SELL,13033.4,13091.0,12918.2,SL,-1.0521
2022-05-06 10:30:00-04:00,BUY,12670.9,12554.5,12903.7,TP,1.9742
2022-05-09 10:45:00-04:00,SELL,12351.3,12425.4,12203.1,TP,1.9595
2022-05-10 13:30:00-04:00,SELL,12359.8,12434.2,12211.0,SL,-1.0403
2022-05-11 11:15:00-04:00,SELL,12318.3,12407.1,12140.7,TP,1.9662
2022-05-12 11:15:00-04:00,BUY,12029.3,11937.9,12212.1,SL,-1.0328
2022-05-13 14:00:00-04:00,BUY,12240.3,12197.7,12325.5,TP,1.9296
2022-05-16 11:30:00-04:00,SELL,12285.4,12367.8,12120.6,SL,-1.0364
2022-05-17 11:00:00-04:00,SELL,12370.2,12410.2,12290.2,SL,-1.075
2022-05-19 12:15:00-04:00,BUY,12004.6,11944.1,12125.6,SL,-1.0496
2022-05-23 10:45:00-04:00,BUY,11874.4,11843.4,11936.4,TP,1.9032
2022-05-24 11:45:00-04:00,SELL,11678.0,11744.5,11545.0,SL,-1.0451
2022-05-25 10:45:00-04:00,BUY,11865.4,11833.6,11929.0,SL,-1.0943
2022-05-27 10:45:00-04:00,BUY,12549.5,12518.0,12612.5,SL,-1.0952
2022-05-30 11:45:00-04:00,BUY,12802.4,12787.0,12833.2,SL,-1.1948
2022-05-31 11:00:00-04:00,BUY,12603.4,12566.4,12677.4,SL,-1.0811
2022-06-03 12:45:00-04:00,SELL,12609.7,12636.2,12556.7,SL,-1.1132
2022-06-06 11:00:00-04:00,BUY,12749.5,12748.4,12751.7,SL,-3.7273
2022-06-07 11:30:00-04:00,BUY,12581.0,12512.4,12718.2,TP,1.9563
2022-06-09 11:30:00-04:00,SELL,12585.9,12625.6,12506.5,TP,1.9244
2022-06-10 15:15:00-04:00,SELL,11947.6,12048.0,11746.8,TP,1.9701
2022-06-13 12:00:00-04:00,SELL,11443.1,11483.8,11361.7,SL,-1.0737
2022-06-14 13:30:00-04:00,BUY,11360.0,11329.2,11421.6,SL,-1.0974
2022-06-15 11:00:00-04:00,SELL,11476.6,11499.6,11430.6,SL,-1.1304
2022-06-16 11:00:00-04:00,SELL,11139.2,11211.8,10994.0,SL,-1.0413
2022-06-17 11:00:00-04:00,SELL,11184.4,11247.8,11057.6,SL,-1.0473
2022-06-21 11:45:00-04:00,BUY,11590.5,11559.9,11651.7,SL,-1.098
2022-06-22 15:30:00-04:00,BUY,11534.1,11496.8,11608.7,SL,-1.0804
2022-06-23 11:00:00-04:00,BUY,11665.9,11632.9,11731.9,SL,-1.0909
2022-06-24 10:30:00-04:00,BUY,12007.4,11931.8,12158.6,TP,1.9603
2022-06-27 13:00:00-04:00,SELL,12074.4,12097.3,12028.6,TP,1.869
2022-06-29 13:00:00-04:00,SELL,11636.8,11667.7,11575.0,SL,-1.0971
2022-06-30 10:30:00-04:00,SELL,11384.6,11415.7,11322.4,SL,-1.0965
2022-07-01 10:45:00-04:00,SELL,11437.3,11455.0,11401.9,SL,-1.1695
2022-07-04 10:30:00-04:00,SELL,11521.5,11528.7,11507.1,SL,-1.4167
2022-07-05 11:30:00-04:00,SELL,11486.9,11506.6,11447.5,SL,-1.1523
2022-07-06 14:00:00-04:00,BUY,11809.4,11799.3,11829.6,SL,-1.297
2022-07-07 12:15:00-04:00,BUY,12054.7,12040.3,12083.5,TP,1.7917
2022-07-08 10:45:00-04:00,BUY,12090.4,12039.0,12193.2,SL,-1.0584
2022-07-11 14:00:00-04:00,BUY,11938.0,11909.2,11995.6,SL,-1.1042
2022-07-12 10:15:00-04:00,SELL,11835.8,11945.9,11615.6,TP,1.9728
2022-07-13 11:00:00-04:00,BUY,11753.5,11646.2,11968.1,SL,-1.028
2022-07-14 12:00:00-04:00,BUY,11653.1,11628.9,11701.5,SL,-1.124
2022-07-15 11:30:00-04:00,BUY,11950.3,11922.8,12005.3,SL,-1.1091
2022-07-18 12:45:00-04:00,BUY,12131.8,12116.3,12162.8,SL,-1.1935
2022-07-20 13:00:00-04:00,BUY,12364.0,12319.4,12453.2,TP,1.9327
2022-07-21 11:15:00-04:00,BUY,12445.4,12419.6,12497.0,TP,1.8837
2022-07-25 10:30:00-04:00,SELL,12336.2,12367.4,12273.8,SL,-1.0962
2022-07-26 10:45:00-04:00,SELL,12166.9,12197.3,12106.1,TP,1.9013
2022-07-27 11:15:00-04:00,BUY,12408.8,12381.6,12463.2,TP,1.8897
2022-07-29 12:00:00-04:00,SELL,12854.6,12905.7,12752.4,SL,-1.0587
2022-08-01 10:15:00-04:00,BUY,12956.2,12938.6,12991.4,TP,1.8295
2022-08-02 13:30:00-04:00,BUY,12907.9,12895.3,12933.1,SL,-1.2381
2022-08-04 10:45:00-04:00,SELL,13234.3,13267.3,13168.3,SL,-1.0909
2022-08-05 10:30:00-04:00,BUY,13246.2,13169.3,13400.0,SL,-1.039
2022-08-09 10:15:00-04:00,SELL,12999.7,13065.4,12868.3,SL,-1.0457
2022-08-11 10:30:00-04:00,BUY,13510.2,13480.8,13569.0,SL,-1.102
2022-08-16 10:45:00-04:00,SELL,13555.1,13580.4,13504.5,SL,-1.1186
2022-08-18 12:00:00-04:00,BUY,13524.7,13513.8,13546.5,SL,-1.2752
2022-08-22 18:30:00-04:00,SELL,12928.3,12942.1,12900.7,SL,-1.2174
2022-08-23 11:15:00-04:00,SELL,12907.8,12937.3,12848.8,SL,-1.1017
2022-08-24 11:30:00-04:00,BUY,12953.4,12917.4,13025.4,SL,-1.0833
2022-08-25 11:00:00-04:00,BUY,13027.6,12961.3,13160.2,TP,1.9548
2022-08-29 11:30:00-04:00,SELL,12511.7,12555.2,12424.7,SL,-1.069
2022-09-01 11:00:00-04:00,SELL,12085.0,12157.1,11940.8,SL,-1.0416
2022-09-02 12:15:00-04:00,BUY,12353.4,12299.3,12461.6,SL,-1.0555
2022-09-05 12:30:00-04:00,BUY,12148.3,12131.5,12181.9,SL,-1.1786
2022-09-06 10:30:00-04:00,SELL,12039.4,12089.1,11940.0,SL,-1.0604
2022-09-07 11:30:00-04:00,BUY,12119.2,12071.5,12214.6,TP,1.9371
2022-09-08 12:00:00-04:00,BUY,12289.6,12246.1,12376.6,SL,-1.069
2022-09-09 10:15:00-04:00,BUY,12491.7,12442.1,12590.9,TP,1.9395
2022-09-12 10:30:00-04:00,BUY,12724.4,12686.7,12799.8,SL,-1.0796
2022-09-13 10:15:00-04:00,SELL,12325.5,12346.9,12282.7,TP,1.8598
2022-09-14 15:45:00-04:00,SELL,12127.9,12144.8,12094.1,SL,-1.1775
2022-09-15 10:15:00-04:00,BUY,12109.9,12094.3,12141.1,SL,-1.1923
2022-09-16 11:15:00-04:00,SELL,11774.3,11792.5,11737.9,TP,1.8352
2022-09-19 11:15:00-04:00,BUY,11867.1,11847.0,11907.3,SL,-1.1493
2022-09-20 12:15:00-04:00,BUY,11925.1,11892.4,11990.5,SL,-1.0917
2022-09-21 12:45:00-04:00,BUY,11919.6,11910.1,11938.6,SL,-1.3158
2022-09-22 11:45:00-04:00,SELL,11499.2,11517.4,11462.8,SL,-1.1648
2022-09-23 15:30:00-04:00,SELL,11306.5,11311.3,11296.9,SL,-1.625
2022-09-27 11:00:00-04:00,BUY,11413.4,11371.0,11498.2,SL,-1.0708
2022-09-29 10:45:00-04:00,SELL,11147.5,11194.3,11053.9,SL,-1.0641
2022-09-30 11:30:00-04:00,BUY,11264.6,11237.3,11319.2,SL,-1.1099
2022-10-04 12:15:00-04:00,BUY,11554.6,11498.0,11667.8,SL,-1.053
2022-10-05 11:15:00-04:00,SELL,11370.3,11416.0,11278.9,SL,-1.0656
2022-10-06 10:30:00-04:00,SELL,11524.0,11576.6,11418.8,SL,-1.057
2022-10-07 10:15:00-04:00,SELL,11190.2,11216.0,11138.6,TP,1.8837
2022-10-10 11:15:00-04:00,SELL,10923.4,10982.9,10804.4,SL,-1.0504
2022-10-11 10:15:00-04:00,SELL,10789.9,10828.1,10713.5,SL,-1.0785
2022-10-12 11:30:00-04:00,BUY,10823.3,10788.1,10893.7,SL,-1.0852
2022-10-17 11:15:00-04:00,SELL,11028.8,11055.0,10976.4,SL,-1.1145
2022-10-18 10:15:00-04:00,SELL,11299.8,11326.5,11246.4,TP,1.8876
2022-10-19 10:45:00-04:00,BUY,11166.2,11095.7,11307.2,SL,-1.0426
2022-10-20 12:15:00-04:00,BUY,11152.7,11121.4,11215.3,SL,-1.0958
2022-10-21 10:15:00-04:00,BUY,11102.3,11042.6,11221.7,SL,-1.0503
2022-10-24 10:30:00-04:00,SELL,11241.1,11324.9,11073.5,SL,-1.0358
2022-10-25 10:30:00-04:00,BUY,11580.6,11522.9,11696.0,SL,-1.052
2022-10-26 12:45:00-04:00,BUY,11526.2,11513.0,11552.6,SL,-1.2273
2022-10-31 13:00:00-04:00,SELL,11418.1,11442.1,11370.1,SL,-1.125
2022-11-02 11:30:00-04:00,SELL,11210.6,11238.0,11155.8,SL,-1.1095
2022-11-03 12:15:00-04:00,SELL,10786.2,10836.0,10686.6,TP,1.9398
2022-11-04 10:45:00-04:00,BUY,10840.4,10809.4,10902.4,SL,-1.0968
2022-11-07 13:30:00-05:00,BUY,10880.0,10867.2,10905.6,TP,1.7656
2022-11-08 13:30:00-05:00,BUY,11057.1,11033.1,11105.1,SL,-1.125
2022-11-09 11:00:00-05:00,SELL,10949.3,10962.2,10923.5,SL,-1.2326
2022-11-10 10:15:00-05:00,BUY,11391.3,11282.2,11609.5,TP,1.9725
2022-11-11 10:30:00-05:00,BUY,11680.9,11613.8,11815.1,SL,-1.0447
2022-11-14 11:00:00-05:00,BUY,11734.3,11719.1,11764.7,SL,-1.1974
2022-11-15 11:15:00-05:00,SELL,11977.9,11991.7,11950.3,SL,-1.2174
2022-11-16 12:00:00-05:00,BUY,11725.8,11714.2,11749.0,TP,1.7414
2022-11-17 10:45:00-05:00,BUY,11604.2,11583.7,11645.2,SL,-1.1463
2022-11-18 10:30:00-05:00,SELL,11699.3,11726.8,11644.3,TP,1.8909
2022-11-22 10:30:00-05:00,BUY,11571.0,11523.8,11665.4,TP,1.9364
2022-11-23 11:45:00-05:00,BUY,11779.6,11768.2,11802.4,SL,-1.2632
2022-11-24 11:15:00-05:00,BUY,11897.3,11893.9,11904.1,SL,-1.8824
2022-11-25 11:45:00-05:00,SELL,11775.8,11787.8,11751.8,TP,1.75
2022-11-28 12:00:00-05:00,SELL,11700.2,11735.0,11630.6,TP,1.9138
2022-11-30 13:00:00-05:00,SELL,11530.0,11543.6,11502.8,SL,-1.2206
2022-12-01 10:45:00-05:00,SELL,11998.4,12118.3,11758.6,TP,1.975
2022-12-02 12:30:00-05:00,BUY,11904.4,11878.5,11956.2,TP,1.8842
2022-12-05 10:30:00-05:00,SELL,11905.4,11892.5,11879.6,SL,0.7674
2022-12-07 11:45:00-05:00,SELL,11489.3,11522.5,11422.9,SL,-1.0904
2022-12-08 11:15:00-05:00,BUY,11588.5,11481.9,11801.7,TP,1.9719
2022-12-14 10:30:00-05:00,BUY,11904.8,11895.8,11922.8,TP,1.6667
2022-12-16 15:30:00-05:00,SELL,11275.3,11344.0,11137.9,TP,1.9563
2022-12-19 10:15:00-05:00,SELL,11162.6,11204.2,11079.4,TP,1.9279
2022-12-20 11:00:00-05:00,BUY,11051.2,10976.4,11200.8,TP,1.9599
2022-12-22 15:45:00-05:00,SELL,10952.9,11019.7,10819.3,SL,-1.0449
2022-12-23 10:45:00-05:00,BUY,10936.2,10870.2,11068.2,TP,1.9545
2022-12-27 11:00:00-05:00,BUY,10862.2,10844.6,10897.4,TP,1.8295
2023-01-04 10:30:00-05:00,SELL,10849.7,10905.7,10737.7,SL,-1.0536
2023-01-05 13:45:00-05:00,BUY,10806.5,10746.5,10926.5,SL,-1.05
2023-01-09 10:15:00-05:00,BUY,11215.9,11170.9,11305.9,TP,1.9333
2023-01-10 13:15:00-05:00,BUY,11139.2,11123.9,11169.8,TP,1.8039
2023-01-11 11:30:00-05:00,BUY,11290.0,11252.4,11365.2,TP,1.9202
2023-01-12 10:30:00-05:00,BUY,11385.8,11289.8,11577.8,TP,1.9688
2023-01-17 10:30:00-05:00,BUY,11592.3,11555.5,11665.9,SL,-1.0815
2023-01-19 12:30:00-05:00,BUY,11280.7,11270.9,11300.3,TP,1.6939
2023-01-24 13:00:00-05:00,SELL,11855.6,11872.9,11821.0,SL,-1.1734
2023-01-26 10:15:00-05:00,SELL,11953.7,11964.5,11932.1,SL,-1.2778
2023-01-27 10:45:00-05:00,BUY,12058.2,12047.2,12080.2,TP,1.7273
2023-01-30 11:00:00-05:00,SELL,12009.8,12066.5,11896.4,TP,1.9471
2023-01-31 12:00:00-05:00,BUY,12005.4,11990.9,12034.4,TP,1.7931
2023-02-01 11:15:00-05:00,SELL,12069.8,12081.3,12046.8,SL,-1.2609
2023-02-02 14:45:00-05:00,BUY,12693.7,12648.4,12784.3,TP,1.9338
2023-02-03 12:45:00-05:00,BUY,12722.0,12714.0,12738.0,SL,-1.375
2023-02-06 10:45:00-05:00,SELL,12469.2,12517.2,12373.2,SL,-1.0625
2023-02-07 12:15:00-05:00,BUY,12507.0,12481.0,12559.0,TP,1.8846
2023-02-09 13:15:00-05:00,SELL,12508.3,12546.6,12431.7,TP,1.9217
2023-02-10 11:00:00-05:00,SELL,12318.1,12349.1,12256.1,TP,1.9032
2023-02-13 14:45:00-05:00,BUY,12461.1,12429.3,12524.7,TP,1.9057
2023-02-14 10:30:00-05:00,BUY,12554.1,12469.4,12723.5,SL,-1.0354
2023-02-16 12:15:00-05:00,BUY,12578.3,12543.8,12647.3,TP,1.913
2023-02-17 13:00:00-05:00,SELL,12269.6,12279.3,12250.2,SL,-1.3093
2023-02-20 10:30:00-05:00,SELL,12351.3,12360.0,12333.9,SL,-1.3448
2023-02-21 10:30:00-05:00,SELL,12192.3,12203.0,12170.9,TP,1.7196
2023-02-22 10:45:00-05:00,SELL,12065.6,12099.1,11998.6,SL,-1.0896
2023-02-23 10:30:00-05:00,SELL,12175.4,12208.4,12109.4,TP,1.9091
2023-02-24 13:00:00-05:00,SELL,11925.6,11947.1,11882.6,SL,-1.1395
2023-02-27 10:30:00-05:00,BUY,12133.6,12125.4,12150.0,SL,-1.3659
2023-02-28 11:30:00-05:00,BUY,12075.8,12055.5,12116.4,SL,-1.1478
2023-03-01 10:30:00-05:00,SELL,11967.0,12031.5,11838.0,TP,1.9535
2023-03-02 10:15:00-05:00,BUY,11873.9,11852.6,11916.5,TP,1.8592
2023-03-06 12:45:00-05:00,BUY,12390.4,12368.7,12433.8,SL,-1.1382
2023-03-07 10:30:00-05:00,SELL,12248.1,12321.1,12102.1,TP,1.9589
2023-03-08 15:30:00-05:00,SELL,12204.4,12236.1,12141.0,TP,1.9054
2023-03-09 10:15:00-05:00,BUY,12305.8,12267.8,12381.8,SL,-1.0789
2023-03-10 11:15:00-05:00,BUY,11981.1,11918.3,12106.7,SL,-1.0478
2023-03-14 10:45:00-04:00,BUY,12173.1,12150.4,12218.5,TP,1.8678
2023-03-15 12:30:00-04:00,SELL,12108.7,12130.2,12065.7,TP,1.8605
2023-03-20 11:45:00-04:00,BUY,12514.6,12478.3,12587.2,SL,-1.0826
2023-03-21 10:45:00-04:00,SELL,12640.5,12655.6,12610.3,TP,1.8013
2023-03-22 10:45:00-04:00,BUY,12793.2,12748.0,12883.6,TP,1.9336
2023-03-23 13:15:00-04:00,BUY,12793.9,12770.6,12840.5,SL,-1.1288
2023-03-24 11:30:00-04:00,SELL,12643.9,12685.8,12560.1,SL,-1.0716
2023-03-27 10:45:00-04:00,SELL,12785.1,12804.1,12747.1,TP,1.8421
2023-03-28 11:00:00-04:00,SELL,12560.4,12594.4,12492.4,SL,-1.0882
2023-03-29 11:15:00-04:00,SELL,12784.9,12794.1,12766.5,SL,-1.3261
2023-03-30 14:00:00-04:00,SELL,12925.9,12939.8,12898.1,SL,-1.2158
2023-04-03 11:15:00-04:00,SELL,13086.1,13131.3,12995.7,SL,-1.0664
2023-04-04 11:30:00-04:00,SELL,13135.3,13158.7,13088.5,TP,1.8718
2023-04-05 11:30:00-04:00,SELL,12957.1,12983.3,12904.7,TP,1.8855
2023-04-06 10:30:00-04:00,BUY,12909.4,12881.7,12964.8,TP,1.8917
2023-04-10 11:45:00-04:00,BUY,12953.1,12916.4,13026.5,SL,-1.0817
2023-04-11 14:00:00-04:00,BUY,13007.6,12999.0,13024.8,TP,1.6512
2023-04-12 11:45:00-04:00,SELL,12977.1,13018.1,12895.1,TP,1.9268
2023-04-13 10:30:00-04:00,BUY,13019.0,12969.3,13118.4,TP,1.9396
2023-04-17 11:00:00-04:00,SELL,13048.1,13061.0,13022.3,TP,1.7674
2023-04-19 23:00:00-04:00,BUY,13035.1,13028.2,13048.9,TP,1.5652
2023-04-20 10:30:00-04:00,BUY,13043.4,13028.1,13074.0,SL,-1.1961
2023-04-21 10:15:00-04:00,SELL,12945.9,12976.1,12885.5,SL,-1.0993
2023-04-24 11:00:00-04:00,SELL,12950.2,13014.3,12822.0,TP,1.9532
2023-04-26 11:30:00-04:00,BUY,12894.8,12864.4,12955.6,SL,-1.0987
2023-04-28 10:30:00-04:00,BUY,13185.1,13134.1,13287.1,SL,-1.0588
2023-05-01 11:45:00-04:00,SELL,13213.1,13225.6,13188.1,SL,-1.24
2023-05-03 12:15:00-04:00,BUY,13132.2,13118.2,13160.2,TP,1.7857
2023-05-04 10:45:00-04:00,SELL,12970.3,12977.0,12956.9,SL,-1.4478
2023-05-08 11:30:00-04:00,BUY,13227.7,13219.6,13243.9,TP,1.6296
2023-05-09 12:15:00-04:00,SELL,13211.8,13221.5,13192.4,SL,-1.3093
2023-05-10 11:15:00-04:00,SELL,13292.4,13341.9,13193.4,SL,-1.0606
2023-05-11 11:15:00-04:00,BUY,13356.4,13318.8,13431.6,TP,1.9202
2023-05-15 10:30:00-04:00,SELL,13338.9,13367.8,13281.1,SL,-1.1038
2023-05-16 13:45:00-04:00,SELL,13492.1,13497.3,13481.7,SL,-1.5769
2023-05-19 14:15:00-04:00,SELL,13796.1,13808.1,13772.1,SL,-1.25
2023-05-22 12:00:00-04:00,SELL,13859.8,13871.8,13835.8,TP,1.75
2023-05-23 13:00:00-04:00,SELL,13762.9,13795.1,13698.5,TP,1.9068
2023-05-24 14:00:00-04:00,BUY,13586.5,13564.8,13629.9,SL,-1.1382
2023-05-29 22:30:00-04:00,BUY,14352.3,14348.3,14360.3,TP,1.25
2023-05-30 10:15:00-04:00,SELL,14429.5,14494.7,14299.1,TP,1.954
2023-05-31 13:30:00-04:00,SELL,14308.1,14351.0,14222.3,TP,1.9301
2023-06-01 11:00:00-04:00,BUY,14324.5,14274.2,14425.1,TP,1.9404
2023-06-02 10:15:00-04:00,SELL,14509.9,14579.5,14370.7,SL,-1.0431
2023-06-05 13:30:00-04:00,BUY,14614.0,14586.4,14669.2,SL,-1.1087
2023-06-06 11:15:00-04:00,BUY,14562.9,14558.6,14571.5,SL,-1.6977
2023-06-09 10:30:00-04:00,BUY,14635.8,14612.1,14683.2,SL,-1.1266
2023-06-13 10:45:00-04:00,SELL,14873.4,14911.6,14797.0,SL,-1.0785
2023-06-14 14:00:00-04:00,BUY,14929.3,14919.9,14948.1,SL,-1.3191
2023-06-20 12:15:00-04:00,SELL,15048.1,15059.9,15024.5,SL,-1.2542
2023-06-21 10:15:00-04:00,SELL,14967.7,15016.0,14871.1,TP,1.9379
2023-06-22 10:30:00-04:00,BUY,14906.3,14887.6,14943.7,TP,1.8396
2023-06-23 14:45:00-04:00,BUY,14890.0,14857.5,14955.0,TP,1.9077
2023-06-26 10:15:00-04:00,BUY,14963.6,14930.5,15029.8,SL,-1.0906
2023-06-28 11:15:00-04:00,BUY,14987.3,14915.6,15130.7,SL,-1.0418
2023-06-29 11:30:00-04:00,BUY,14958.0,14923.7,15026.6,SL,-1.0875
2023-06-30 11:30:00-04:00,BUY,15168.2,15157.7,15189.2,SL,-1.2857
2023-07-03 12:15:00-04:00,SELL,15195.8,15217.3,15152.8,SL,-1.1395
2023-07-05 10:45:00-04:00,BUY,15267.5,15246.5,15309.5,SL,-1.1429
2023-07-07 10:15:00-04:00,BUY,15116.1,15090.4,15167.5,SL,-1.1167
2023-07-10 12:30:00-04:00,SELL,14988.1,15006.6,14951.1,SL,-1.1622
2023-07-11 11:15:00-04:00,BUY,15040.9,14989.6,15143.5,TP,1.9415
2023-07-12 10:45:00-04:00,BUY,15327.6,15303.9,15375.0,SL,-1.1266
2023-07-14 10:30:00-04:00,BUY,15694.2,15670.0,15742.6,SL,-1.124
2023-07-17 10:30:00-04:00,BUY,15628.7,15625.0,15636.1,SL,-1.8108
2023-07-19 15:15:00-04:00,SELL,15875.7,15920.9,15785.3,TP,1.9336
2023-07-21 10:15:00-04:00,SELL,15534.5,15569.3,15464.9,TP,1.9138
2023-07-24 10:15:00-04:00,SELL,15452.3,15491.4,15374.1,SL,-1.0767
2023-07-25 10:15:00-04:00,BUY,15538.5,15526.1,15563.3,SL,-1.2419
2023-07-26 11:15:00-04:00,SELL,15452.9,15508.4,15341.9,SL,-1.0541
2023-07-27 12:30:00-04:00,SELL,15760.2,15778.7,15723.2,TP,1.8378
2023-07-28 13:00:00-04:00,BUY,15745.8,15725.1,15787.2,SL,-1.1449
2023-07-31 11:45:00-04:00,SELL,15771.9,15787.4,15740.9,TP,1.8065
2023-08-01 11:00:00-04:00,BUY,15720.8,15697.5,15767.4,SL,-1.1288
2023-08-03 15:00:00-04:00,BUY,15362.6,15347.9,15392.0,SL,-1.2041
2023-08-04 10:15:00-04:00,SELL,15380.1,15427.3,15285.7,SL,-1.0636
2023-08-07 11:45:00-04:00,SELL,15329.9,15337.2,15315.3,SL,-1.411
2023-08-08 14:00:00-04:00,SELL,15239.1,15262.1,15193.1,SL,-1.1304
2023-08-09 13:00:00-04:00,SELL,15159.8,15203.0,15073.4,SL,-1.0694
2023-08-10 10:15:00-04:00,BUY,15338.5,15256.6,15502.3,SL,-1.0366
2023-08-11 10:30:00-04:00,BUY,15062.8,15004.7,15179.0,SL,-1.0516
2023-08-15 11:30:00-04:00,SELL,15122.8,15144.9,15078.6,SL,-1.1357
2023-08-17 12:45:00-04:00,BUY,14858.0,14848.3,14877.4,TP,1.6907
2023-08-18 12:15:00-04:00,BUY,14663.6,14625.7,14739.4,SL,-1.0792
2023-08-21 10:15:00-04:00,BUY,14842.3,14824.7,14877.5,SL,-1.1705
2023-08-22 11:15:00-04:00,BUY,14970.8,14952.9,15006.6,SL,-1.1676
2023-08-25 11:00:00-04:00,SELL,14787.2,14846.9,14667.8,SL,-1.0503
2023-08-28 13:45:00-04:00,BUY,15000.0,14970.6,15058.8,TP,1.898
2023-08-30 10:15:00-04:00,BUY,15430.1,15380.5,15529.3,SL,-1.0605
2023-08-31 10:45:00-04:00,BUY,15536.5,15536.0,15537.5,SL,-7.0
2023-09-05 11:30:00-04:00,BUY,15498.8,15483.1,15530.2,TP,1.8089
2023-09-07 12:45:00-04:00,BUY,15219.0,15186.9,15283.2,TP,1.9065
2023-09-08 11:15:00-04:00,SELL,15345.2,15372.4,15290.8,TP,1.8897
2023-09-11 11:45:00-04:00,BUY,15381.1,15376.2,15390.9,SL,-1.6122
2023-09-12 13:15:00-04:00,SELL,15408.5,15460.3,15304.9,TP,1.9421
2023-09-13 11:45:00-04:00,BUY,15355.0,15339.5,15386.0,TP,1.8065
2023-09-14 11:30:00-04:00,BUY,15461.3,15395.9,15592.1,SL,-1.0459
2023-09-15 12:30:00-04:00,SELL,15266.7,15294.8,15210.5,TP,1.8932
2023-09-18 14:45:00-04:00,BUY,15243.9,15227.1,15277.5,SL,-1.1786
2023-09-19 10:15:00-04:00,SELL,15133.6,15177.1,15046.6,SL,-1.069
2023-09-20 10:30:00-04:00,SELL,15206.0,15239.6,15138.8,TP,1.9107
2023-09-21 13:30:00-04:00,BUY,14806.0,14777.7,14862.6,SL,-1.106
2023-09-22 11:00:00-04:00,BUY,14818.7,14785.4,14885.3,SL,-1.0901
2023-09-25 12:45:00-04:00,BUY,14719.7,14656.7,14845.7,SL,-1.0476
2023-09-26 10:30:00-04:00,SELL,14628.5,14670.3,14544.9,TP,1.9282
2023-09-27 14:30:00-04:00,SELL,14543.3,14585.9,14458.1,SL,-1.0704
2023-09-28 10:15:00-04:00,BUY,14588.9,14517.7,14731.3,TP,1.9579
2023-09-29 10:15:00-04:00,BUY,14866.6,14844.4,14911.0,SL,-1.1351
2023-10-02 11:30:00-04:00,BUY,14842.1,14792.1,14942.1,SL,-1.06
2023-10-04 13:30:00-04:00,BUY,14689.6,14670.6,14727.6,SL,-1.1579
2023-10-05 13:30:00-04:00,SELL,14699.4,14734.3,14629.6,SL,-1.086
2023-10-09 11:15:00-04:00,SELL,14892.7,14904.3,14869.5,SL,-1.2586
2023-10-11 11:15:00-04:00,BUY,15230.1,15205.5,15279.3,SL,-1.122
2023-10-12 10:30:00-04:00,BUY,15288.7,15264.9,15336.3,TP,1.8739
2023-10-16 13:15:00-04:00,BUY,15133.8,15114.1,15173.2,TP,1.8477
2023-10-18 11:15:00-04:00,SELL,15030.8,15048.3,14995.8,SL,-1.1714
2023-10-19 12:00:00-04:00,BUY,14927.2,14906.5,14968.6,TP,1.8551
2023-10-23 15:30:00-04:00,BUY,14623.1,14603.9,14661.5,SL,-1.1562
2023-10-24 11:45:00-04:00,SELL,14716.5,14748.5,14652.5,TP,1.9062
2023-10-25 12:15:00-04:00,SELL,14493.7,14519.2,14442.7,TP,1.8824
2023-10-26 10:45:00-04:00,SELL,14249.5,14325.5,14097.5,TP,1.9605
2023-10-27 11:30:00-04:00,BUY,14291.0,14252.8,14367.4,SL,-1.0785
2023-10-30 13:30:00-04:00,SELL,14334.7,14372.8,14258.5,SL,-1.0787
2023-10-31 10:30:00-04:00,BUY,14305.2,14259.3,14397.0,TP,1.9346
2023-11-01 10:45:00-04:00,BUY,14547.6,14485.9,14671.0,SL,-1.0486
2023-11-02 11:15:00-04:00,BUY,14862.7,14855.4,14877.3,TP,1.589
2023-11-06 13:30:00-05:00,SELL,15111.9,15138.5,15058.7,SL,-1.1128
2023-11-07 12:30:00-05:00,BUY,15271.3,15229.1,15355.7,SL,-1.0711
2023-11-08 14:00:00-05:00,SELL,15307.1,15328.2,15264.9,SL,-1.1422
2023-11-09 12:30:00-05:00,BUY,15324.2,15313.4,15345.8,TP,1.7222
2023-11-10 10:45:00-05:00,SELL,15300.6,15312.9,15276.0,SL,-1.2439
2023-11-13 12:00:00-05:00,BUY,15511.6,15510.2,15514.4,SL,-3.1429
2023-11-14 13:45:00-05:00,BUY,15802.1,15782.6,15841.1,SL,-1.1538
2023-11-15 10:15:00-05:00,SELL,15873.5,15884.9,15850.7,SL,-1.2632
2023-11-16 10:15:00-05:00,BUY,15809.7,15792.9,15843.3,SL,-1.1786
2023-11-17 12:15:00-05:00,BUY,15816.7,15811.3,15827.5,SL,-1.5556
2023-11-21 10:45:00-05:00,SELL,15893.5,15936.2,15808.1,SL,-1.0703
2023-11-22 14:30:00-05:00,BUY,16033.5,16025.5,16049.5,SL,-1.375
2023-11-23 11:00:00-05:00,BUY,16021.8,16014.3,16036.8,SL,-1.4
2023-11-27 11:00:00-05:00,BUY,15998.1,15980.9,16032.5,SL,-1.1744
2023-11-28 12:30:00-05:00,BUY,16006.1,15985.9,16046.5,SL,-1.1485
2023-11-29 10:30:00-05:00,SELL,16085.9,16164.3,15929.1,TP,1.9617
2023-11-30 11:00:00-05:00,SELL,15887.3,15916.3,15829.3,TP,1.8966
2023-12-04 11:15:00-05:00,SELL,15738.9,15807.9,15600.9,SL,-1.0435
2023-12-05 11:45:00-05:00,BUY,15827.5,15819.7,15843.1,TP,1.6154
2023-12-06 11:45:00-05:00,SELL,15893.6,15925.1,15830.6,TP,1.9048
2023-12-07 11:15:00-05:00,BUY,15936.2,15887.0,16034.6,TP,1.939
2023-12-08 10:30:00-05:00,BUY,16064.2,15997.7,16197.2,SL,-1.0451
2023-12-13 13:45:00-05:00,SELL,16404.6,16407.6,16398.6,SL,-2.0
2023-12-15 10:45:00-05:00,BUY,16652.5,16646.7,16664.1,SL,-1.5172
2023-12-18 11:45:00-05:00,BUY,16719.9,16700.7,16758.3,TP,1.8437
2023-12-19 12:15:00-05:00,SELL,16806.0,16829.2,16759.6,SL,-1.1293
2023-12-20 11:15:00-05:00,BUY,16853.3,16839.8,16880.3,TP,1.7778
2023-12-21 13:45:00-05:00,SELL,16704.0,16725.3,16661.4,SL,-1.1408
2023-12-22 11:15:00-05:00,SELL,16829.4,16857.7,16772.8,TP,1.894
2023-12-27 11:30:00-05:00,SELL,16916.8,16946.4,16857.6,SL,-1.1014
2023-12-28 11:30:00-05:00,SELL,16956.1,16961.4,16945.5,TP,1.434
2023-12-29 14:45:00-05:00,SELL,16874.3,16926.3,16770.3,TP,1.9423
2024-01-02 11:00:00-05:00,SELL,16566.1,16590.3,16517.7,SL,-1.124
2024-01-03 10:45:00-05:00,SELL,16433.8,16451.7,16398.0,SL,-1.1676
2024-01-04 12:45:00-05:00,BUY,16342.3,16306.5,16413.9,SL,-1.0838
2024-01-05 11:30:00-05:00,BUY,16360.1,16334.9,16410.5,SL,-1.119
2024-01-09 10:30:00-05:00,BUY,16575.4,16562.6,16601.0,TP,1.7656
2024-01-11 14:30:00-05:00,SELL,16823.4,16851.6,16767.0,TP,1.8936
2024-01-12 10:30:00-05:00,SELL,16846.9,16853.3,16834.1,TP,1.5313
2024-01-15 11:15:00-05:00,BUY,16835.3,16829.5,16846.9,TP,1.4828
2024-01-16 12:00:00-05:00,BUY,16808.8,16789.3,16847.8,SL,-1.1538
2024-01-17 12:15:00-05:00,BUY,16669.2,16646.2,16715.2,SL,-1.1304
2024-01-18 11:00:00-05:00,BUY,16925.1,16913.9,16947.5,TP,1.7321
2024-01-19 11:30:00-05:00,BUY,17131.6,17109.7,17175.4,TP,1.863
2024-01-22 11:15:00-05:00,SELL,17379.8,17429.5,17280.4,SL,-1.0604
2024-01-24 11:15:00-05:00,BUY,17583.0,17565.3,17618.4,TP,1.8305
2024-01-26 11:30:00-05:00,BUY,17477.9,17440.5,17552.7,SL,-1.0802
2024-01-30 13:15:00-05:00,SELL,17496.9,17535.9,17418.9,TP,1.9231
2024-01-31 11:00:00-05:00,SELL,17241.3,17244.9,17234.1,SL,-1.8333
2024-02-01 11:15:00-05:00,SELL,17203.2,17253.5,17102.6,SL,-1.0596
2024-02-02 11:00:00-05:00,BUY,17546.9,17498.0,17644.7,TP,1.9387
2024-02-05 11:45:00-05:00,SELL,17581.7,17623.2,17498.7,SL,-1.0723
2024-02-06 10:15:00-05:00,SELL,17577.6,17648.6,17435.6,SL,-1.0423
2024-02-07 12:30:00-05:00,BUY,17724.9,17669.0,17836.7,TP,1.9463
2024-02-12 13:15:00-05:00,BUY,17991.6,17967.3,18040.2,SL,-1.1235
2024-02-13 10:45:00-05:00,BUY,17675.9,17589.4,17848.9,SL,-1.0347
2024-02-14 11:15:00-05:00,SELL,17680.0,17727.5,17585.0,SL,-1.0632
2024-02-15 12:45:00-05:00,BUY,17798.7,17785.9,17824.3,TP,1.7656
2024-02-16 10:15:00-05:00,SELL,17720.9,17819.6,17523.5,SL,-1.0304
2024-02-20 11:15:00-05:00,BUY,17508.3,17475.8,17573.3,SL,-1.0923
2024-02-21 11:30:00-05:00,BUY,17439.6,17421.8,17475.2,SL,-1.1685
2024-02-22 11:45:00-05:00,BUY,17901.2,17866.9,17969.8,TP,1.9125
2024-02-26 12:00:00-05:00,BUY,18001.1,17980.7,18041.9,SL,-1.1471
2024-02-27 12:15:00-05:00,BUY,17962.1,17941.4,18003.5,SL,-1.1449
2024-02-28 12:15:00-05:00,BUY,17895.4,17889.9,17906.4,SL,-1.5455
2024-02-29 10:30:00-05:00,SELL,17995.7,18019.6,17947.9,TP,1.8745
2024-03-01 10:30:00-05:00,BUY,18144.1,18104.3,18223.7,TP,1.9246
2024-03-04 11:00:00-05:00,BUY,18285.8,18266.3,18324.8,SL,-1.1538
2024-03-06 10:45:00-05:00,SELL,18034.0,18085.5,17931.0,SL,-1.0583
2024-03-08 10:30:00-05:00,BUY,18370.1,18299.8,18510.7,SL,-1.0427
2024-03-11 11:00:00-04:00,BUY,17948.1,17927.4,17989.5,SL,-1.1449
2024-03-13 10:30:00-04:00,SELL,18119.7,18132.4,18094.3,SL,-1.2362
2024-03-14 10:15:00-04:00,SELL,18073.8,18126.1,17969.2,TP,1.9426
2024-03-15 13:45:00-04:00,SELL,17842.5,17868.7,17790.1,SL,-1.1145
2024-03-19 11:00:00-04:00,BUY,17893.8,17853.6,17974.2,TP,1.9254
2024-03-20 11:30:00-04:00,BUY,18052.2,18039.2,18078.2,SL,-1.2308
2024-03-21 12:00:00-04:00,BUY,18455.1,18434.1,18497.1,SL,-1.1429
2024-03-22 12:30:00-04:00,BUY,18312.2,18292.9,18350.8,TP,1.8446
2024-03-25 10:30:00-04:00,BUY,18297.6,18269.4,18354.0,TP,1.8936
2024-03-26 10:45:00-04:00,SELL,18355.9,18385.4,18296.9,TP,1.8983
2024-03-27 14:15:00-04:00,SELL,18251.7,18289.1,18176.9,SL,-1.0802
2024-03-28 10:30:00-04:00,SELL,18294.9,18310.4,18263.9,SL,-1.1935
2024-04-02 11:45:00-04:00,BUY,18062.3,18026.3,18134.3,TP,1.9167
2024-04-03 15:00:00-04:00,BUY,18181.0,18083.7,18375.6,TP,1.9692
2024-04-04 13:45:00-04:00,BUY,18324.0,18314.2,18343.6,SL,-1.3061
2024-04-05 11:15:00-04:00,BUY,18080.7,18049.7,18142.7,TP,1.9032
2024-04-08 11:00:00-04:00,BUY,18163.8,18133.6,18224.2,SL,-1.0993
2024-04-09 12:00:00-04:00,SELL,18111.2,18185.7,17962.2,SL,-1.0403
2024-04-10 11:15:00-04:00,SELL,17999.4,18027.9,17942.4,SL,-1.1053
2024-04-11 10:30:00-04:00,SELL,18050.2,18094.3,17962.0,SL,-1.068
2024-04-12 11:15:00-04:00,SELL,18070.2,18112.5,17985.6,SL,-1.0709
2024-04-16 15:15:00-04:00,BUY,17765.3,17750.8,17794.3,SL,-1.2069
2024-04-18 11:30:00-04:00,BUY,17540.7,17507.2,17607.7,SL,-1.0896
2024-04-22 12:15:00-04:00,SELL,17144.0,17149.7,17132.6,TP,1.4737
2024-04-23 10:45:00-04:00,BUY,17434.6,17380.1,17543.6,TP,1.945
2024-04-24 11:30:00-04:00,SELL,17535.0,17564.6,17475.8,TP,1.8986
2024-04-25 10:30:00-04:00,BUY,17280.2,17231.7,17377.2,SL,-1.0619
2024-04-29 10:30:00-04:00,BUY,17764.4,17754.9,17783.4,TP,1.6842
2024-05-01 11:00:00-04:00,BUY,17378.2,17361.9,17410.8,SL,-1.184
2024-05-02 10:15:00-04:00,SELL,17394.8,17435.8,17312.8,SL,-1.0732
2024-05-03 10:30:00-04:00,SELL,17858.2,17900.1,17774.4,SL,-1.0716
2024-05-06 12:00:00-04:00,BUY,18012.0,18002.0,18032.0,SL,-1.3
2024-05-07 11:30:00-04:00,BUY,18144.1,18108.0,18216.3,SL,-1.0831
2024-05-08 13:00:00-04:00,BUY,18058.8,18033.2,18110.0,SL,-1.1172
2024-05-09 11:45:00-04:00,BUY,18093.6,18058.8,18163.2,TP,1.9138
2024-05-13 13:00:00-04:00,BUY,18208.6,18195.3,18235.2,SL,-1.2256
2024-05-14 11:30:00-04:00,BUY,18258.2,18257.0,18260.6,SL,-3.5
2024-05-16 11:15:00-04:00,BUY,18650.7,18642.2,18667.7,TP,1.6471
2024-05-17 11:00:00-04:00,BUY,18577.6,18556.4,18620.0,SL,-1.1415
2024-05-20 11:15:00-04:00,BUY,18661.5,18635.9,18712.7,TP,1.8828
2024-05-22 11:30:00-04:00,BUY,18762.8,18755.3,18777.8,SL,-1.4
2024-05-23 10:15:00-04:00,SELL,18845.7,18859.6,18817.9,TP,1.7842
2024-05-27 20:00:00-04:00,BUY,18847.4,18832.4,18877.4,TP,1.8
2024-05-28 11:00:00-04:00,BUY,18864.2,18850.9,18890.8,TP,1.7744
2024-05-29 10:45:00-04:00,BUY,18813.4,18798.6,18843.0,SL,-1.2027
2024-05-30 11:30:00-04:00,SELL,18649.6,18684.6,18579.6,SL,-1.0857
2024-05-31 15:45:00-04:00,SELL,18516.9,18587.4,18375.9,SL,-1.0426
2024-06-03 18:00:00-04:00,SELL,18631.5,18674.6,18545.3,TP,1.9304
2024-06-04 15:00:00-04:00,BUY,18639.0,18607.2,18702.6,TP,1.9057
2024-06-06 10:15:00-04:00,SELL,19061.9,19085.2,19015.3,SL,-1.1288
2024-06-07 11:00:00-04:00,BUY,19047.6,19022.8,19097.2,SL,-1.121
2024-06-11 11:30:00-04:00,BUY,19074.7,19051.9,19120.3,TP,1.8684
2024-06-12 10:30:00-04:00,BUY,19503.8,19491.3,19528.8,SL,-1.24
2024-06-13 11:30:00-04:00,SELL,19600.3,19633.8,19533.3,TP,1.9104
2024-06-14 13:45:00-04:00,BUY,19648.0,19634.1,19675.8,SL,-1.2158
2024-06-17 11:45:00-04:00,BUY,19753.3,19727.3,19805.3,TP,1.8846
2024-06-18 14:00:00-04:00,BUY,19919.3,19907.3,19943.3,TP,1.75
2024-06-19 12:30:00-04:00,SELL,19994.2,19999.6,19983.4,SL,-1.5556
2024-06-20 10:30:00-04:00,SELL,19934.4,19998.5,19806.2,TP,1.9532
2024-06-21 11:15:00-04:00,BUY,19763.6,19719.4,19852.0,SL,-1.0679
2024-06-25 13:00:00-04:00,BUY,19624.4,19603.4,19666.4,TP,1.8571
2024-06-26 10:15:00-04:00,BUY,19736.7,19723.2,19763.7,TP,1.7778
2024-06-27 12:15:00-04:00,SELL,19816.9,19843.9,19762.9,SL,-1.1111
2024-06-28 10:45:00-04:00,BUY,19930.2,19885.1,20020.4,SL,-1.0665
2024-07-02 12:15:00-04:00,SELL,19891.3,19933.0,19807.9,SL,-1.0719
2024-07-03 11:30:00-04:00,BUY,20127.1,20104.0,20173.3,TP,1.8701
2024-07-04 11:00:00-04:00,SELL,20180.4,20187.3,20166.6,SL,-1.4348
2024-07-05 11:00:00-04:00,BUY,20317.6,20311.1,20330.6,TP,1.5385
2024-07-08 12:00:00-04:00,BUY,20429.4,20413.7,20460.8,SL,-1.1911
2024-07-09 13:00:00-04:00,SELL,20486.3,20508.8,20441.3,TP,1.8667
2024-07-12 10:15:00-04:00,BUY,20347.7,20257.0,20529.1,TP,1.9669
2024-07-15 12:00:00-04:00,BUY,20471.1,20450.1,20513.1,SL,-1.1429
2024-07-16 11:00:00-04:00,SELL,20416.4,20454.2,20340.8,TP,1.9206
2024-07-17 10:30:00-04:00,SELL,19987.6,20038.4,19886.0,TP,1.9409
2024-07-19 10:45:00-04:00,SELL,19660.5,19693.3,19594.9,SL,-1.0915
2024-07-22 12:45:00-04:00,SELL,19777.4,19797.4,19737.4,SL,-1.15
2024-07-23 11:00:00-04:00,SELL,19827.8,19863.8,19755.8,SL,-1.0833
2024-07-25 10:15:00-04:00,SELL,18894.1,18999.5,18683.3,SL,-1.0285
2024-07-26 13:30:00-04:00,BUY,19016.7,18970.6,19108.9,SL,-1.0651
2024-07-29 11:45:00-04:00,SELL,19101.4,19174.1,18956.0,SL,-1.0413
2024-07-30 10:15:00-04:00,SELL,19115.5,19134.8,19076.9,TP,1.8446
2024-07-31 10:45:00-04:00,BUY,19290.7,19269.9,19332.3,TP,1.8558
2024-08-02 10:30:00-04:00,SELL,18396.8,18457.2,18276.0,SL,-1.0497
2024-08-05 11:30:00-04:00,BUY,17994.7,17835.9,18312.3,SL,-1.0189
2024-08-06 11:15:00-04:00,BUY,18145.8,18061.0,18315.4,TP,1.9646
2024-08-09 11:15:00-04:00,BUY,18428.3,18359.1,18566.7,TP,1.9566
2024-08-12 11:15:00-04:00,BUY,18563.1,18454.1,18781.1,TP,1.9725
2024-08-14 12:15:00-04:00,BUY,18967.0,18906.1,19088.8,TP,1.9507
2024-08-16 10:30:00-04:00,BUY,19466.2,19402.7,19593.2,TP,1.9528
2024-08-19 11:15:00-04:00,BUY,19571.9,19525.4,19664.9,TP,1.9355
2024-08-20 11:45:00-04:00,SELL,19774.0,19843.7,19634.6,SL,-1.043
2024-08-21 12:15:00-04:00,SELL,19752.0,19780.6,19694.8,SL,-1.1049
2024-08-23 10:45:00-04:00,BUY,19713.1,19684.8,19769.7,SL,-1.106
2024-08-27 11:30:00-04:00,BUY,19571.2,19520.2,19673.2,SL,-1.0588
2024-08-28 10:15:00-04:00,SELL,19507.0,19537.0,19447.0,SL,-1.1
2024-08-29 11:00:00-04:00,BUY,19580.2,19552.7,19635.2,SL,-1.1091
2024-08-30 14:30:00-04:00,SELL,19459.0,19505.7,19365.6,SL,-1.0642
2024-09-02 10:30:00-04:00,SELL,19575.1,19586.1,19553.1,SL,-1.2727
2024-09-03 11:15:00-04:00,SELL,19201.5,19284.0,19036.5,TP,1.9636
2024-09-04 11:30:00-04:00,BUY,18977.7,18957.1,19018.9,SL,-1.1456
2024-09-05 13:45:00-04:00,SELL,18963.3,19039.2,18811.5,TP,1.9605
2024-09-09 11:45:00-04:00,SELL,18606.8,18680.9,18458.6,SL,-1.0405
2024-09-10 11:30:00-04:00,BUY,18726.5,18713.5,18752.5,SL,-1.2308
2024-09-11 11:15:00-04:00,SELL,18688.6,18782.6,18500.6,SL,-1.0319
2024-09-12 10:30:00-04:00,BUY,19286.1,19248.6,19361.1,TP,1.92
2024-09-13 12:45:00-04:00,SELL,19501.3,19524.3,19455.3,SL,-1.1304
2024-09-16 11:15:00-04:00,SELL,19386.8,19455.2,19250.0,SL,-1.0439
2024-09-18 12:30:00-04:00,SELL,19444.2,19460.7,19411.2,SL,-1.1818
2024-09-19 10:45:00-04:00,BUY,19881.3,19841.8,19960.3,SL,-1.0759
2024-09-20 12:30:00-04:00,SELL,19806.3,19827.8,19763.3,TP,1.8605
2024-09-23 14:00:00-04:00,SELL,19868.4,19892.7,19819.8,TP,1.8765
2024-09-24 11:00:00-04:00,SELL,19882.7,19898.2,19851.7,SL,-1.1935
2024-09-25 10:15:00-04:00,BUY,20018.9,19973.3,20110.1,SL,-1.0658
2024-09-26 18:00:00-04:00,SELL,20164.8,20198.3,20097.8,TP,1.9104
2024-09-27 11:30:00-04:00,SELL,20077.9,20105.6,20022.5,TP,1.8917
2024-09-30 10:30:00-04:00,SELL,19992.4,20010.4,19956.4,SL,-1.1667
2024-10-01 12:00:00-04:00,SELL,19794.1,19851.7,19678.9,TP,1.9479
2024-10-02 23:30:00-04:00,BUY,19754.4,19724.2,19814.8,SL,-1.0993
2024-10-03 12:30:00-04:00,BUY,19801.6,19781.3,19842.2,SL,-1.1478
2024-10-04 10:15:00-04:00,SELL,19932.8,20015.3,19767.8,SL,-1.0364
2024-10-08 10:15:00-04:00,BUY,19981.5,19927.2,20090.1,TP,1.9448
2024-10-10 12:15:00-04:00,BUY,20299.7,20277.2,20344.7,SL,-1.1333
2024-10-11 10:45:00-04:00,BUY,20266.3,20190.6,20417.7,TP,1.9604
2024-10-14 10:15:00-04:00,BUY,20464.2,20448.3,20496.0,SL,-1.1887
2024-10-16 10:30:00-04:00,BUY,20129.9,20074.5,20240.7,TP,1.9458
2024-10-17 12:30:00-04:00,BUY,20310.2,20302.7,20325.2,TP,1.6
2024-10-18 13:30:00-04:00,BUY,20335.2,20315.5,20374.6,SL,-1.1523
2024-10-21 11:45:00-04:00,SELL,20304.1,20370.9,20170.5,SL,-1.0449
2024-10-23 11:45:00-04:00,SELL,20228.3,20259.8,20165.3,TP,1.9048
2024-10-24 14:00:00-04:00,BUY,20212.2,20196.4,20243.8,TP,1.8101
2024-10-25 10:15:00-04:00,BUY,20515.2,20458.1,20629.4,SL,-1.0525
2024-10-28 16:30:00-04:00,SELL,20403.0,20408.5,20392.0,TP,1.4545
2024-10-30 10:45:00-04:00,BUY,20544.9,20520.9,20592.9,SL,-1.125
2024-10-31 10:15:00-04:00,SELL,20078.0,20148.8,19936.4,TP,1.9576
2024-11-01 10:30:00-04:00,BUY,20100.9,20057.9,20186.9,SL,-1.0698
2024-11-04 11:30:00-05:00,BUY,20063.0,20032.2,20124.6,SL,-1.0974
2024-11-05 10:15:00-05:00,BUY,20164.9,20116.2,20262.3,TP,1.9384
2024-11-06 11:45:00-05:00,BUY,20678.7,20671.4,20693.3,TP,1.589
2024-11-07 10:30:00-05:00,BUY,20996.9,20977.4,21035.9,TP,1.8462
2024-11-08 13:00:00-05:00,BUY,21120.9,21109.8,21143.1,TP,1.7297
2024-11-11 10:30:00-05:00,SELL,21119.7,21126.4,21106.3,SL,-1.4478
2024-11-12 13:15:00-05:00,SELL,21022.7,21056.5,20955.1,SL,-1.0888
2024-11-13 10:30:00-05:00,SELL,21055.9,21094.4,20978.9,SL,-1.0779
2024-11-14 12:30:00-05:00,SELL,21001.5,21022.8,20958.9,TP,1.8592
2024-11-18 14:15:00-05:00,BUY,20530.3,20461.8,20667.3,SL,-1.0438
2024-11-20 10:30:00-05:00,SELL,20479.8,20557.0,20325.4,SL,-1.0389
2024-11-22 11:00:00-05:00,BUY,20756.8,20684.3,20901.8,TP,1.9586
2024-11-25 11:30:00-05:00,SELL,20905.8,21014.3,20688.8,TP,1.9724
2024-11-27 13:45:00-05:00,SELL,20772.4,20812.2,20692.8,SL,-1.0754
2024-11-28 12:15:00-05:00,SELL,20851.3,20864.5,20824.9,TP,1.7727
2024-12-02 10:45:00-05:00,BUY,21115.2,21082.4,21180.8,TP,1.9085
2024-12-03 11:30:00-05:00,BUY,21189.1,21182.9,21201.5,SL,-1.4839
2024-12-04 11:15:00-05:00,BUY,21439.2,21433.5,21450.6,SL,-1.5263
2024-12-05 12:30:00-05:00,BUY,21530.3,21510.3,21570.3,SL,-1.15
2024-12-06 11:00:00-05:00,BUY,21575.5,21535.2,21656.1,TP,1.9256
2024-12-11 10:45:00-05:00,BUY,21677.3,21633.6,21764.7,TP,1.9314
2024-12-12 11:45:00-05:00,BUY,21697.8,21657.3,21778.8,SL,-1.0741
2024-12-16 10:15:00-05:00,BUY,22022.7,21973.4,22121.3,TP,1.9391
2024-12-17 10:30:00-05:00,SELL,22058.4,22081.0,22013.2,SL,-1.1327
2024-12-18 11:00:00-05:00,BUY,22097.8,22090.3,22112.8,SL,-1.4
2024-12-19 11:45:00-05:00,BUY,21342.9,21266.2,21496.3,SL,-1.0391
2024-12-23 11:30:00-05:00,BUY,21396.6,21350.1,21489.6,TP,1.9355
2024-12-24 10:15:00-05:00,BUY,21696.8,21663.6,21763.2,TP,1.9096
2024-12-26 15:00:00-05:00,BUY,21831.3,21809.8,21874.3,SL,-1.1395
2024-12-27 10:45:00-05:00,SELL,21408.7,21497.9,21230.3,SL,-1.0336
2024-12-30 16:00:00-05:00,BUY,21209.1,21178.1,21271.1,SL,-1.0968
2024-12-31 11:45:00-05:00,SELL,21162.9,21196.5,21095.7,TP,1.9107
2025-01-02 10:15:00-05:00,BUY,21193.3,21040.6,21498.7,SL,-1.0196
2025-01-08 13:00:00-05:00,SELL,21138.2,21222.3,20970.0,SL,-1.0357
2025-01-10 10:15:00-05:00,SELL,20872.4,20961.2,20694.8,SL,-1.0338
2025-01-13 11:30:00-05:00,SELL,20630.4,20654.6,20582.0,SL,-1.124
2025-01-14 11:15:00-05:00,SELL,20798.3,20865.8,20663.3,TP,1.9556
2025-01-15 10:45:00-05:00,BUY,21180.4,21151.7,21237.8,SL,-1.1045
2025-01-16 11:15:00-05:00,BUY,21272.3,21229.5,21357.9,SL,-1.0701
2025-01-17 15:00:00-05:00,BUY,21460.5,21457.3,21466.9,SL,-1.9375
2025-01-20 11:45:00-05:00,SELL,21590.8,21605.0,21562.4,TP,1.7887
2025-01-21 12:15:00-05:00,BUY,21523.2,21476.5,21616.6,TP,1.9358
2025-01-22 13:00:00-05:00,BUY,21916.8,21876.8,21996.8,SL,-1.075
2025-01-23 11:00:00-05:00,BUY,21793.0,21774.7,21829.6,TP,1.8361
2025-01-24 11:30:00-05:00,SELL,21894.0,21938.0,21806.0,TP,1.9318
2025-01-27 10:45:00-05:00,BUY,21237.9,21173.9,21365.9,SL,-1.0469
2025-01-29 12:45:00-05:00,BUY,21398.7,21371.0,21454.1,SL,-1.1083
2025-01-30 11:45:00-05:00,SELL,21500.3,21563.1,21374.7,SL,-1.0478
2025-01-31 13:15:00-05:00,BUY,21761.3,21715.3,21853.3,SL,-1.0652
2025-02-04 12:15:00-05:00,BUY,21466.3,21412.9,21573.1,TP,1.9438
2025-02-06 11:00:00-05:00,SELL,21691.8,21707.0,21661.4,SL,-1.1974
2025-02-10 12:00:00-05:00,BUY,21753.1,21711.1,21837.1,SL,-1.0714
2025-02-11 11:15:00-05:00,BUY,21744.7,21719.7,21794.7,SL,-1.12
2025-02-12 10:45:00-05:00,BUY,21617.7,21514.7,21823.7,TP,1.9709
2025-02-13 13:15:00-05:00,BUY,21861.0,21848.0,21887.0,SL,-1.2308
2025-02-14 13:15:00-05:00,BUY,22077.0,22034.7,22161.6,TP,1.9291
2025-02-17 12:00:00-05:00,BUY,22160.4,22148.7,22183.8,SL,-1.2564
2025-02-18 10:15:00-05:00,SELL,22141.7,22159.0,22107.1,TP,1.8266
2025-02-19 15:00:00-05:00,BUY,22199.6,22170.9,22257.0,SL,-1.1045
2025-02-20 10:15:00-05:00,SELL,21988.4,22103.4,21758.4,SL,-1.0261
2025-02-21 11:00:00-05:00,SELL,21960.2,22019.2,21842.2,TP,1.9492
2025-02-24 10:15:00-05:00,SELL,21526.0,21658.5,21261.0,TP,1.9774
2025-02-25 13:00:00-05:00,SELL,21212.6,21268.1,21101.6,TP,1.9459
2025-02-26 11:30:00-05:00,BUY,21304.1,21285.3,21341.7,TP,1.8404
2025-02-27 10:15:00-05:00,SELL,21043.2,21152.0,20825.6,TP,1.9724
2025-02-28 13:30:00-05:00,SELL,20583.6,20653.1,20444.6,SL,-1.0432
2025-03-03 10:15:00-05:00,SELL,20872.1,20939.2,20737.9,SL,-1.0447
2025-03-04 10:45:00-05:00,SELL,20234.2,20308.4,20085.8,SL,-1.0404
2025-03-05 11:45:00-05:00,SELL,20286.4,20366.4,20126.4,SL,-1.0375
2025-03-06 10:45:00-05:00,BUY,20372.3,20255.6,20605.7,SL,-1.0257
2025-03-07 13:30:00-05:00,SELL,20106.7,20114.2,20091.7,SL,-1.4
2025-03-11 11:00:00-04:00,SELL,19476.2,19506.6,19415.4,TP,1.9013
2025-03-12 11:30:00-04:00,SELL,19560.7,19624.3,19433.5,SL,-1.0472
2025-03-13 20:30:00-04:00,SELL,19394.2,19419.7,19343.2,SL,-1.1176
2025-03-14 10:30:00-04:00,SELL,19515.4,19524.7,19496.8,SL,-1.3226
2025-03-17 21:45:00-04:00,BUY,19755.2,19726.7,19812.2,SL,-1.1053
2025-03-18 12:30:00-04:00,BUY,19496.8,19458.3,19573.8,SL,-1.0779
2025-03-19 10:30:00-04:00,BUY,19626.0,19526.0,19826.0,TP,1.97
2025-03-20 12:15:00-04:00,BUY,19729.4,19688.4,19811.4,SL,-1.0732
2025-03-24 18:30:00-04:00,SELL,20165.0,20177.5,20140.0,SL,-1.24
2025-03-25 11:30:00-04:00,BUY,20276.1,20270.1,20288.1,SL,-1.5
2025-03-27 11:30:00-04:00,BUY,19927.7,19909.7,19963.7,SL,-1.1667
2025-03-31 20:30:00-04:00,BUY,19149.5,19057.5,19333.5,TP,1.9674
2025-04-01 10:30:00-04:00,SELL,19193.4,19215.3,19149.6,SL,-1.137
2025-04-02 11:45:00-04:00,BUY,19502.0,19421.8,19662.4,TP,1.9626
2025-04-03 11:15:00-04:00,SELL,18701.6,18761.0,18582.8,SL,-1.0505
2025-04-04 11:00:00-04:00,SELL,17816.0,17846.3,17755.4,SL,-1.099
2025-04-07 11:15:00-04:00,BUY,17032.7,16625.5,17847.1,TP,1.9926
2025-04-08 10:45:00-04:00,BUY,18084.0,18000.2,18251.6,SL,-1.0358
2025-04-09 11:15:00-04:00,SELL,17272.2,17295.0,17226.6,SL,-1.1316
2025-04-10 13:00:00-04:00,SELL,18353.4,18449.9,18160.4,TP,1.9689
2025-04-14 15:00:00-04:00,SELL,18927.5,19000.0,18782.5,TP,1.9586
2025-04-16 12:15:00-04:00,SELL,18470.9,18525.4,18361.9,TP,1.945
2025-04-17 10:45:00-04:00,SELL,18234.3,18284.3,18134.3,SL,-1.06
2025-04-21 19:45:00-04:00,SELL,17885.2,17972.9,17709.8,SL,-1.0342
2025-04-22 10:15:00-04:00,BUY,18137.3,18104.3,18203.3,TP,1.9091
2025-04-23 13:15:00-04:00,SELL,18846.3,18953.6,18631.7,TP,1.972
2025-04-25 13:45:00-04:00,BUY,19306.3,19274.1,19370.7,TP,1.9068
2025-04-28 15:00:00-04:00,SELL,19338.5,19368.0,19279.5,SL,-1.1017
2025-04-29 13:15:00-04:00,SELL,19425.4,19477.9,19320.4,SL,-1.0571
2025-05-01 11:45:00-04:00,BUY,19878.0,19826.5,19981.0,SL,-1.0583
2025-05-02 15:00:00-04:00,BUY,20096.4,20085.4,20118.4,TP,1.7273
2025-05-06 12:45:00-04:00,BUY,19793.2,19734.7,19910.2,SL,-1.0513
2025-05-07 11:30:00-04:00,SELL,19766.5,19874.5,19550.5,SL,-1.0278
2025-05-08 15:45:00-04:00,BUY,20064.1,20009.1,20174.1,SL,-1.0545
2025-05-09 11:00:00-04:00,SELL,20069.6,20169.1,19870.6,SL,-1.0302
2025-05-14 11:45:00-04:00,BUY,21290.5,21271.0,21329.5,TP,1.8462
2025-05-15 15:15:00-04:00,BUY,21252.8,21223.6,21311.2,TP,1.8973
2025-05-16 11:00:00-04:00,SELL,21328.7,21338.7,21308.7,TP,1.7
2025-05-20 13:00:00-04:00,BUY,21395.5,21371.7,21443.1,SL,-1.1261
2025-05-21 13:00:00-04:00,BUY,21388.2,21326.9,21510.8,SL,-1.0489
2025-05-22 10:15:00-04:00,BUY,21211.7,21091.5,21452.1,SL,-1.025
2025-05-23 11:45:00-04:00,BUY,20904.3,20865.5,20981.9,TP,1.9227
2025-05-26 11:15:00-04:00,SELL,21201.8,21226.8,21151.8,SL,-1.12
2025-05-28 13:00:00-04:00,SELL,21450.4,21508.9,21333.4,TP,1.9487
2025-05-29 10:30:00-04:00,SELL,21426.9,21483.9,21312.9,SL,-1.0526
2025-05-30 10:45:00-04:00,BUY,21321.4,21220.4,21523.4,SL,-1.0297
2025-06-03 14:00:00-04:00,BUY,21627.5,21589.8,21702.9,TP,1.9204
2025-06-04 15:45:00-04:00,BUY,21733.5,21717.5,21765.5,SL,-1.1875
2025-06-05 12:30:00-04:00,BUY,21786.3,21782.2,21794.5,SL,-1.7317
2025-06-06 11:45:00-04:00,SELL,21786.4,21821.4,21716.4,TP,1.9143
2025-06-09 10:45:00-04:00,BUY,21826.4,21774.1,21931.0,TP,1.9426
2025-06-10 13:30:00-04:00,BUY,21862.1,21835.1,21916.1,SL,-1.1111
2025-06-11 11:00:00-04:00,BUY,21992.9,21974.6,22029.5,TP,1.8361
2025-06-12 11:15:00-04:00,BUY,21896.8,21855.3,21979.8,SL,-1.0723
2025-06-13 10:30:00-04:00,SELL,21695.0,21721.7,21641.6,SL,-1.1124
2025-06-16 14:45:00-04:00,BUY,21923.9,21869.1,22033.5,SL,-1.0547
2025-06-18 11:15:00-04:00,BUY,21824.6,21788.8,21896.2,SL,-1.0838
2025-06-19 12:45:00-04:00,BUY,21507.8,21501.0,21521.4,TP,1.5588
2025-06-23 11:30:00-04:00,BUY,21725.7,21681.7,21813.7,SL,-1.0682
2025-06-25 16:00:00-04:00,SELL,22268.2,22289.4,22225.8,SL,-1.1415
2025-06-27 10:30:00-04:00,BUY,22566.1,22532.9,22632.5,SL,-1.0904
2025-06-30 12:15:00-04:00,BUY,22640.6,22621.9,22678.0,SL,-1.1604
2025-07-04 11:00:00-04:00,BUY,22742.7,22732.0,22764.1,SL,-1.2804
2025-07-07 11:15:00-04:00,SELL,22731.8,22738.1,22719.2,SL,-1.4762
2025-07-08 12:30:00-04:00,BUY,22719.6,22702.9,22753.0,TP,1.8204
2025-07-09 10:15:00-04:00,BUY,22902.2,22880.0,22946.6,SL,-1.1351
2025-07-10 10:15:00-04:00,SELL,22787.5,22858.2,22646.1,SL,-1.0424
2025-07-11 10:45:00-04:00,BUY,22798.4,22791.9,22811.4,SL,-1.4615
2025-07-15 14:45:00-04:00,BUY,22972.2,22958.7,22999.2,SL,-1.2222
2025-07-16 11:45:00-04:00,SELL,22825.5,22885.7,22705.1,SL,-1.0498
2025-07-17 10:15:00-04:00,BUY,22985.8,22968.0,23021.4,TP,1.8315
2025-07-18 11:45:00-04:00,SELL,23086.5,23120.5,23018.5,SL,-1.0882
2025-07-21 12:00:00-04:00,BUY,23229.1,23194.4,23298.5,SL,-1.0865
2025-07-22 10:15:00-04:00,SELL,23046.7,23133.9,22872.3,SL,-1.0344
2025-07-23 12:15:00-04:00,BUY,23084.9,23072.6,23109.5,SL,-1.2439
2025-07-24 10:30:00-04:00,SELL,23208.6,23232.7,23160.4,SL,-1.1245
2025-07-30 11:00:00-04:00,BUY,23382.4,23359.9,23427.4,SL,-1.1333
2025-07-31 11:45:00-04:00,SELL,23467.7,23500.2,23402.7,TP,1.9077
2025-08-01 10:45:00-04:00,BUY,22837.2,22789.7,22932.2,SL,-1.0632
2025-08-04 10:45:00-04:00,BUY,23106.0,23081.2,23155.6,TP,1.879
2025-08-07 13:45:00-04:00,SELL,23328.8,23343.8,23298.8,TP,1.8
2025-08-08 10:15:00-04:00,BUY,23536.1,23510.1,23588.1,TP,1.8846
2025-08-11 12:30:00-04:00,BUY,23668.7,23641.0,23724.1,SL,-1.1083
2025-08-12 10:45:00-04:00,BUY,23659.1,23636.9,23703.5,TP,1.8649
2025-08-14 10:45:00-04:00,BUY,23867.7,23828.0,23947.1,SL,-1.0756
2025-08-15 13:45:00-04:00,SELL,23753.3,23775.5,23708.9,TP,1.8649
2025-08-18 11:45:00-04:00,SELL,23681.4,23683.7,23676.8,SL,-2.3043
2025-08-20 11:15:00-04:00,SELL,23148.9,23260.4,22925.9,SL,-1.0269
2025-08-21 10:30:00-04:00,BUY,23205.4,23120.0,23376.2,SL,-1.0351
2025-08-25 11:30:00-04:00,BUY,23518.7,23505.5,23545.1,TP,1.7727
2025-08-26 12:45:00-04:00,BUY,23486.2,23466.4,23525.8,SL,-1.1515
2025-08-27 12:15:00-04:00,BUY,23515.0,23483.7,23577.6,TP,1.9042
2025-08-28 11:15:00-04:00,BUY,23637.2,23583.0,23745.6,TP,1.9446
2025-09-01 11:45:00-04:00,BUY,23463.2,23452.0,23485.6,SL,-1.2679
2025-09-02 10:15:00-04:00,BUY,23165.8,23116.6,23264.2,SL,-1.061
2025-09-03 11:00:00-04:00,BUY,23463.8,23402.9,23585.6,SL,-1.0493
2025-09-08 22:30:00-04:00,SELL,23821.0,23826.7,23809.6,SL,-1.5263
2025-09-09 11:00:00-04:00,SELL,23787.9,23798.3,23767.1,TP,1.7115
2025-09-10 11:45:00-04:00,SELL,23946.5,23958.0,23923.5,TP,1.7391
2025-09-11 13:00:00-04:00,SELL,24014.3,24022.1,23998.7,SL,-1.3846
2025-09-15 10:15:00-04:00,BUY,24253.4,24220.4,24319.4,TP,1.9091
2025-09-16 15:15:00-04:00,BUY,24311.8,24305.8,24323.8,SL,-1.5
2025-09-17 11:15:00-04:00,SELL,24213.6,24221.8,24197.2,TP,1.6341
2025-09-18 10:45:00-04:00,BUY,24520.2,24469.2,24622.2,SL,-1.0588
2025-09-24 20:00:00-04:00,SELL,24554.7,24582.2,24499.7,SL,-1.1091
2025-09-25 13:15:00-04:00,BUY,24368.9,24244.4,24617.9,TP,1.9759
2025-09-29 10:15:00-04:00,BUY,24723.3,24718.8,24732.3,TP,1.3333
2025-09-30 11:15:00-04:00,BUY,24633.9,24601.4,24698.9,SL,-1.0923
2025-10-02 11:15:00-04:00,SELL,24864.1,24875.3,24841.7,TP,1.7321
2025-10-03 10:15:00-04:00,SELL,24917.5,24942.4,24867.7,SL,-1.1205
2025-10-08 10:45:00-04:00,BUY,24997.2,24953.7,25084.2,TP,1.931
2025-10-09 10:45:00-04:00,SELL,25080.6,25096.3,25049.2,SL,-1.1911
2025-10-13 10:15:00-04:00,BUY,24704.3,24649.6,24813.7,SL,-1.0548
2025-10-15 11:30:00-04:00,BUY,24857.7,24785.2,25002.7,SL,-1.0414
2025-10-17 11:45:00-04:00,SELL,24721.6,24760.6,24643.6,SL,-1.0769
2025-10-21 11:15:00-04:00,BUY,25131.8,25108.3,25178.8,TP,1.8723
2025-10-22 10:45:00-04:00,SELL,25006.1,25073.6,24871.1,TP,1.9556
2025-10-23 10:15:00-04:00,BUY,24968.9,24962.4,24981.9,TP,1.5385
2025-10-24 11:45:00-04:00,BUY,25386.5,25375.8,25407.9,TP,1.7196
2025-10-29 19:15:00-04:00,SELL,26103.3,26096.2,26089.1,SL,0.5775
2025-10-30 12:00:00-04:00,SELL,25906.3,25951.0,25816.9,SL,-1.0671
2025-10-31 11:15:00-04:00,BUY,26037.4,25998.2,26115.8,SL,-1.0765
2025-11-03 14:45:00-05:00,SELL,26028.7,26036.9,26012.3,TP,1.6341
2025-11-04 10:45:00-05:00,BUY,25734.0,25687.3,25827.4,SL,-1.0642
2025-11-05 10:15:00-05:00,BUY,25555.8,25442.3,25782.8,TP,1.9736
2025-11-06 10:15:00-05:00,SELL,25426.1,25527.6,25223.1,TP,1.9704
2025-11-07 13:15:00-05:00,SELL,24822.3,24887.8,24691.3,SL,-1.0458
2025-11-10 12:00:00-05:00,SELL,25471.7,25547.2,25320.7,SL,-1.0397
2025-11-12 15:45:00-05:00,BUY,25533.3,25502.6,25594.7,SL,-1.0977
2025-11-17 12:15:00-05:00,BUY,25074.6,25009.6,25204.6,SL,-1.0462
2025-11-18 10:15:00-05:00,SELL,24522.1,24605.6,24355.1,TP,1.9641
2025-11-19 10:45:00-05:00,BUY,24833.2,24696.4,25106.8,SL,-1.0219
2025-11-25 11:45:00-05:00,BUY,24802.9,24740.6,24927.5,TP,1.9518
2025-11-28 11:15:00-05:00,BUY,25367.9,25358.2,25387.3,SL,-1.3093
2025-12-01 10:15:00-05:00,BUY,25314.4,25233.7,25475.8,TP,1.9628
2025-12-02 12:15:00-05:00,SELL,25543.2,25636.7,25356.2,SL,-1.0321
2025-12-03 15:45:00-05:00,BUY,25648.9,25646.9,25652.9,SL,-2.5
2025-12-04 12:15:00-05:00,BUY,25591.3,25562.0,25649.9,SL,-1.1024
2025-12-05 10:30:00-05:00,BUY,25818.5,25780.6,25894.3,SL,-1.0792
2025-12-08 18:00:00-05:00,SELL,25722.4,25741.4,25684.4,TP,1.8421
2025-12-09 11:30:00-05:00,BUY,25691.8,25686.5,25702.4,SL,-1.566
2025-12-10 11:45:00-05:00,BUY,25626.4,25617.6,25644.0,TP,1.6591
2025-12-11 12:45:00-05:00,BUY,25619.3,25582.5,25692.9,TP,1.9185
2025-12-15 11:15:00-05:00,SELL,25264.8,25315.3,25163.8,TP,1.9406
2025-12-16 10:45:00-05:00,SELL,25072.4,25106.4,25004.4,SL,-1.0882
2025-12-18 12:00:00-05:00,BUY,25091.2,24980.3,25313.0,SL,-1.0271
2025-12-19 11:45:00-05:00,BUY,25301.8,25271.3,25362.8,TP,1.9016
2025-12-22 11:30:00-05:00,BUY,25498.8,25471.0,25554.4,SL,-1.1079
2025-12-26 14:15:00-05:00,BUY,25691.6,25678.6,25717.6,SL,-1.2308
2025-12-29 11:30:00-05:00,SELL,25528.9,25566.1,25454.5,SL,-1.0806
2025-12-30 11:30:00-05:00,BUY,25554.7,25511.5,25641.1,SL,-1.0694
2025-12-31 11:15:00-05:00,SELL,25390.8,25409.3,25353.8,SL,-1.1622
2026-01-02 10:30:00-05:00,SELL,25433.2,25561.4,25176.8,TP,1.9766
2026-01-05 12:45:00-05:00,SELL,25467.9,25507.6,25388.5,TP,1.9244
2026-01-06 10:30:00-05:00,BUY,25558.8,25502.9,25670.6,SL,-1.0537
2026-01-07 11:15:00-05:00,BUY,25741.2,25691.7,25840.2,SL,-1.0606
2026-01-08 13:45:00-05:00,SELL,25512.0,25521.3,25493.4,TP,1.6774
2026-01-09 10:45:00-05:00,BUY,25623.5,25593.8,25682.9,TP,1.899
2026-01-12 11:45:00-05:00,BUY,25782.9,25768.5,25811.7,TP,1.7917
2026-01-13 11:15:00-05:00,SELL,25769.6,25798.7,25711.4,SL,-1.1031
2026-01-14 11:15:00-05:00,SELL,25425.2,25464.2,25347.2,TP,1.9231
2026-01-15 12:45:00-05:00,SELL,25742.1,25759.6,25707.1,TP,1.8286
2026-01-19 10:15:00-05:00,BUY,25180.0,25116.3,25307.4,TP,1.9529
2026-01-20 10:45:00-05:00,BUY,25218.3,25153.3,25348.3,SL,-1.0462
2026-01-21 11:30:00-05:00,BUY,25169.5,25079.8,25348.9,SL,-1.0334
2026-01-22 10:15:00-05:00,SELL,25458.6,25525.3,25325.2,SL,-1.045
2026-01-26 16:15:00-05:00,SELL,25746.3,25771.1,25696.7,SL,-1.121
2026-01-28 11:00:00-05:00,SELL,26082.5,26110.3,26026.9,TP,1.8921
2026-01-29 12:30:00-05:00,SELL,25759.4,25838.6,25601.0,SL,-1.0379
2026-01-30 12:15:00-05:00,SELL,25657.8,25729.1,25515.2,TP,1.9579
2026-02-04 13:15:00-05:00,SELL,24854.6,24938.5,24686.8,SL,-1.0358
2026-02-05 10:30:00-05:00,SELL,24579.2,24683.3,24371.0,SL,-1.0288
2026-02-11 10:45:00-05:00,SELL,25124.7,25236.3,24901.5,SL,-1.0269
2026-02-12 10:15:00-05:00,SELL,25184.3,25241.5,25069.9,TP,1.9476
2026-02-13 15:45:00-05:00,SELL,24718.6,24756.9,24642.0,SL,-1.0783
2026-02-16 10:45:00-05:00,SELL,24660.9,24697.5,24587.7,SL,-1.082
2026-02-17 10:15:00-05:00,SELL,24510.6,24639.4,24253.0,SL,-1.0233
2026-02-18 14:30:00-05:00,BUY,24879.7,24793.0,25053.1,SL,-1.0346
2026-02-19 14:15:00-05:00,BUY,24753.9,24726.8,24808.1,SL,-1.1107
2026-02-20 11:15:00-05:00,BUY,25015.1,25010.1,25025.1,SL,-1.6
2026-02-23 21:15:00-05:00,SELL,24807.5,24825.0,24772.5,SL,-1.1714
2026-02-24 10:45:00-05:00,BUY,24945.3,24829.3,25177.3,TP,1.9741
2026-02-25 10:15:00-05:00,BUY,25264.5,25232.7,25328.1,SL,-1.0943
2026-02-27 15:30:00-05:00,BUY,24931.2,24858.9,25075.8,SL,-1.0415
2026-03-02 13:45:00-05:00,BUY,24968.5,24841.8,25221.9,SL,-1.0237
2026-03-03 11:30:00-05:00,BUY,24550.9,24427.2,24798.3,TP,1.9757
2026-03-05 10:45:00-05:00,SELL,25058.8,25161.7,24853.0,TP,1.9708
2026-03-06 10:45:00-05:00,BUY,24747.9,24677.2,24889.3,TP,1.9576
2026-03-10 14:15:00-04:00,BUY,24998.7,24927.1,25141.9,SL,-1.0419
2026-03-11 10:45:00-04:00,SELL,25048.7,25097.3,24951.5,TP,1.9383
2026-03-12 10:45:00-04:00,SELL,24647.2,24734.1,24473.4,SL,-1.0345
2026-03-13 10:30:00-04:00,SELL,24702.6,24726.5,24654.8,TP,1.8745
2026-03-16 11:00:00-04:00,SELL,24706.6,24726.2,24667.4,SL,-1.1531
2026-03-17 14:00:00-04:00,SELL,24852.2,24871.5,24813.6,TP,1.8446
2026-03-18 11:00:00-04:00,SELL,24724.7,24770.2,24633.7,TP,1.9341
2026-03-19 10:15:00-04:00,BUY,24277.7,24236.6,24359.9,SL,-1.073
2026-03-20 11:15:00-04:00,SELL,24137.2,24259.7,23892.2,TP,1.9755
2026-03-23 14:30:00-04:00,SELL,24345.5,24418.9,24198.7,TP,1.9591
2026-03-24 13:30:00-04:00,SELL,24017.1,24093.0,23865.3,SL,-1.0395
2026-03-25 11:30:00-04:00,SELL,24244.7,24297.3,24139.5,SL,-1.057
2026-03-26 10:30:00-04:00,BUY,23984.7,23972.9,24008.3,SL,-1.2542
2026-03-27 13:00:00-04:00,SELL,23345.1,23376.1,23283.1,TP,1.9032
2026-03-30 12:00:00-04:00,BUY,23203.5,23168.8,23272.9,SL,-1.0865
2026-03-31 10:30:00-04:00,BUY,23331.6,23255.3,23484.2,SL,-1.0393
2026-04-01 10:30:00-04:00,BUY,23989.4,23959.2,24049.8,TP,1.9007
2026-04-06 11:00:00-04:00,SELL,24175.0,24211.5,24102.0,TP,1.9178
2026-04-07 10:15:00-04:00,SELL,23984.3,24050.4,23852.1,TP,1.9546
2026-04-08 11:00:00-04:00,SELL,24893.6,24907.8,24865.2,TP,1.7887
2026-04-09 10:45:00-04:00,SELL,24853.1,24863.6,24832.1,SL,-1.2857
2026-04-10 16:30:00-04:00,SELL,25170.9,25204.4,25103.9,TP,1.9104
2026-04-13 10:15:00-04:00,BUY,25139.3,25045.3,25327.3,TP,1.9681
2026-04-14 11:00:00-04:00,BUY,25644.5,25640.2,25653.1,TP,1.3023
2026-04-16 14:15:00-04:00,BUY,26253.4,26222.9,26314.4,TP,1.9016
2026-04-17 10:15:00-04:00,BUY,26594.2,26577.6,26627.4,TP,1.8193
2026-04-20 11:15:00-04:00,SELL,26539.4,26572.9,26472.4,SL,-1.0896
2026-04-21 11:15:00-04:00,SELL,26649.5,26704.5,26539.5,TP,1.9455
2026-04-22 20:15:00-04:00,BUY,26804.8,26744.4,26925.6,TP,1.9503
2026-04-23 13:00:00-04:00,BUY,26911.1,26890.1,26953.1,SL,-1.1429
2026-04-27 15:00:00-04:00,SELL,27296.9,27310.3,27270.1,SL,-1.2239
2026-04-28 11:00:00-04:00,SELL,26998.7,27054.0,26888.1,SL,-1.0542
2026-04-29 11:00:00-04:00,BUY,27135.8,27104.4,27198.6,SL,-1.0955
2026-04-30 11:30:00-04:00,BUY,27247.0,27135.3,27470.4,TP,1.9731
2026-05-01 10:30:00-04:00,BUY,27742.7,27677.3,27873.5,SL,-1.0459
2026-05-05 11:30:00-04:00,BUY,28015.7,27995.4,28056.3,SL,-1.1478
2026-05-06 12:45:00-04:00,BUY,28421.5,28323.2,28618.1,TP,1.9695
2026-05-07 11:45:00-04:00,BUY,28728.7,28689.4,28807.3,SL,-1.0763
2026-05-08 10:30:00-04:00,BUY,28980.7,28903.3,29135.5,TP,1.9612
2026-05-11 12:15:00-04:00,BUY,29366.4,29332.3,29434.6,SL,-1.088
2026-05-12 14:15:00-04:00,SELL,28882.4,28929.4,28788.4,SL,-1.0638
2026-05-14 11:30:00-04:00,BUY,29649.1,29593.0,29761.3,SL,-1.0535
2026-05-15 12:45:00-04:00,BUY,29235.5,29206.0,29294.5,TP,1.8983
2026-05-18 11:00:00-04:00,SELL,29042.3,29089.8,28947.3,TP,1.9368
2026-05-19 10:30:00-04:00,SELL,28689.2,28872.7,28322.2,SL,-1.0163
2026-05-20 18:00:00-04:00,BUY,29113.2,29026.0,29287.6,TP,1.9656
2026-05-21 14:45:00-04:00,BUY,29276.7,29197.6,29434.9,TP,1.9621
2026-05-22 15:00:00-04:00,BUY,29548.9,29504.4,29637.9,SL,-1.0674
2026-05-25 11:00:00-04:00,SELL,29907.4,29944.5,29833.2,TP,1.9191
2026-05-26 11:30:00-04:00,BUY,29929.5,29885.5,30017.5,SL,-1.0682
2026-05-27 12:30:00-04:00,BUY,29933.6,29890.6,30019.6,SL,-1.0698
2026-05-29 11:15:00-04:00,SELL,30400.8,30421.5,30359.4,TP,1.8551
2026-06-01 12:00:00-04:00,BUY,30457.7,30424.2,30524.7,TP,1.9104
2026-06-02 10:15:00-04:00,BUY,30552.7,30485.0,30688.1,TP,1.9557
2026-06-03 10:45:00-04:00,BUY,30650.7,30547.6,30856.9,SL,-1.0291
2026-06-04 19:30:00-04:00,BUY,30279.6,30267.7,30303.4,SL,-1.2521
2026-06-05 10:15:00-04:00,SELL,29862.6,29924.1,29739.6,TP,1.9512
2026-06-08 13:00:00-04:00,BUY,29505.1,29441.5,29632.3,SL,-1.0472
2026-06-11 10:15:00-04:00,BUY,28838.0,28746.0,29022.0,SL,-1.0326
2026-06-12 10:30:00-04:00,BUY,29504.3,29358.8,29795.3,TP,1.9794
2026-06-15 18:15:00-04:00,BUY,30504.1,30449.4,30613.5,TP,1.9452
2026-06-17 13:15:00-04:00,SELL,30149.1,30169.1,30109.1,SL,-1.15
2026-06-18 12:15:00-04:00,BUY,30371.1,30280.2,30552.9,SL,-1.033
2026-06-19 11:15:00-04:00,BUY,30429.2,30421.2,30445.2,SL,-1.375
2026-06-23 10:30:00-04:00,BUY,29677.0,29507.3,30016.4,SL,-1.0177
2026-06-24 11:00:00-04:00,BUY,29540.8,29465.4,29691.6,SL,-1.0398
2026-06-25 10:30:00-04:00,SELL,29451.8,29532.8,29289.8,SL,-1.037
2026-06-26 11:15:00-04:00,BUY,29181.9,29111.9,29321.9,TP,1.9571
2026-06-29 10:30:00-04:00,SELL,29327.9,29403.6,29176.5,SL,-1.0396
2026-07-01 11:00:00-04:00,SELL,30022.5,30066.0,29935.5,SL,-1.069
2026-07-06 15:15:00-04:00,SELL,29838.7,29866.7,29782.7,TP,1.8929
2026-07-07 11:45:00-04:00,SELL,29173.3,29263.4,28993.1,SL,-1.0333
2026-07-09 10:45:00-04:00,SELL,29603.5,29712.7,29385.1,SL,-1.0275
2026-07-14 11:30:00-04:00,BUY,29648.2,29598.9,29746.8,SL,-1.0609
2026-07-15 14:15:00-04:00,SELL,29559.2,29633.3,29411.0,TP,1.9595
2026-07-16 10:45:00-04:00,BUY,29230.0,29173.2,29343.6,SL,-1.0528
2026-07-17 10:30:00-04:00,BUY,28616.5,28507.8,28833.9,TP,1.9724
2026-07-20 12:30:00-04:00,BUY,28914.0,28896.6,28948.8,SL,-1.1724
2026-07-21 11:30:00-04:00,BUY,29126.7,29090.5,29199.1,TP,1.9171
2026-07-22 10:15:00-04:00,BUY,29075.4,29034.5,29157.2,SL,-1.0733
2026-07-23 12:15:00-04:00,SELL,28531.4,28591.3,28411.6,SL,-1.0501
2026-07-24 10:45:00-04:00,SELL,28311.2,28342.0,28249.6,SL,-1.0974
2026-07-28 19:00:00-04:00,BUY,27617.0,27579.6,27691.8,TP,1.9198
2026-07-29 14:00:00-04:00,SELL,27698.8,27788.5,27519.4,SL,-1.0334
2026-07-30 10:45:00-04:00,BUY,27949.5,27858.3,28131.9,TP,1.9671
2026-07-31 12:30:00-04:00,SELL,28270.1,28304.2,28201.9,TP,1.912
2026-08-06 12:00:00-04:00,BUY,29388.0,29356.8,29450.4,SL,-1.0962
2026-08-07 12:15:00-04:00,BUY,29649.1,29623.6,29700.1,SL,-1.1176
2026-08-10 11:45:00-04:00,SELL,29729.8,29775.8,29637.8,TP,1.9348
2026-08-11 10:30:00-04:00,BUY,29650.1,29642.1,29666.1,TP,1.625
2026-08-12 12:30:00-04:00,BUY,29772.8,29748.5,29821.4,TP,1.8765
2026-08-13 11:30:00-04:00,BUY,30073.6,29931.0,30358.8,SL,-1.021
2026-08-18 11:15:00-04:00,SELL,29503.5,29545.8,29418.9,SL,-1.0709
2026-08-19 10:30:00-04:00,SELL,29442.8,29540.6,29247.2,SL,-1.0307
2026-08-20 13:00:00-04:00,BUY,29289.9,29274.2,29321.3,SL,-1.1911
2026-08-24 11:00:00-04:00,BUY,29020.9,28950.8,29161.1,TP,1.9572
2026-08-25 11:15:00-04:00,SELL,29214.9,29257.0,29130.7,SL,-1.0713
2026-08-26 11:15:00-04:00,BUY,29196.8,29172.3,29245.8,SL,-1.1224
2026-08-27 13:30:00-04:00,BUY,29592.8,29557.6,29663.2,SL,-1.0852
2026-08-28 11:30:00-04:00,BUY,29682.8,29610.5,29827.4,SL,-1.0415
