day,direction,fvg_confirm_time,entry_time,entry_price,stop,target,exit_time,exit_price,exit_reason,r_multiple,pnl_usd
2025-08-27,LONG,2025-08-27 10:15:00-04:00,2025-08-27 12:15:00-04:00,23500.65,23469.85,23593.05000000001,2025-08-27 14:15:00-04:00,23593.05000000001,TP,3.0,3000.0
2025-08-28,LONG,2025-08-28 10:45:00-04:00,2025-08-28 11:15:00-04:00,23624.45,23569.75,23788.550000000003,2025-08-28 23:45:00-04:00,23665.95,EOD,0.7587,758.68
2025-09-01,LONG,2025-09-01 10:00:00-04:00,2025-09-01 10:15:00-04:00,23436.25,23432.45,23447.649999999998,2025-09-01 10:15:00-04:00,23432.45,SL,-1.0,-1000.0
2025-09-02,LONG,2025-09-02 10:00:00-04:00,2025-09-02 10:15:00-04:00,23150.35,23104.05,23289.249999999996,2025-09-02 10:45:00-04:00,23104.05,SL,-1.0,-1000.0
2025-09-03,LONG,2025-09-03 10:45:00-04:00,2025-09-03 11:00:00-04:00,23453.15,23388.15,23648.15,2025-09-03 11:15:00-04:00,23388.15,SL,-1.0,-1000.0
2025-09-08,SHORT,2025-09-08 12:30:00-04:00,2025-09-08 22:15:00-04:00,23798.75,23803.55,23784.350000000002,2025-09-08 22:30:00-04:00,23803.55,SL,-1.0,-1000.0
2025-09-09,LONG,2025-09-09 13:15:00-04:00,2025-09-09 13:30:00-04:00,23804.55,23786.75,23857.949999999997,2025-09-09 16:15:00-04:00,23857.949999999997,TP,3.0,3000.0
2025-09-10,SHORT,2025-09-10 11:30:00-04:00,2025-09-10 11:45:00-04:00,23924.15,23937.55,23883.950000000008,2025-09-10 11:45:00-04:00,23937.55,SL,-1.0,-1000.0
2025-09-11,SHORT,2025-09-11 12:45:00-04:00,2025-09-11 13:00:00-04:00,23987.95,23995.05,23966.650000000005,2025-09-11 13:00:00-04:00,23995.05,SL,-1.0,-1000.0
2025-09-15,LONG,2025-09-15 10:00:00-04:00,2025-09-15 10:15:00-04:00,24218.05,24183.35,24322.15,2025-09-15 22:30:00-04:00,24322.15,TP,3.0,3000.0
2025-09-16,LONG,2025-09-16 14:45:00-04:00,2025-09-16 15:15:00-04:00,24283.85,24277.85,24301.85,2025-09-16 15:45:00-04:00,24277.85,SL,-1.0,-1000.0
2025-09-17,LONG,2025-09-17 13:30:00-04:00,2025-09-17 14:00:00-04:00,24159.25,24151.25,24183.25,2025-09-17 14:00:00-04:00,24151.25,SL,-1.0,-1000.0
2025-09-18,LONG,2025-09-18 10:15:00-04:00,2025-09-18 10:45:00-04:00,24498.35,24448.65,24647.44999999999,2025-09-18 15:45:00-04:00,24448.65,SL,-1.0,-1000.0
2025-09-24,SHORT,2025-09-24 11:45:00-04:00,2025-09-24 20:00:00-04:00,24521.85,24551.65,24432.44999999999,2025-09-24 21:45:00-04:00,24551.65,SL,-1.0,-1000.0
2025-09-25,LONG,2025-09-25 10:15:00-04:00,2025-09-25 13:15:00-04:00,24336.25,24211.45,24710.649999999998,2025-09-25 23:45:00-04:00,24363.95,EOD,0.222,221.96
2025-09-26,SHORT,2025-09-26 10:15:00-04:00,2025-09-26 10:30:00-04:00,24383.65,24475.45,24108.250000000004,2025-09-26 13:00:00-04:00,24475.45,SL,-1.0,-1000.0
2025-09-29,LONG,2025-09-29 10:00:00-04:00,2025-09-29 10:15:00-04:00,24695.05,24688.85,24713.65,2025-09-29 10:15:00-04:00,24713.65,TP,3.0,3000.0
2025-09-30,LONG,2025-09-30 11:00:00-04:00,2025-09-30 11:15:00-04:00,24601.85,24566.05,24709.249999999996,2025-09-30 11:15:00-04:00,24566.05,SL,-1.0,-1000.0
2025-10-02,SHORT,2025-10-02 11:00:00-04:00,2025-10-02 11:15:00-04:00,24835.15,24848.75,24794.350000000006,2025-10-02 11:30:00-04:00,24794.350000000006,TP,3.0,3000.0
2025-10-03,SHORT,2025-10-03 10:00:00-04:00,2025-10-03 10:15:00-04:00,24894.45,24926.65,24797.85,2025-10-03 11:15:00-04:00,24926.65,SL,-1.0,-1000.0
2025-10-06,LONG,2025-10-06 11:45:00-04:00,2025-10-06 15:45:00-04:00,24971.85,24956.95,25016.549999999992,2025-10-06 18:30:00-04:00,24956.95,SL,-1.0,-1000.0
2025-10-08,LONG,2025-10-08 10:00:00-04:00,2025-10-08 10:45:00-04:00,24975.25,24933.15,25101.549999999996,2025-10-08 15:15:00-04:00,25101.549999999996,TP,3.0,3000.0
2025-10-09,SHORT,2025-10-09 10:30:00-04:00,2025-10-09 10:45:00-04:00,25051.65,25070.45,24995.250000000004,2025-10-09 10:45:00-04:00,24995.250000000004,TP,3.0,3000.0
2025-10-13,LONG,2025-10-13 10:00:00-04:00,2025-10-13 10:15:00-04:00,24689.45,24636.05,24849.650000000005,2025-10-13 10:15:00-04:00,24636.05,SL,-1.0,-1000.0
2025-10-15,LONG,2025-10-15 10:00:00-04:00,2025-10-15 11:30:00-04:00,24859.7,24765.05,25143.650000000005,2025-10-15 11:30:00-04:00,24765.05,SL,-1.0,-1000.0
2025-10-17,SHORT,2025-10-17 10:45:00-04:00,2025-10-17 11:45:00-04:00,24698.85,24740.35,24574.35,2025-10-17 12:00:00-04:00,24740.35,SL,-1.0,-1000.0
2025-10-21,LONG,2025-10-21 11:00:00-04:00,2025-10-21 11:15:00-04:00,25103.95,25081.45,25171.45,2025-10-21 11:15:00-04:00,25081.45,SL,-1.0,-1000.0
2025-10-22,SHORT,2025-10-22 10:30:00-04:00,2025-10-22 10:45:00-04:00,24979.05,25048.65,24770.249999999993,2025-10-22 12:30:00-04:00,24770.249999999993,TP,3.0,3000.0
2025-10-23,LONG,2025-10-23 10:00:00-04:00,2025-10-23 10:15:00-04:00,24947.75,24935.55,24984.350000000002,2025-10-23 10:15:00-04:00,24935.55,SL,-1.0,-1000.0
2025-10-24,LONG,2025-10-24 11:30:00-04:00,2025-10-24 11:45:00-04:00,25364.65,25355.05,25393.450000000008,2025-10-24 12:15:00-04:00,25393.450000000008,TP,3.0,3000.0
2025-10-27,LONG,2025-10-27 14:45:00-04:00,2025-10-27 15:00:00-04:00,25773.75,25754.25,25832.25,2025-10-27 16:45:00-04:00,25832.25,TP,3.0,3000.0
2025-10-28,LONG,2025-10-28 10:15:00-04:00,2025-10-28 10:45:00-04:00,25890.05,25868.35,25955.15,2025-10-28 11:45:00-04:00,25868.35,SL,-1.0,-1000.0
2025-10-29,SHORT,2025-10-29 19:15:00-04:00,2025-10-29 20:15:00-04:00,26073.35,26066.25,26052.050000000003,2025-10-29 20:15:00-04:00,26066.25,SL,1.0,1000.0
2025-10-30,SHORT,2025-10-30 12:45:00-04:00,2025-10-30 13:00:00-04:00,25872.85,25917.35,25739.35,2025-10-30 13:00:00-04:00,25917.35,SL,-1.0,-1000.0
2025-10-31,SHORT,2025-10-31 10:45:00-04:00,2025-10-31 11:30:00-04:00,25996.15,26061.35,25800.55000000001,2025-10-31 13:45:00-04:00,25800.55000000001,TP,3.0,3000.0
2025-11-03,SHORT,2025-11-03 10:00:00-05:00,2025-11-03 12:45:00-05:00,26019.45,26032.25,25981.050000000003,2025-11-03 14:00:00-05:00,25981.050000000003,TP,3.0,3000.0
2025-11-04,LONG,2025-11-04 10:00:00-05:00,2025-11-04 10:45:00-05:00,25698.45,25645.15,25858.35,2025-11-04 10:45:00-05:00,25645.15,SL,-1.0,-1000.0
2025-11-05,LONG,2025-11-05 10:00:00-05:00,2025-11-05 10:15:00-05:00,25515.95,25399.45,25865.45,2025-11-05 23:45:00-05:00,25614.15,EOD,0.8429,842.92
2025-11-06,SHORT,2025-11-06 10:00:00-05:00,2025-11-06 10:15:00-05:00,25388.95,25482.75,25107.550000000003,2025-11-06 11:30:00-05:00,25107.550000000003,TP,3.0,3000.0
2025-11-07,SHORT,2025-11-07 10:45:00-05:00,2025-11-07 13:15:00-05:00,24780.85,24857.05,24552.249999999996,2025-11-07 14:15:00-05:00,24857.05,SL,-1.0,-1000.0
2025-11-10,SHORT,2025-11-10 11:00:00-05:00,2025-11-10 12:00:00-05:00,25433.75,25513.25,25195.25,2025-11-10 12:45:00-05:00,25513.25,SL,-1.0,-1000.0
2025-11-12,LONG,2025-11-12 15:30:00-05:00,2025-11-12 15:45:00-05:00,25491.75,25458.45,25591.649999999998,2025-11-12 18:00:00-05:00,25458.45,SL,-1.0,-1000.0
2025-11-17,LONG,2025-11-17 11:45:00-05:00,2025-11-17 12:15:00-05:00,25044.55,24982.45,25230.849999999995,2025-11-17 12:45:00-05:00,24982.45,SL,-1.0,-1000.0
2025-11-18,SHORT,2025-11-18 10:00:00-05:00,2025-11-18 10:15:00-05:00,24484.15,24569.05,24229.450000000008,2025-11-18 11:15:00-05:00,24569.05,SL,-1.0,-1000.0
2025-11-19,LONG,2025-11-19 10:00:00-05:00,2025-11-19 10:45:00-05:00,24797.65,24659.85,25211.05000000001,2025-11-19 11:00:00-05:00,24659.85,SL,-1.0,-1000.0
2025-11-25,LONG,2025-11-25 11:30:00-05:00,2025-11-25 11:45:00-05:00,24773.15,24712.35,24955.55000000001,2025-11-25 12:30:00-05:00,24955.55000000001,TP,3.0,3000.0
2025-11-28,LONG,2025-11-28 11:00:00-05:00,2025-11-28 11:15:00-05:00,25337.15,25327.75,25365.350000000006,2025-11-28 11:15:00-05:00,25327.75,SL,-1.0,-1000.0
2025-12-01,LONG,2025-12-01 10:00:00-05:00,2025-12-01 10:15:00-05:00,25281.15,25195.15,25539.15,2025-12-01 23:45:00-05:00,25321.35,EOD,0.4674,467.44
2025-12-02,SHORT,2025-12-02 11:15:00-05:00,2025-12-02 12:00:00-05:00,25502.55,25597.15,25218.749999999993,2025-12-02 20:30:00-05:00,25597.15,SL,-1.0,-1000.0
2025-12-03,LONG,2025-12-03 15:00:00-05:00,2025-12-03 15:45:00-05:00,25611.95,25610.25,25617.050000000003,2025-12-03 15:45:00-05:00,25610.25,SL,-1.0,-1000.0
2025-12-04,LONG,2025-12-04 12:00:00-05:00,2025-12-04 12:15:00-05:00,25554.45,25524.75,25643.550000000003,2025-12-04 14:15:00-05:00,25524.75,SL,-1.0,-1000.0
2025-12-05,LONG,2025-12-05 10:15:00-05:00,2025-12-05 10:30:00-05:00,25785.15,25747.95,25896.750000000004,2025-12-05 10:45:00-05:00,25747.95,SL,-1.0,-1000.0
2025-12-08,SHORT,2025-12-08 10:30:00-05:00,2025-12-08 18:00:00-05:00,25686.05,25703.65,25633.249999999993,2025-12-08 23:45:00-05:00,25653.25,EOD,1.8636,1863.64
2025-12-09,LONG,2025-12-09 11:15:00-05:00,2025-12-09 11:30:00-05:00,25653.65,25649.65,25665.65,2025-12-09 11:30:00-05:00,25649.65,SL,-1.0,-1000.0
2025-12-10,LONG,2025-12-10 11:30:00-05:00,2025-12-10 11:45:00-05:00,25589.35,25579.05,25620.249999999996,2025-12-10 11:45:00-05:00,25579.05,SL,-1.0,-1000.0
2025-12-11,LONG,2025-12-11 12:30:00-05:00,2025-12-11 12:45:00-05:00,25577.45,25543.65,25678.85,2025-12-11 14:30:00-05:00,25678.85,TP,3.0,3000.0
2025-12-15,SHORT,2025-12-15 10:00:00-05:00,2025-12-15 11:15:00-05:00,25213.47,25265.92,25056.12000000001,2025-12-15 13:30:00-05:00,25056.12000000001,TP,3.0,3000.0
2025-12-16,SHORT,2025-12-16 10:30:00-05:00,2025-12-16 10:45:00-05:00,25018.97,25053.1,24916.58000000001,2025-12-16 10:45:00-05:00,25053.1,SL,-1.0,-1000.0
2025-12-18,LONG,2025-12-18 10:30:00-05:00,2025-12-18 12:00:00-05:00,25067.72,24953.47,25410.47,2025-12-18 12:15:00-05:00,24953.47,SL,-1.0,-1000.0
2025-12-19,LONG,2025-12-19 11:15:00-05:00,2025-12-19 11:45:00-05:00,25270.72,25237.72,25369.72,2025-12-19 16:45:00-05:00,25350.65,EOD,2.4221,2422.12
2025-12-22,LONG,2025-12-22 11:15:00-05:00,2025-12-22 11:30:00-05:00,25454.97,25427.22,25538.22,2025-12-22 13:15:00-05:00,25427.22,SL,-1.0,-1000.0
2025-12-26,SHORT,2025-12-26 12:00:00-05:00,2025-12-26 12:15:00-05:00,25643.72,25656.22,25606.22,2025-12-26 13:45:00-05:00,25656.22,SL,-1.0,-1000.0
2025-12-29,SHORT,2025-12-29 11:00:00-05:00,2025-12-29 11:30:00-05:00,25497.97,25535.85,25384.33000000001,2025-12-29 14:45:00-05:00,25535.85,SL,-1.0,-1000.0
2025-12-30,LONG,2025-12-30 11:00:00-05:00,2025-12-30 11:30:00-05:00,25523.22,25476.72,25662.72,2025-12-30 15:00:00-05:00,25476.72,SL,-1.0,-1000.0
2025-12-31,SHORT,2025-12-31 11:00:00-05:00,2025-12-31 11:15:00-05:00,25354.72,25373.22,25299.22,2025-12-31 11:15:00-05:00,25373.22,SL,-1.0,-1000.0
2026-01-05,SHORT,2026-01-05 12:30:00-05:00,2026-01-05 12:45:00-05:00,25435.97,25475.22,25318.22,2026-01-05 23:45:00-05:00,25453.4,EOD,-0.4441,-444.08
2026-01-06,LONG,2026-01-06 10:00:00-05:00,2026-01-06 10:30:00-05:00,25533.72,25473.05,25715.730000000007,2026-01-06 11:00:00-05:00,25473.05,SL,-1.0,-1000.0
2026-01-07,LONG,2026-01-07 11:00:00-05:00,2026-01-07 11:15:00-05:00,25711.97,25661.85,25862.33000000001,2026-01-07 15:15:00-05:00,25661.85,SL,-1.0,-1000.0
2026-01-08,SHORT,2026-01-08 13:15:00-05:00,2026-01-08 13:45:00-05:00,25484.72,25496.72,25448.72,2026-01-08 13:45:00-05:00,25448.72,TP,3.0,3000.0
2026-01-09,LONG,2026-01-09 10:30:00-05:00,2026-01-09 10:45:00-05:00,25602.47,25569.22,25702.22,2026-01-09 11:00:00-05:00,25702.22,TP,3.0,3000.0
2026-01-12,LONG,2026-01-12 11:15:00-05:00,2026-01-12 11:45:00-05:00,25754.47,25740.22,25797.22,2026-01-12 12:00:00-05:00,25797.22,TP,3.0,3000.0
2026-01-13,SHORT,2026-01-13 10:15:00-05:00,2026-01-13 11:15:00-05:00,25743.47,25775.47,25647.47,2026-01-13 11:30:00-05:00,25775.47,SL,-1.0,-1000.0
2026-01-14,SHORT,2026-01-14 10:45:00-05:00,2026-01-14 11:15:00-05:00,25402.47,25444.72,25275.72,2026-01-14 11:45:00-05:00,25275.72,TP,3.0,3000.0
2026-01-15,SHORT,2026-01-15 12:30:00-05:00,2026-01-15 12:45:00-05:00,25725.72,25745.47,25666.47,2026-01-15 13:30:00-05:00,25745.47,SL,-1.0,-1000.0
2026-01-19,LONG,2026-01-19 10:00:00-05:00,2026-01-19 10:15:00-05:00,25149.22,25081.67,25351.87000000001,2026-01-19 23:45:00-05:00,25218.28,EOD,1.0224,1022.35
2026-01-20,LONG,2026-01-20 10:30:00-05:00,2026-01-20 10:45:00-05:00,25186.72,25120.97,25383.97,2026-01-20 12:45:00-05:00,25120.97,SL,-1.0,-1000.0
2026-01-21,LONG,2026-01-21 10:00:00-05:00,2026-01-21 11:30:00-05:00,25140.47,25046.55,25422.230000000007,2026-01-21 12:00:00-05:00,25046.55,SL,-1.0,-1000.0
2026-01-22,SHORT,2026-01-22 10:00:00-05:00,2026-01-22 10:15:00-05:00,25425.22,25491.92,25225.12000000001,2026-01-22 10:45:00-05:00,25491.92,SL,-1.0,-1000.0
2026-01-26,LONG,2026-01-26 11:30:00-05:00,2026-01-26 11:45:00-05:00,25757.22,25746.22,25790.22,2026-01-26 12:00:00-05:00,25790.22,TP,3.0,3000.0
2026-01-28,SHORT,2026-01-28 10:45:00-05:00,2026-01-28 11:00:00-05:00,26055.47,26085.35,25965.83000000001,2026-01-28 16:00:00-05:00,25965.83000000001,TP,3.0,3000.0
2026-01-29,SHORT,2026-01-29 10:00:00-05:00,2026-01-29 12:30:00-05:00,25733.6,25817.67,25481.39,2026-01-29 15:45:00-05:00,25817.67,SL,-1.0,-1000.0
2026-01-30,SHORT,2026-01-30 12:00:00-05:00,2026-01-30 12:15:00-05:00,25634.22,25706.85,25416.33000000001,2026-01-30 16:45:00-05:00,25509.78,EOD,1.7133,1713.34
2026-02-04,SHORT,2026-02-04 12:30:00-05:00,2026-02-04 13:15:00-05:00,24831.72,24917.72,24573.72,2026-02-04 14:30:00-05:00,24917.72,SL,-1.0,-1000.0
2026-02-05,SHORT,2026-02-05 10:15:00-05:00,2026-02-05 10:30:00-05:00,24554.11,24661.97,24230.53,2026-02-05 11:15:00-05:00,24661.97,SL,-1.0,-1000.0
2026-02-11,SHORT,2026-02-11 10:15:00-05:00,2026-02-11 10:45:00-05:00,25108.22,25214.47,24789.47,2026-02-11 12:30:00-05:00,25214.47,SL,-1.0,-1000.0
2026-02-12,SHORT,2026-02-12 10:00:00-05:00,2026-02-12 10:15:00-05:00,25167.72,25225.67,24993.87000000001,2026-02-12 10:45:00-05:00,24993.87000000001,TP,3.0,3000.0
2026-02-13,SHORT,2026-02-13 15:30:00-05:00,2026-02-13 15:45:00-05:00,24699.1,24735.72,24589.23999999999,2026-02-13 16:00:00-05:00,24735.72,SL,-1.0,-1000.0
2026-02-16,SHORT,2026-02-16 10:30:00-05:00,2026-02-16 10:45:00-05:00,24644.97,24680.35,24538.83000000001,2026-02-16 12:30:00-05:00,24680.35,SL,-1.0,-1000.0
2026-02-17,SHORT,2026-02-17 10:00:00-05:00,2026-02-17 10:15:00-05:00,24494.97,24612.17,24143.37000000001,2026-02-17 11:00:00-05:00,24612.17,SL,-1.0,-1000.0
2026-02-18,LONG,2026-02-18 10:00:00-05:00,2026-02-18 14:30:00-05:00,24870.47,24767.92,25178.12000000001,2026-02-18 23:45:00-05:00,24885.9,EOD,0.1505,150.46
2026-02-19,SHORT,2026-02-19 11:45:00-05:00,2026-02-19 12:15:00-05:00,24800.72,24811.97,24766.97,2026-02-19 12:15:00-05:00,24811.97,SL,-1.0,-1000.0
2026-02-20,LONG,2026-02-20 11:00:00-05:00,2026-02-20 11:15:00-05:00,25005.1,24998.1,25026.1,2026-02-20 11:15:00-05:00,24998.1,SL,-1.0,-1000.0
2026-02-23,SHORT,2026-02-23 10:45:00-05:00,2026-02-23 21:15:00-05:00,24789.72,24809.47,24730.47,2026-02-23 21:15:00-05:00,24809.47,SL,-1.0,-1000.0
2026-02-24,LONG,2026-02-24 10:30:00-05:00,2026-02-24 10:45:00-05:00,24932.72,24811.97,25294.97,2026-02-24 23:45:00-05:00,24996.4,EOD,0.5274,527.37
2026-02-25,LONG,2026-02-25 10:00:00-05:00,2026-02-25 10:15:00-05:00,25249.47,25217.92,25344.12000000001,2026-02-25 10:45:00-05:00,25217.92,SL,-1.0,-1000.0
2026-02-27,LONG,2026-02-27 15:15:00-05:00,2026-02-27 15:30:00-05:00,24913.47,24842.22,25127.22,2026-02-27 16:45:00-05:00,24902.15,EOD,-0.1589,-158.88
2026-03-02,LONG,2026-03-02 11:45:00-05:00,2026-03-02 13:45:00-05:00,24952.22,24824.97,25333.97,2026-03-02 21:00:00-05:00,24824.97,SL,-1.0,-1000.0
2026-03-03,LONG,2026-03-03 11:15:00-05:00,2026-03-03 11:30:00-05:00,24534.65,24409.15,24911.15,2026-03-03 23:45:00-05:00,24552.05,EOD,0.1386,138.65
2026-03-05,LONG,2026-03-05 10:00:00-05:00,2026-03-05 10:15:00-05:00,25091.05,25024.25,25291.449999999997,2026-03-05 10:15:00-05:00,25024.25,SL,-1.0,-1000.0
2026-03-06,LONG,2026-03-06 10:15:00-05:00,2026-03-06 10:45:00-05:00,24727.85,24659.85,24931.85,2026-03-06 15:15:00-05:00,24659.85,SL,-1.0,-1000.0
2026-03-09,LONG,2026-03-09 10:15:00-04:00,2026-03-09 10:30:00-04:00,24363.85,24355.55,24388.749999999996,2026-03-09 10:30:00-04:00,24355.55,SL,-1.0,-1000.0
2026-03-10,LONG,2026-03-10 11:30:00-04:00,2026-03-10 15:15:00-04:00,24974.15,24903.05,25187.450000000008,2026-03-10 23:45:00-04:00,25067.95,EOD,1.3193,1319.27
2026-03-11,LONG,2026-03-11 10:15:00-04:00,2026-03-11 11:30:00-04:00,24934.85,24918.45,24984.049999999992,2026-03-11 11:30:00-04:00,24984.049999999992,TP,3.0,3000.0
2026-03-12,SHORT,2026-03-12 11:30:00-04:00,2026-03-12 11:45:00-04:00,24624.45,24714.35,24354.750000000007,2026-03-12 23:45:00-04:00,24585.45,EOD,0.4338,433.82
2026-03-13,LONG,2026-03-13 10:45:00-04:00,2026-03-13 11:00:00-04:00,24703.05,24627.25,24930.449999999997,2026-03-13 11:15:00-04:00,24627.25,SL,-1.0,-1000.0
2026-03-16,SHORT,2026-03-16 11:45:00-04:00,2026-03-16 12:00:00-04:00,24680.45,24703.45,24611.45,2026-03-16 12:15:00-04:00,24703.45,SL,-1.0,-1000.0
2026-03-17,LONG,2026-03-17 10:15:00-04:00,2026-03-17 10:30:00-04:00,24736.35,24703.05,24836.249999999996,2026-03-17 10:30:00-04:00,24836.249999999996,TP,3.0,3000.0
2026-03-18,SHORT,2026-03-18 11:15:00-04:00,2026-03-18 12:00:00-04:00,24696.15,24741.55,24559.950000000008,2026-03-18 15:30:00-04:00,24559.950000000008,TP,3.0,3000.0
2026-03-19,LONG,2026-03-19 11:00:00-04:00,2026-03-19 11:15:00-04:00,24244.95,24206.95,24358.95,2026-03-19 11:15:00-04:00,24206.95,SL,-1.0,-1000.0
2026-03-20,SHORT,2026-03-20 11:00:00-04:00,2026-03-20 12:15:00-04:00,24109.75,24236.75,23728.75,2026-03-20 17:45:00-04:00,23998.05,EOD,0.8795,879.53
2026-03-24,SHORT,2026-03-24 14:15:00-04:00,2026-03-24 14:30:00-04:00,23989.35,24067.15,23755.94999999999,2026-03-24 15:30:00-04:00,24067.15,SL,-1.0,-1000.0
2026-03-25,SHORT,2026-03-25 12:15:00-04:00,2026-03-25 12:30:00-04:00,24217.15,24273.15,24049.15,2026-03-25 14:30:00-04:00,24273.15,SL,-1.0,-1000.0
2026-03-26,LONG,2026-03-26 10:15:00-04:00,2026-03-26 10:30:00-04:00,23917.15,23908.95,23941.750000000004,2026-03-26 10:30:00-04:00,23908.95,SL,-1.0,-1000.0
2026-03-27,SHORT,2026-03-27 13:15:00-04:00,2026-03-27 14:00:00-04:00,23326.15,23358.55,23228.950000000008,2026-03-27 14:15:00-04:00,23228.950000000008,TP,3.0,3000.0
2026-03-30,LONG,2026-03-30 11:45:00-04:00,2026-03-30 12:00:00-04:00,23186.05,23147.25,23302.449999999997,2026-03-30 12:00:00-04:00,23147.25,SL,-1.0,-1000.0
2026-03-31,LONG,2026-03-31 10:00:00-04:00,2026-03-31 10:30:00-04:00,23313.25,23233.85,23551.450000000004,2026-03-31 10:45:00-04:00,23233.85,SL,-1.0,-1000.0
2026-04-01,LONG,2026-04-01 10:15:00-04:00,2026-04-01 10:30:00-04:00,23971.55,23937.25,24074.449999999997,2026-04-01 10:45:00-04:00,24074.449999999997,TP,3.0,3000.0
2026-04-06,SHORT,2026-04-06 10:45:00-04:00,2026-04-06 11:00:00-04:00,24152.95,24191.95,24035.95,2026-04-06 13:00:00-04:00,24035.95,TP,3.0,3000.0
2026-04-07,SHORT,2026-04-07 10:00:00-04:00,2026-04-07 10:15:00-04:00,23958.35,24026.55,23753.749999999996,2026-04-07 12:00:00-04:00,24026.55,SL,-1.0,-1000.0
2026-04-08,SHORT,2026-04-08 10:45:00-04:00,2026-04-08 11:00:00-04:00,24865.25,24882.55,24813.350000000002,2026-04-08 11:00:00-04:00,24813.350000000002,TP,3.0,3000.0
2026-04-09,SHORT,2026-04-09 10:30:00-04:00,2026-04-09 10:45:00-04:00,24824.25,24839.75,24777.75,2026-04-09 10:45:00-04:00,24839.75,SL,-1.0,-1000.0
2026-04-10,SHORT,2026-04-10 11:45:00-04:00,2026-04-10 16:30:00-04:00,25148.55,25182.25,25047.449999999997,2026-04-10 16:45:00-04:00,25168.05,EOD,-0.5786,-578.64
2026-04-13,LONG,2026-04-13 10:00:00-04:00,2026-04-13 10:15:00-04:00,25110.85,25017.05,25392.249999999996,2026-04-13 16:00:00-04:00,25392.249999999996,TP,3.0,3000.0
2026-04-14,LONG,2026-04-14 10:15:00-04:00,2026-04-14 11:00:00-04:00,25603.15,25559.85,25733.05000000001,2026-04-14 11:45:00-04:00,25733.05000000001,TP,3.0,3000.0
2026-04-16,LONG,2026-04-16 10:45:00-04:00,2026-04-16 14:15:00-04:00,26224.05,26191.15,26322.749999999993,2026-04-16 15:45:00-04:00,26322.749999999993,TP,3.0,3000.0
2026-04-17,LONG,2026-04-17 10:00:00-04:00,2026-04-17 10:15:00-04:00,26570.35,26550.25,26630.649999999994,2026-04-17 10:30:00-04:00,26630.649999999994,TP,3.0,3000.0
2026-04-20,SHORT,2026-04-20 11:00:00-04:00,2026-04-20 11:15:00-04:00,26503.25,26538.95,26396.149999999998,2026-04-20 11:15:00-04:00,26538.95,SL,-1.0,-1000.0
2026-04-21,SHORT,2026-04-21 11:00:00-04:00,2026-04-21 11:15:00-04:00,26615.25,26668.55,26455.350000000002,2026-04-21 13:15:00-04:00,26455.350000000002,TP,3.0,3000.0
2026-04-22,LONG,2026-04-22 10:15:00-04:00,2026-04-22 20:15:00-04:00,26769.55,26712.05,26942.05,2026-04-22 20:15:00-04:00,26712.05,SL,-1.0,-1000.0
2026-04-23,LONG,2026-04-23 10:45:00-04:00,2026-04-23 13:00:00-04:00,26883.95,26864.65,26941.85,2026-04-23 13:00:00-04:00,26864.65,SL,-1.0,-1000.0
2026-04-27,SHORT,2026-04-27 14:45:00-04:00,2026-04-27 15:00:00-04:00,27271.53,27286.77,27225.809999999994,2026-04-27 15:15:00-04:00,27286.77,SL,-1.0,-1000.0
2026-04-28,SHORT,2026-04-28 10:45:00-04:00,2026-04-28 11:00:00-04:00,26975.66,27032.02,26806.579999999998,2026-04-28 14:15:00-04:00,27032.02,SL,-1.0,-1000.0
2026-04-29,LONG,2026-04-29 10:30:00-04:00,2026-04-29 11:00:00-04:00,27114.29,27080.91,27214.430000000004,2026-04-29 11:45:00-04:00,27080.91,SL,-1.0,-1000.0
2026-04-30,LONG,2026-04-30 11:00:00-04:00,2026-04-30 11:30:00-04:00,27224.39,27113.06,27558.379999999994,2026-04-30 23:45:00-04:00,27508.56,EOD,2.5525,2552.5
2026-05-01,LONG,2026-05-01 10:00:00-04:00,2026-05-01 10:30:00-04:00,27718.41,27653.68,27912.6,2026-05-01 10:30:00-04:00,27653.68,SL,-1.0,-1000.0
2026-05-05,LONG,2026-05-05 11:15:00-04:00,2026-05-05 11:30:00-04:00,27989.53,27969.95,28048.269999999993,2026-05-05 12:15:00-04:00,27969.95,SL,-1.0,-1000.0
2026-05-06,LONG,2026-05-06 10:45:00-04:00,2026-05-06 12:45:00-04:00,28396.79,28297.23,28695.470000000005,2026-05-06 23:45:00-04:00,28569.07,EOD,1.7304,1730.41
2026-05-07,LONG,2026-05-07 10:15:00-04:00,2026-05-07 11:45:00-04:00,28700.37,28659.98,28821.539999999997,2026-05-07 11:45:00-04:00,28659.98,SL,-1.0,-1000.0
2026-05-08,LONG,2026-05-08 10:00:00-04:00,2026-05-08 10:30:00-04:00,28953.4,28873.33,29193.61,2026-05-08 13:30:00-04:00,29193.61,TP,3.0,3000.0
2026-05-11,LONG,2026-05-11 12:00:00-04:00,2026-05-11 12:15:00-04:00,29341.1,29305.01,29449.37,2026-05-11 12:30:00-04:00,29305.01,SL,-1.0,-1000.0
2026-05-12,SHORT,2026-05-12 11:15:00-04:00,2026-05-12 14:15:00-04:00,28857.22,28902.72,28720.72,2026-05-12 15:00:00-04:00,28902.72,SL,-1.0,-1000.0
2026-05-14,LONG,2026-05-14 11:15:00-04:00,2026-05-14 11:30:00-04:00,29623.14,29565.29,29796.689999999995,2026-05-14 13:00:00-04:00,29565.29,SL,-1.0,-1000.0
2026-05-15,LONG,2026-05-15 12:30:00-04:00,2026-05-15 12:45:00-04:00,29209.33,29179.89,29297.65000000001,2026-05-15 12:45:00-04:00,29179.89,SL,-1.0,-1000.0
2026-05-18,SHORT,2026-05-18 10:45:00-04:00,2026-05-18 11:00:00-04:00,29010.26,29055.72,28873.87999999999,2026-05-18 11:15:00-04:00,28873.87999999999,TP,3.0,3000.0
2026-05-19,SHORT,2026-05-19 10:15:00-04:00,2026-05-19 10:30:00-04:00,28655.55,28838.45,28106.849999999995,2026-05-19 12:30:00-04:00,28838.45,SL,-1.0,-1000.0
2026-05-20,LONG,2026-05-20 10:30:00-04:00,2026-05-20 18:00:00-04:00,29080.98,28994.83,29339.429999999993,2026-05-20 23:45:00-04:00,29267.37,EOD,2.1636,2163.55
2026-05-21,LONG,2026-05-21 13:15:00-04:00,2026-05-21 14:45:00-04:00,29242.7,29163.83,29479.309999999998,2026-05-21 19:45:00-04:00,29479.309999999998,TP,3.0,3000.0
2026-05-22,LONG,2026-05-22 10:45:00-04:00,2026-05-22 15:00:00-04:00,29520.73,29477.2,29651.319999999996,2026-05-22 15:15:00-04:00,29477.2,SL,-1.0,-1000.0
2026-05-25,SHORT,2026-05-25 10:15:00-04:00,2026-05-25 11:00:00-04:00,29876.45,29912.06,29769.62,2026-05-25 19:15:00-04:00,29769.62,TP,3.0,3000.0
2026-05-26,LONG,2026-05-26 10:00:00-04:00,2026-05-26 11:30:00-04:00,29895.48,29852.77,30023.609999999997,2026-05-26 11:45:00-04:00,29852.77,SL,-1.0,-1000.0
2026-05-27,LONG,2026-05-27 12:15:00-04:00,2026-05-27 12:30:00-04:00,29902.21,29859.74,30029.61999999999,2026-05-27 13:00:00-04:00,29859.74,SL,-1.0,-1000.0
2026-05-29,SHORT,2026-05-29 10:30:00-04:00,2026-05-29 11:15:00-04:00,30359.6,30381.82,30292.939999999995,2026-05-29 11:15:00-04:00,30292.939999999995,TP,3.0,3000.0
2026-06-01,LONG,2026-06-01 11:30:00-04:00,2026-06-01 12:00:00-04:00,30410.13,30377.09,30509.250000000004,2026-06-01 12:45:00-04:00,30509.250000000004,TP,3.0,3000.0
2026-06-02,LONG,2026-06-02 10:00:00-04:00,2026-06-02 10:15:00-04:00,30510.35,30442.05,30715.249999999996,2026-06-02 23:45:00-04:00,30654.15,EOD,2.1054,2105.42
2026-06-03,LONG,2026-06-03 10:15:00-04:00,2026-06-03 10:45:00-04:00,30612.16,30510.66,30916.66,2026-06-03 12:15:00-04:00,30510.66,SL,-1.0,-1000.0
2026-06-04,LONG,2026-06-04 10:30:00-04:00,2026-06-04 10:45:00-04:00,30236.16,30220.91,30281.91,2026-06-04 10:45:00-04:00,30281.91,TP,3.0,3000.0
2026-06-05,SHORT,2026-06-05 10:00:00-04:00,2026-06-05 10:15:00-04:00,29809.35,29870.01,29627.37,2026-06-05 10:15:00-04:00,29870.01,SL,-1.0,-1000.0
2026-06-08,LONG,2026-06-08 10:30:00-04:00,2026-06-08 13:00:00-04:00,29455.35,29390.22,29650.73999999999,2026-06-08 15:00:00-04:00,29390.22,SL,-1.0,-1000.0
2026-06-11,LONG,2026-06-11 10:00:00-04:00,2026-06-11 10:15:00-04:00,28789.22,28698.14,29062.460000000006,2026-06-11 10:45:00-04:00,28698.14,SL,-1.0,-1000.0
2026-06-12,LONG,2026-06-12 10:15:00-04:00,2026-06-12 10:30:00-04:00,29459.22,29323.85,29865.33000000001,2026-06-12 10:45:00-04:00,29323.85,SL,-1.0,-1000.0
2026-06-15,LONG,2026-06-15 11:00:00-04:00,2026-06-15 18:15:00-04:00,30449.6,30393.22,30618.73999999999,2026-06-15 23:45:00-04:00,30507.11,EOD,1.02,1020.04
2026-06-17,SHORT,2026-06-17 13:00:00-04:00,2026-06-17 13:15:00-04:00,30079.6,30100.44,30017.079999999998,2026-06-17 13:45:00-04:00,30100.44,SL,-1.0,-1000.0
2026-06-18,LONG,2026-06-18 12:00:00-04:00,2026-06-18 21:00:00-04:00,30310.35,30218.22,30586.73999999999,2026-06-18 23:30:00-04:00,30218.22,SL,-1.0,-1000.0
2026-06-19,LONG,2026-06-19 11:00:00-04:00,2026-06-19 11:15:00-04:00,30369.72,30362.6,30391.08000000001,2026-06-19 11:30:00-04:00,30362.6,SL,-1.0,-1000.0
2026-06-23,LONG,2026-06-23 10:00:00-04:00,2026-06-23 10:30:00-04:00,29608.93,29443.68,30104.68,2026-06-23 11:15:00-04:00,29443.68,SL,-1.0,-1000.0
2026-06-24,LONG,2026-06-24 10:45:00-04:00,2026-06-24 11:00:00-04:00,29480.08,29403.85,29708.77000000001,2026-06-24 11:15:00-04:00,29403.85,SL,-1.0,-1000.0
2026-06-25,SHORT,2026-06-25 10:00:00-04:00,2026-06-25 10:30:00-04:00,29381.47,29459.92,29146.12000000001,2026-06-25 10:45:00-04:00,29459.92,SL,-1.0,-1000.0
2026-06-26,LONG,2026-06-26 10:00:00-04:00,2026-06-26 11:15:00-04:00,29122.99,29039.18,29374.420000000006,2026-06-26 11:30:00-04:00,29374.420000000006,TP,3.0,3000.0
2026-06-29,SHORT,2026-06-29 10:15:00-04:00,2026-06-29 10:30:00-04:00,29253.6,29321.83,29048.90999999999,2026-06-29 10:30:00-04:00,29321.83,SL,-1.0,-1000.0
2026-07-01,SHORT,2026-07-01 10:45:00-04:00,2026-07-01 11:00:00-04:00,29964.35,30007.35,29835.35,2026-07-01 11:15:00-04:00,30007.35,SL,-1.0,-1000.0
2026-07-06,SHORT,2026-07-06 12:30:00-04:00,2026-07-06 15:15:00-04:00,29790.03,29816.85,29709.57,2026-07-06 15:45:00-04:00,29709.57,TP,3.0,3000.0
2026-07-07,SHORT,2026-07-07 10:15:00-04:00,2026-07-07 11:45:00-04:00,29132.23,29224.58,28855.179999999993,2026-07-07 12:00:00-04:00,29224.58,SL,-1.0,-1000.0
2026-07-09,SHORT,2026-07-09 10:15:00-04:00,2026-07-09 10:45:00-04:00,29577.85,29684.28,29258.559999999998,2026-07-09 12:00:00-04:00,29684.28,SL,-1.0,-1000.0
2026-07-14,LONG,2026-07-14 11:15:00-04:00,2026-07-14 11:30:00-04:00,29616.26,29564.97,29770.12999999999,2026-07-14 11:45:00-04:00,29564.97,SL,-1.0,-1000.0
2026-07-15,SHORT,2026-07-15 10:30:00-04:00,2026-07-15 14:15:00-04:00,29529.98,29602.35,29312.870000000003,2026-07-15 23:45:00-04:00,29538.4,EOD,-0.1163,-116.35
2026-07-16,LONG,2026-07-16 10:15:00-04:00,2026-07-16 10:45:00-04:00,29193.23,29138.06,29358.739999999994,2026-07-16 11:00:00-04:00,29138.06,SL,-1.0,-1000.0
2026-07-17,LONG,2026-07-17 10:15:00-04:00,2026-07-17 10:30:00-04:00,28581.33,28479.12,28887.96000000001,2026-07-17 11:00:00-04:00,28479.12,SL,-1.0,-1000.0
2026-07-20,LONG,2026-07-20 12:15:00-04:00,2026-07-20 12:30:00-04:00,28882.01,28862.97,28939.12999999999,2026-07-20 12:30:00-04:00,28862.97,SL,-1.0,-1000.0
2026-07-21,LONG,2026-07-21 11:15:00-04:00,2026-07-21 11:30:00-04:00,29092.14,29057.97,29194.649999999994,2026-07-21 22:45:00-04:00,29057.97,SL,-1.0,-1000.0
2026-07-22,LONG,2026-07-22 10:00:00-04:00,2026-07-22 10:15:00-04:00,29042.91,29003.98,29159.7,2026-07-22 10:30:00-04:00,29003.98,SL,-1.0,-1000.0
2026-07-23,SHORT,2026-07-23 10:45:00-04:00,2026-07-23 12:15:00-04:00,28495.85,28555.07,28318.189999999995,2026-07-23 12:30:00-04:00,28555.07,SL,-1.0,-1000.0
2026-07-24,SHORT,2026-07-24 10:00:00-04:00,2026-07-24 10:45:00-04:00,28283.1,28316.8,28181.999999999996,2026-07-24 10:45:00-04:00,28181.999999999996,TP,3.0,3000.0
2026-07-28,LONG,2026-07-28 10:45:00-04:00,2026-07-28 19:00:00-04:00,27587.85,27549.47,27702.98999999999,2026-07-28 19:00:00-04:00,27702.98999999999,TP,3.0,3000.0
2026-07-29,SHORT,2026-07-29 10:00:00-04:00,2026-07-29 14:00:00-04:00,27672.76,27763.68,27399.999999999993,2026-07-29 14:30:00-04:00,27763.68,SL,-1.0,-1000.0
2026-07-30,LONG,2026-07-30 10:00:00-04:00,2026-07-30 10:45:00-04:00,27923.37,27832.28,28196.64,2026-07-30 16:00:00-04:00,28196.64,TP,3.0,3000.0
2026-07-31,SHORT,2026-07-31 10:00:00-04:00,2026-07-31 13:00:00-04:00,28258.46,28287.67,28170.83,2026-07-31 13:15:00-04:00,28287.67,SL,-1.0,-1000.0
2026-08-06,LONG,2026-08-06 10:00:00-04:00,2026-08-06 12:00:00-04:00,29362.72,29330.55,29459.230000000007,2026-08-06 12:15:00-04:00,29330.55,SL,-1.0,-1000.0
2026-08-07,LONG,2026-08-07 11:15:00-04:00,2026-08-07 12:15:00-04:00,29625.89,29599.38,29705.419999999995,2026-08-07 12:15:00-04:00,29599.38,SL,-1.0,-1000.0
2026-08-10,SHORT,2026-08-10 11:00:00-04:00,2026-08-10 11:45:00-04:00,29703.89,29748.66,29569.579999999998,2026-08-10 19:45:00-04:00,29569.579999999998,TP,3.0,3000.0
2026-08-11,LONG,2026-08-11 10:15:00-04:00,2026-08-11 10:30:00-04:00,29624.14,29617.32,29644.6,2026-08-11 10:30:00-04:00,29617.32,SL,-1.0,-1000.0
2026-08-12,LONG,2026-08-12 12:15:00-04:00,2026-08-12 12:30:00-04:00,29746.92,29721.52,29823.11999999999,2026-08-12 15:30:00-04:00,29721.52,SL,-1.0,-1000.0
2026-08-13,LONG,2026-08-13 10:00:00-04:00,2026-08-13 11:30:00-04:00,30050.26,29905.62,30484.179999999997,2026-08-13 23:45:00-04:00,30046.7,EOD,-0.0246,-24.61
2026-08-17,LONG,2026-08-17 11:00:00-04:00,2026-08-17 11:30:00-04:00,30133.33,30104.04,30221.200000000004,2026-08-17 12:00:00-04:00,30104.04,SL,-1.0,-1000.0
2026-08-18,SHORT,2026-08-18 11:00:00-04:00,2026-08-18 11:15:00-04:00,29478.64,29521.22,29350.899999999994,2026-08-18 11:45:00-04:00,29521.22,SL,-1.0,-1000.0
2026-08-19,SHORT,2026-08-19 10:00:00-04:00,2026-08-19 10:30:00-04:00,29419.4,29515.34,29131.580000000005,2026-08-19 10:45:00-04:00,29515.34,SL,-1.0,-1000.0
2026-08-20,LONG,2026-08-20 12:45:00-04:00,2026-08-20 13:00:00-04:00,29262.29,29246.62,29309.300000000007,2026-08-20 13:00:00-04:00,29246.62,SL,-1.0,-1000.0
2026-08-24,LONG,2026-08-24 10:45:00-04:00,2026-08-24 11:00:00-04:00,28993.64,28928.44,29189.24,2026-08-24 23:45:00-04:00,29082.83,EOD,1.3679,1367.94
2026-08-25,SHORT,2026-08-25 10:15:00-04:00,2026-08-25 11:15:00-04:00,29187.86,29230.62,29059.580000000005,2026-08-25 16:15:00-04:00,29230.62,SL,-1.0,-1000.0
2026-08-26,LONG,2026-08-26 11:00:00-04:00,2026-08-26 11:15:00-04:00,29174.39,29149.6,29248.760000000002,2026-08-26 11:30:00-04:00,29149.6,SL,-1.0,-1000.0
