day,direction,or_high,or_low,breakout_time,entry_time,entry_price,stop,target,exit_time,exit_price,exit_reason,r_multiple
2024-08-05,LONG,17154.41,17099.71,2024-08-05 09:45:00-04:00,2024-08-05 09:46:00-04:00,17168.38,17099.71,17374.390000000007,2024-08-05 12:13:00-04:00,17374.390000000007,TP,3.0
2024-08-06,LONG,17315.57,17253.16,2024-08-06 09:52:00-04:00,2024-08-06 09:53:00-04:00,17342.91,17253.16,17612.16,2024-08-07 09:38:00-04:00,17612.16,TP,3.0
2024-08-07,LONG,17622.86,17591.73,2024-08-07 09:50:00-04:00,2024-08-07 09:51:00-04:00,17624.91,17591.73,17724.45,2024-08-07 11:44:00-04:00,17591.73,SL,-1.0
2024-08-08,LONG,17628.63,17594.46,2024-08-08 10:02:00-04:00,2024-08-08 10:03:00-04:00,17636.6,17594.46,17763.019999999997,2024-08-09 04:38:00-04:00,17763.019999999997,TP,3.0
2024-08-09,LONG,17678.56,17642.61,2024-08-09 10:12:00-04:00,2024-08-09 10:13:00-04:00,17678.47,17642.61,17786.050000000003,2024-08-11 20:17:00-04:00,17786.050000000003,TP,3.0
2024-08-13,LONG,17767.98,17742.02,2024-08-13 09:45:00-04:00,2024-08-13 09:46:00-04:00,17769.57,17742.02,17852.219999999998,2024-08-13 09:55:00-04:00,17742.02,SL,-1.0
2024-08-14,LONG,17908.91,17865.26,2024-08-14 16:05:00-04:00,2024-08-14 16:06:00-04:00,17910.4,17865.26,18045.82000000001,2024-08-15 08:36:00-04:00,18045.82000000001,TP,3.0
2024-08-15,LONG,18187.0,18156.17,2024-08-15 09:49:00-04:00,2024-08-15 09:50:00-04:00,18191.98,18156.17,18299.410000000003,2024-08-15 10:04:00-04:00,18156.17,SL,-1.0
2024-08-16,LONG,18291.54,18260.73,2024-08-16 09:49:00-04:00,2024-08-16 09:50:00-04:00,18296.54,18260.73,18403.970000000005,2024-08-19 09:36:00-04:00,18403.970000000005,TP,3.0
2024-08-19,LONG,18416.93,18379.56,2024-08-19 10:06:00-04:00,2024-08-19 10:07:00-04:00,18422.37,18379.56,18550.799999999992,2024-08-20 09:05:00-04:00,18379.56,SL,-1.0
2024-08-20,LONG,18403.23,18378.44,2024-08-20 09:53:00-04:00,2024-08-20 09:54:00-04:00,18402.67,18378.44,18475.359999999997,2024-08-20 10:18:00-04:00,18378.44,SL,-1.0
2024-08-21,LONG,18459.29,18424.28,2024-08-21 13:52:00-04:00,2024-08-21 13:53:00-04:00,18459.48,18424.28,18565.08,2024-08-23 04:24:00-04:00,18565.08,TP,3.0
2024-08-23,LONG,18599.47,18578.0,2024-08-23 10:00:00-04:00,2024-08-23 10:01:00-04:00,18604.98,18578.0,18685.92,2024-08-23 12:17:00-04:00,18578.0,SL,-1.0
2024-08-26,LONG,18620.29,18594.5,2024-08-26 09:48:00-04:00,2024-08-26 09:49:00-04:00,18622.19,18594.5,18705.259999999995,2024-08-27 08:16:00-04:00,18705.259999999995,TP,3.0
2024-08-28,LONG,18841.41,18815.3,2024-08-28 09:53:00-04:00,2024-08-28 09:54:00-04:00,18844.65,18815.3,18932.700000000008,2024-08-28 10:32:00-04:00,18815.3,SL,-1.0
2024-08-29,LONG,18918.68,18870.29,2024-08-29 11:35:00-04:00,2024-08-29 11:36:00-04:00,18920.01,18870.29,19069.16999999999,2024-08-29 14:38:00-04:00,18870.29,SL,-1.0
2024-09-02,LONG,18898.87,18875.37,2024-09-02 09:55:00-04:00,2024-09-02 09:56:00-04:00,18902.49,18875.37,18983.85000000001,2024-09-03 03:03:00-04:00,18983.85000000001,TP,3.0
2024-09-04,LONG,18620.34,18571.23,2024-09-04 10:16:00-04:00,2024-09-04 10:17:00-04:00,18621.32,18571.23,18771.59,2024-09-04 11:42:00-04:00,18571.23,SL,-1.0
2024-09-05,LONG,18646.4,18592.3,2024-09-05 10:00:00-04:00,2024-09-05 10:01:00-04:00,18650.76,18592.3,18826.139999999996,2024-09-05 11:27:00-04:00,18592.3,SL,-1.0
2024-09-09,LONG,18415.19,18385.3,2024-09-09 09:50:00-04:00,2024-09-09 09:51:00-04:00,18417.34,18385.3,18513.460000000003,2024-09-09 18:03:00-04:00,18513.460000000003,TP,3.0
2024-09-11,LONG,18406.52,18349.29,2024-09-11 12:39:00-04:00,2024-09-11 12:40:00-04:00,18407.6,18349.29,18582.52999999999,2024-09-12 03:29:00-04:00,18582.52999999999,TP,3.0
2024-09-12,LONG,18463.32,18411.23,2024-09-12 10:10:00-04:00,2024-09-12 10:11:00-04:00,18464.07,18411.23,18622.59,2024-09-13 03:26:00-04:00,18622.59,TP,3.0
2024-09-13,LONG,18658.6,18626.76,2024-09-13 09:46:00-04:00,2024-09-13 09:47:00-04:00,18660.21,18626.76,18760.56,2024-09-16 02:58:00-04:00,18626.76,SL,-1.0
2024-09-16,LONG,18647.05,18601.22,2024-09-16 09:54:00-04:00,2024-09-16 09:55:00-04:00,18650.89,18601.22,18799.899999999994,2024-09-17 06:43:00-04:00,18799.899999999994,TP,3.0
2024-09-18,LONG,18758.42,18730.7,2024-09-18 13:33:00-04:00,2024-09-18 13:34:00-04:00,18759.47,18730.7,18845.780000000002,2024-09-18 14:00:00-04:00,18845.780000000002,TP,3.0
2024-09-23,LONG,18841.59,18817.33,2024-09-23 09:49:00-04:00,2024-09-23 09:50:00-04:00,18845.34,18817.33,18929.369999999995,2024-09-23 10:34:00-04:00,18817.33,SL,-1.0
2024-09-24,LONG,18968.22,18925.5,2024-09-24 09:46:00-04:00,2024-09-24 09:47:00-04:00,18970.39,18925.5,19105.059999999998,2024-09-24 10:01:00-04:00,18925.5,SL,-1.0
2024-09-25,LONG,18921.37,18891.84,2024-09-25 10:05:00-04:00,2024-09-25 10:06:00-04:00,18921.68,18891.84,19011.2,2024-09-25 13:35:00-04:00,18891.84,SL,-1.0
2024-09-26,LONG,19251.39,19214.27,2024-09-26 09:45:00-04:00,2024-09-26 09:46:00-04:00,19251.69,19214.27,19363.949999999993,2024-09-26 09:49:00-04:00,19214.27,SL,-1.0
2024-09-27,LONG,19446.72,19420.7,2024-09-27 10:09:00-04:00,2024-09-27 10:10:00-04:00,19448.61,19420.7,19532.34,2024-09-27 13:06:00-04:00,19420.7,SL,-1.0
2024-09-30,LONG,19361.67,19320.41,2024-09-30 10:34:00-04:00,2024-09-30 10:35:00-04:00,19366.51,19320.41,19504.809999999994,2024-09-30 11:39:00-04:00,19320.41,SL,-1.0
2024-10-02,LONG,19113.39,19057.24,2024-10-02 09:48:00-04:00,2024-10-02 09:49:00-04:00,19113.51,19057.24,19282.31999999999,2024-10-03 00:43:00-04:00,19057.24,SL,-1.0
2024-10-03,LONG,19042.39,19000.24,2024-10-03 10:10:00-04:00,2024-10-03 10:11:00-04:00,19052.36,19000.24,19208.719999999998,2024-10-03 10:14:00-04:00,19000.24,SL,-1.0
2024-10-04,LONG,19123.27,19079.63,2024-10-04 09:46:00-04:00,2024-10-04 09:47:00-04:00,19124.32,19079.63,19258.389999999996,2024-10-07 03:19:00-04:00,19079.63,SL,-1.0
2024-10-08,LONG,19088.94,19057.54,2024-10-08 10:00:00-04:00,2024-10-08 10:01:00-04:00,19095.95,19057.54,19211.18,2024-10-08 10:12:00-04:00,19057.54,SL,-1.0
2024-10-09,LONG,19142.94,19098.35,2024-10-09 09:45:00-04:00,2024-10-09 09:46:00-04:00,19146.29,19098.35,19290.110000000008,2024-10-09 20:37:00-04:00,19290.110000000008,TP,3.0
2024-10-10,LONG,19246.09,19165.93,2024-10-10 19:20:00-04:00,2024-10-10 19:21:00-04:00,19248.09,19165.93,19494.57,2024-10-14 09:49:00-04:00,19494.57,TP,3.0
2024-10-14,LONG,19468.69,19426.74,2024-10-14 09:50:00-04:00,2024-10-14 09:51:00-04:00,19496.72,19426.74,19706.66,2024-10-16 03:18:00-04:00,19426.74,SL,-1.0
2024-10-16,LONG,19467.98,19431.03,2024-10-16 09:48:00-04:00,2024-10-16 09:49:00-04:00,19472.34,19431.03,19596.270000000004,2024-10-16 11:35:00-04:00,19431.03,SL,-1.0
2024-10-18,LONG,19642.52,19601.0,2024-10-18 10:30:00-04:00,2024-10-18 10:31:00-04:00,19644.72,19601.0,19775.880000000005,2024-10-21 01:32:00-04:00,19601.0,SL,-1.0
2024-10-21,LONG,19549.35,19517.64,2024-10-21 10:01:00-04:00,2024-10-21 10:02:00-04:00,19552.71,19517.64,19657.92,2024-10-21 10:29:00-04:00,19517.64,SL,-1.0
2024-10-22,LONG,19462.52,19429.09,2024-10-22 10:14:00-04:00,2024-10-22 10:15:00-04:00,19468.82,19429.09,19588.01,2024-10-22 11:32:00-04:00,19429.09,SL,-1.0
2024-10-23,LONG,19425.63,19379.45,2024-10-23 09:46:00-04:00,2024-10-23 09:47:00-04:00,19432.0,19379.45,19589.649999999998,2024-10-23 11:32:00-04:00,19379.45,SL,-1.0
2024-10-25,LONG,19490.94,19439.82,2024-10-25 10:07:00-04:00,2024-10-25 10:08:00-04:00,19496.72,19439.82,19667.420000000006,2024-10-25 13:21:00-04:00,19439.82,SL,-1.0
2024-10-28,LONG,19462.42,19405.28,2024-10-28 09:49:00-04:00,2024-10-28 09:50:00-04:00,19462.21,19405.28,19633.0,2024-10-29 05:01:00-04:00,19633.0,TP,3.0
2024-10-30,LONG,19253.49,19221.27,2024-10-30 10:37:00-04:00,2024-10-30 10:38:00-04:00,19256.95,19221.27,19363.99,2024-10-30 20:00:00-04:00,19221.27,SL,-1.0
2024-10-31,LONG,19177.22,19151.29,2024-10-31 09:45:00-04:00,2024-10-31 09:46:00-04:00,19179.58,19151.29,19264.450000000004,2024-10-31 10:36:00-04:00,19151.29,SL,-1.0
2024-11-01,LONG,19201.22,19171.08,2024-11-01 09:54:00-04:00,2024-11-01 09:55:00-04:00,19202.28,19171.08,19295.87999999999,2024-11-01 12:31:00-04:00,19295.87999999999,TP,3.0
2024-11-04,LONG,19191.77,19156.31,2024-11-04 10:10:00-05:00,2024-11-04 10:11:00-05:00,19195.44,19156.31,19312.82999999999,2024-11-04 11:30:00-05:00,19156.31,SL,-1.0
2024-11-05,LONG,19197.35,19145.31,2024-11-05 10:23:00-05:00,2024-11-05 10:24:00-05:00,19198.84,19145.31,19359.429999999997,2024-11-05 21:09:00-05:00,19359.429999999997,TP,3.0
2024-11-07,LONG,19407.48,19349.07,2024-11-07 09:51:00-05:00,2024-11-07 09:52:00-05:00,19411.33,19349.07,19598.110000000008,2024-11-08 03:06:00-05:00,19349.07,SL,-1.0
2024-11-08,LONG,19235.48,19178.56,2024-11-08 14:38:00-05:00,2024-11-08 14:39:00-05:00,19236.05,19178.56,19408.519999999993,2024-11-11 03:05:00-05:00,19408.519999999993,TP,3.0
2024-11-13,LONG,18954.54,18919.3,2024-11-13 11:06:00-05:00,2024-11-13 11:07:00-05:00,18955.69,18919.3,19064.859999999997,2024-11-14 03:00:00-05:00,19064.859999999997,TP,3.0
2024-11-15,LONG,19254.39,19217.07,2024-11-15 09:49:00-05:00,2024-11-15 09:50:00-05:00,19258.62,19217.07,19383.269999999997,2024-11-15 10:09:00-05:00,19217.07,SL,-1.0
2024-11-18,LONG,19156.78,19104.57,2024-11-18 10:30:00-05:00,2024-11-18 10:31:00-05:00,19160.41,19104.57,19327.93,2024-11-19 03:36:00-05:00,19104.57,SL,-1.0
2024-11-19,LONG,18931.89,18874.01,2024-11-19 10:06:00-05:00,2024-11-19 10:07:00-05:00,18945.49,18874.01,19159.93000000001,2024-11-20 01:42:00-05:00,19159.93000000001,TP,3.0
2024-11-20,LONG,19087.22,19005.41,2024-11-20 15:50:00-05:00,2024-11-20 15:51:00-05:00,19090.31,19005.41,19345.010000000006,2024-11-21 02:35:00-05:00,19005.41,SL,-1.0
2024-11-21,LONG,19073.68,19000.44,2024-11-21 09:48:00-05:00,2024-11-21 09:49:00-05:00,19087.35,19000.44,19348.079999999998,2024-11-22 12:13:00-05:00,19348.079999999998,TP,3.0
2024-11-22,LONG,19316.94,19236.12,2024-11-22 12:14:00-05:00,2024-11-22 12:15:00-05:00,19346.83,19236.12,19678.96000000001,2024-11-25 19:59:00-05:00,19236.12,SL,-1.0
2024-11-27,LONG,19264.86,19226.38,2024-11-27 10:14:00-05:00,2024-11-27 10:15:00-05:00,19265.3,19226.38,19382.059999999994,2024-11-27 10:37:00-05:00,19226.38,SL,-1.0
2024-11-28,LONG,19421.54,19404.37,2024-11-28 09:53:00-05:00,2024-11-28 09:54:00-05:00,19423.66,19404.37,19481.530000000002,2024-11-28 10:10:00-05:00,19404.37,SL,-1.0
2024-11-29,LONG,19513.92,19464.22,2024-11-29 10:03:00-05:00,2024-11-29 10:04:00-05:00,19516.09,19464.22,19671.699999999997,2024-11-29 12:44:00-05:00,19671.699999999997,TP,3.0
2024-12-02,LONG,19895.63,19864.42,2024-12-02 11:10:00-05:00,2024-12-02 11:11:00-05:00,19900.1,19864.42,20007.14,2024-12-03 03:30:00-05:00,20007.14,TP,3.0
2024-12-03,LONG,19955.01,19928.21,2024-12-03 09:45:00-05:00,2024-12-03 09:46:00-05:00,19957.12,19928.21,20043.85,2024-12-03 22:36:00-05:00,20043.85,TP,3.0
2024-12-04,LONG,20215.47,20187.19,2024-12-04 10:32:00-05:00,2024-12-04 10:33:00-05:00,20219.37,20187.19,20315.91,2024-12-04 13:30:00-05:00,20187.19,SL,-1.0
2024-12-05,LONG,20324.18,20282.91,2024-12-05 09:48:00-05:00,2024-12-05 09:49:00-05:00,20331.91,20282.91,20478.91,2024-12-09 20:34:00-05:00,20282.91,SL,-1.0
2024-12-10,LONG,20380.07,20344.09,2024-12-10 10:08:00-05:00,2024-12-10 10:09:00-05:00,20382.95,20344.09,20499.530000000002,2024-12-10 11:10:00-05:00,20344.09,SL,-1.0
2024-12-11,LONG,20378.48,20341.48,2024-12-11 09:45:00-05:00,2024-12-11 09:46:00-05:00,20379.7,20341.48,20494.360000000004,2024-12-13 03:25:00-05:00,20494.360000000004,TP,3.0
2024-12-16,LONG,20337.23,20317.27,2024-12-16 10:00:00-05:00,2024-12-16 10:01:00-05:00,20341.4,20317.27,20413.790000000005,2024-12-16 11:02:00-05:00,20317.27,SL,-1.0
2024-12-18,LONG,20281.62,20246.51,2024-12-18 09:45:00-05:00,2024-12-18 09:46:00-05:00,20281.14,20246.51,20385.030000000002,2024-12-18 11:15:00-05:00,20246.51,SL,-1.0
2024-12-20,LONG,19771.27,19713.63,2024-12-20 09:45:00-05:00,2024-12-20 09:46:00-05:00,19771.1,19713.63,19943.50999999999,2024-12-20 14:30:00-05:00,19943.50999999999,TP,3.0
2024-12-23,LONG,19895.82,19866.76,2024-12-23 15:53:00-05:00,2024-12-23 15:54:00-05:00,19897.64,19866.76,19990.280000000002,2024-12-27 02:00:00-05:00,19866.76,SL,-1.0
2024-12-27,LONG,19952.65,19919.04,2024-12-27 09:46:00-05:00,2024-12-27 09:47:00-05:00,19962.07,19919.04,20091.159999999996,2024-12-27 10:05:00-05:00,19919.04,SL,-1.0
2024-12-30,LONG,19844.0,19806.0,2024-12-30 11:15:00-05:00,2024-12-30 11:16:00-05:00,19848.5,19806.0,19976.0,2025-01-01 19:16:00-05:00,19806.0,SL,-1.0
2025-01-02,LONG,19958.14,19912.61,2025-01-02 09:46:00-05:00,2025-01-02 09:47:00-05:00,19959.12,19912.61,20098.649999999994,2025-01-02 12:38:00-05:00,19912.61,SL,-1.0
2025-01-06,LONG,20074.26,20035.01,2025-01-06 09:45:00-05:00,2025-01-06 09:46:00-05:00,20079.51,20035.01,20213.01,2025-01-06 11:30:00-05:00,20213.01,TP,3.0
2025-01-08,LONG,20302.59,20244.63,2025-01-08 10:51:00-05:00,2025-01-08 10:52:00-05:00,20304.55,20244.63,20484.309999999994,2025-01-10 10:06:00-05:00,20244.63,SL,-1.0
2025-01-13,LONG,20124.15,20071.98,2025-01-13 09:47:00-05:00,2025-01-13 09:48:00-05:00,20126.25,20071.98,20289.06,2025-01-14 05:19:00-05:00,20289.06,TP,3.0
2025-01-15,LONG,20593.89,20538.86,2025-01-15 10:21:00-05:00,2025-01-15 10:22:00-05:00,20597.26,20538.86,20772.459999999992,2025-01-17 03:49:00-05:00,20772.459999999992,TP,3.0
2025-01-17,LONG,20902.91,20877.18,2025-01-17 09:47:00-05:00,2025-01-17 09:48:00-05:00,20905.49,20877.18,20990.420000000006,2025-01-17 14:18:00-05:00,20877.18,SL,-1.0
2025-01-21,LONG,21016.53,20988.36,2025-01-21 11:05:00-05:00,2025-01-21 11:06:00-05:00,21020.52,20988.36,21117.0,2025-01-21 15:38:00-05:00,21117.0,TP,3.0
2025-01-23,LONG,21338.25,21318.39,2025-01-23 10:12:00-05:00,2025-01-23 10:13:00-05:00,21340.91,21318.39,21408.47,2025-01-23 11:26:00-05:00,21408.47,TP,3.0
2025-01-27,LONG,21263.37,21213.24,2025-01-27 09:52:00-05:00,2025-01-27 09:53:00-05:00,21265.83,21213.24,21423.600000000002,2025-01-27 18:00:00-05:00,21423.600000000002,TP,3.0
2025-01-28,LONG,21447.7,21387.77,2025-01-28 10:48:00-05:00,2025-01-28 10:49:00-05:00,21447.31,21387.77,21625.930000000004,2025-01-29 09:22:00-05:00,21625.930000000004,TP,3.0
2025-01-29,LONG,21638.81,21612.21,2025-01-29 10:01:00-05:00,2025-01-29 10:02:00-05:00,21642.38,21612.21,21732.890000000007,2025-01-29 11:10:00-05:00,21612.21,SL,-1.0
2025-01-30,LONG,21697.12,21665.52,2025-01-30 10:19:00-05:00,2025-01-30 10:20:00-05:00,21698.72,21665.52,21798.320000000003,2025-01-31 02:53:00-05:00,21798.320000000003,TP,3.0
2025-01-31,LONG,21773.22,21741.56,2025-01-31 12:32:00-05:00,2025-01-31 12:33:00-05:00,21774.66,21741.56,21873.959999999995,2025-01-31 13:20:00-05:00,21741.56,SL,-1.0
2025-02-03,LONG,21380.58,21342.88,2025-02-03 10:23:00-05:00,2025-02-03 10:24:00-05:00,21385.69,21342.88,21514.11999999999,2025-02-03 16:37:00-05:00,21514.11999999999,TP,3.0
2025-02-04,LONG,21488.23,21452.07,2025-02-04 09:54:00-05:00,2025-02-04 09:55:00-05:00,21488.07,21452.07,21596.07,2025-02-04 10:27:00-05:00,21452.07,SL,-1.0
2025-02-05,LONG,21543.88,21528.5,2025-02-05 11:26:00-05:00,2025-02-05 11:27:00-05:00,21543.98,21528.5,21590.42,2025-02-05 11:38:00-05:00,21590.42,TP,3.0
2025-02-06,LONG,21837.37,21784.85,2025-02-06 09:55:00-05:00,2025-02-06 09:56:00-05:00,21845.94,21784.85,22029.21,2025-02-07 10:53:00-05:00,21784.85,SL,-1.0
2025-02-10,LONG,21901.16,21866.67,2025-02-10 09:52:00-05:00,2025-02-10 09:53:00-05:00,21903.91,21866.67,22015.630000000005,2025-02-11 10:32:00-05:00,22015.630000000005,TP,3.0
2025-02-11,LONG,21970.7,21945.32,2025-02-11 10:33:00-05:00,2025-02-11 10:34:00-05:00,22016.35,21945.32,22229.439999999995,2025-02-12 12:01:00-05:00,22229.439999999995,TP,3.0
2025-02-12,LONG,22080.95,22052.41,2025-02-12 12:02:00-05:00,2025-02-12 12:03:00-05:00,22226.24,22052.41,22747.730000000007,2025-02-17 09:46:00-05:00,22747.730000000007,TP,3.0
2025-02-17,LONG,22740.05,22705.65,2025-02-17 09:47:00-05:00,2025-02-17 09:48:00-05:00,22742.92,22705.65,22854.72999999999,2025-02-17 15:23:00-05:00,22854.72999999999,TP,3.0
2025-02-18,LONG,22839.22,22805.03,2025-02-18 09:49:00-05:00,2025-02-18 09:50:00-05:00,22843.59,22805.03,22959.270000000004,2025-02-19 05:24:00-05:00,22805.03,SL,-1.0
2025-02-24,LONG,22431.69,22361.11,2025-02-24 12:22:00-05:00,2025-02-24 12:23:00-05:00,22431.92,22361.11,22644.34999999999,2025-02-24 14:19:00-05:00,22361.11,SL,-1.0
2025-02-25,LONG,22538.95,22495.3,2025-02-25 13:40:00-05:00,2025-02-25 13:41:00-05:00,22547.23,22495.3,22703.02,2025-02-25 14:16:00-05:00,22495.3,SL,-1.0
2025-02-26,LONG,22707.23,22659.85,2025-02-26 09:48:00-05:00,2025-02-26 09:49:00-05:00,22711.66,22659.85,22867.090000000004,2025-02-26 13:05:00-05:00,22659.85,SL,-1.0
2025-02-28,LONG,22449.62,22368.09,2025-02-28 09:51:00-05:00,2025-02-28 09:52:00-05:00,22453.39,22368.09,22709.289999999997,2025-02-28 13:22:00-05:00,22368.09,SL,-1.0
2025-03-04,LONG,22506.93,22421.19,2025-03-04 13:08:00-05:00,2025-03-04 13:09:00-05:00,22568.92,22421.19,23012.109999999997,2025-03-05 03:39:00-05:00,23012.109999999997,TP,3.0
2025-03-05,LONG,23080.35,22988.94,2025-03-05 10:04:00-05:00,2025-03-05 10:05:00-05:00,23084.96,22988.94,23373.02,2025-03-06 02:10:00-05:00,23373.02,TP,3.0
2025-03-06,LONG,23226.62,23103.83,2025-03-06 09:49:00-05:00,2025-03-06 09:50:00-05:00,23248.56,23103.83,23682.75,2025-03-07 03:26:00-05:00,23103.83,SL,-1.0
2025-03-07,LONG,23005.96,22876.77,2025-03-07 09:47:00-05:00,2025-03-07 09:48:00-05:00,23023.36,22876.77,23463.13,2025-03-10 05:52:00-04:00,22876.77,SL,-1.0
2025-03-10,LONG,22708.45,22635.2,2025-03-10 09:47:00-04:00,2025-03-10 09:48:00-04:00,22714.93,22635.2,22954.12,2025-03-10 11:08:00-04:00,22635.2,SL,-1.0
2025-03-11,LONG,22685.25,22645.01,2025-03-11 10:01:00-04:00,2025-03-11 10:02:00-04:00,22686.71,22645.01,22811.81,2025-03-11 10:14:00-04:00,22645.01,SL,-1.0
2025-03-13,LONG,22539.79,22480.36,2025-03-13 10:01:00-04:00,2025-03-13 10:02:00-04:00,22550.97,22480.36,22762.800000000003,2025-03-13 10:50:00-04:00,22480.36,SL,-1.0
2025-03-14,LONG,23021.95,22952.17,2025-03-14 13:53:00-04:00,2025-03-14 13:54:00-04:00,23023.0,22952.17,23235.490000000005,2025-03-17 03:28:00-04:00,22952.17,SL,-1.0
2025-03-17,LONG,23074.99,23019.43,2025-03-17 10:34:00-04:00,2025-03-17 10:35:00-04:00,23082.94,23019.43,23273.469999999994,2025-03-18 04:26:00-04:00,23273.469999999994,TP,3.0
2025-03-19,LONG,23238.88,23194.42,2025-03-19 09:46:00-04:00,2025-03-19 09:47:00-04:00,23242.05,23194.42,23384.940000000002,2025-03-19 10:04:00-04:00,23194.42,SL,-1.0
2025-03-20,LONG,22944.2,22906.5,2025-03-20 09:53:00-04:00,2025-03-20 09:54:00-04:00,22956.9,22906.5,23108.100000000006,2025-03-20 10:08:00-04:00,22906.5,SL,-1.0
2025-03-21,LONG,22838.33,22775.03,2025-03-21 12:00:00-04:00,2025-03-21 12:01:00-04:00,22841.4,22775.03,23040.51000000001,2025-03-21 12:53:00-04:00,22775.03,SL,-1.0
2025-03-24,LONG,22902.43,22834.69,2025-03-24 10:31:00-04:00,2025-03-24 10:32:00-04:00,22902.42,22834.69,23105.609999999997,2025-03-24 13:43:00-04:00,22834.69,SL,-1.0
2025-03-25,LONG,23149.66,23112.66,2025-03-25 09:45:00-04:00,2025-03-25 09:46:00-04:00,23153.79,23112.66,23277.180000000004,2025-03-25 09:51:00-04:00,23112.66,SL,-1.0
2025-03-26,LONG,22995.78,22967.5,2025-03-26 09:45:00-04:00,2025-03-26 09:46:00-04:00,22999.38,22967.5,23095.020000000004,2025-03-26 10:02:00-04:00,22967.5,SL,-1.0
2025-03-27,LONG,22651.32,22607.3,2025-03-27 11:13:00-04:00,2025-03-27 11:14:00-04:00,22652.69,22607.3,22788.859999999997,2025-03-28 02:24:00-04:00,22607.3,SL,-1.0
2025-03-28,LONG,22556.4,22479.4,2025-03-28 10:11:00-04:00,2025-03-28 10:12:00-04:00,22563.4,22479.4,22815.4,2025-03-28 10:57:00-04:00,22479.4,SL,-1.0
2025-03-31,LONG,22126.14,22026.9,2025-03-31 10:01:00-04:00,2025-03-31 10:02:00-04:00,22132.06,22026.9,22447.54,2025-04-01 04:41:00-04:00,22447.54,TP,3.0
2025-04-01,LONG,22462.35,22355.91,2025-04-01 10:50:00-04:00,2025-04-01 10:51:00-04:00,22467.05,22355.91,22800.469999999998,2025-04-02 03:16:00-04:00,22355.91,SL,-1.0
2025-04-02,LONG,22268.86,22168.79,2025-04-02 09:52:00-04:00,2025-04-02 09:53:00-04:00,22280.01,22168.79,22613.66999999999,2025-04-02 16:16:00-04:00,22613.66999999999,TP,3.0
2025-04-07,LONG,19739.55,19545.85,2025-04-07 09:48:00-04:00,2025-04-07 09:49:00-04:00,19767.25,19545.85,20431.450000000004,2025-04-07 10:12:00-04:00,20431.450000000004,TP,3.0
2025-04-08,LONG,20385.36,20271.46,2025-04-08 09:58:00-04:00,2025-04-08 09:59:00-04:00,20385.27,20271.46,20726.700000000004,2025-04-08 11:12:00-04:00,20271.46,SL,-1.0
2025-04-09,LONG,19796.45,19622.54,2025-04-09 09:55:00-04:00,2025-04-09 09:56:00-04:00,19805.89,19622.54,20355.939999999995,2025-04-09 10:52:00-04:00,19622.54,SL,-1.0
2025-04-10,LONG,20739.34,20568.52,2025-04-10 10:32:00-04:00,2025-04-10 10:33:00-04:00,20740.65,20568.52,21257.040000000005,2025-04-10 11:30:00-04:00,20568.52,SL,-1.0
2025-04-11,LONG,20361.62,20176.76,2025-04-11 09:46:00-04:00,2025-04-11 09:47:00-04:00,20371.9,20176.76,20957.32000000001,2025-04-14 10:03:00-04:00,20957.32000000001,TP,3.0
2025-04-14,LONG,20939.46,20862.17,2025-04-14 10:04:00-04:00,2025-04-14 10:05:00-04:00,20972.74,20862.17,21304.45000000001,2025-04-14 11:41:00-04:00,20862.17,SL,-1.0
2025-04-15,LONG,21236.51,21167.42,2025-04-15 09:46:00-04:00,2025-04-15 09:47:00-04:00,21248.69,21167.42,21492.5,2025-04-15 10:19:00-04:00,21167.42,SL,-1.0
2025-04-16,LONG,21198.82,21127.1,2025-04-16 10:59:00-04:00,2025-04-16 11:00:00-04:00,21203.16,21127.1,21431.340000000004,2025-04-16 13:47:00-04:00,21127.1,SL,-1.0
2025-04-17,LONG,21236.51,21151.09,2025-04-17 10:11:00-04:00,2025-04-17 10:12:00-04:00,21238.73,21151.09,21501.649999999998,2025-04-17 10:59:00-04:00,21151.09,SL,-1.0
2025-04-22,LONG,21177.01,21108.01,2025-04-22 10:10:00-04:00,2025-04-22 10:11:00-04:00,21181.99,21108.01,21403.93000000001,2025-04-22 12:00:00-04:00,21403.93000000001,TP,3.0
2025-04-24,LONG,21944.79,21889.75,2025-04-24 09:46:00-04:00,2025-04-24 09:47:00-04:00,21948.02,21889.75,22122.83,2025-04-24 15:50:00-04:00,22122.83,TP,3.0
2025-04-25,LONG,22273.58,22214.97,2025-04-25 11:55:00-04:00,2025-04-25 11:56:00-04:00,22276.46,22214.97,22460.929999999993,2025-04-29 12:04:00-04:00,22460.929999999993,TP,3.0
2025-04-29,LONG,22404.46,22353.42,2025-04-29 12:05:00-04:00,2025-04-29 12:06:00-04:00,22453.87,22353.42,22755.22,2025-04-30 08:45:00-04:00,22353.42,SL,-1.0
2025-04-30,LONG,22360.15,22247.95,2025-04-30 10:29:00-04:00,2025-04-30 10:30:00-04:00,22361.27,22247.95,22701.23,2025-05-01 20:27:00-04:00,22701.23,TP,3.0
2025-05-02,LONG,23034.08,22979.56,2025-05-02 10:24:00-04:00,2025-05-02 10:25:00-04:00,23049.89,22979.56,23260.879999999994,2025-05-04 19:46:00-04:00,22979.56,SL,-1.0
2025-05-05,LONG,23280.36,23240.45,2025-05-05 09:56:00-04:00,2025-05-05 09:57:00-04:00,23283.68,23240.45,23413.37,2025-05-06 03:00:00-04:00,23413.37,TP,3.0
2025-05-06,LONG,23211.4,23161.76,2025-05-06 10:15:00-04:00,2025-05-06 10:16:00-04:00,23222.43,23161.76,23404.440000000006,2025-05-06 14:00:00-04:00,23161.76,SL,-1.0
2025-05-07,LONG,23155.34,23107.25,2025-05-07 09:56:00-04:00,2025-05-07 09:57:00-04:00,23161.77,23107.25,23325.33,2025-05-07 11:50:00-04:00,23107.25,SL,-1.0
2025-05-08,LONG,23341.9,23280.4,2025-05-08 10:33:00-04:00,2025-05-08 10:34:00-04:00,23343.2,23280.4,23531.6,2025-05-08 10:55:00-04:00,23280.4,SL,-1.0
2025-05-09,LONG,23538.21,23488.24,2025-05-09 10:08:00-04:00,2025-05-09 10:09:00-04:00,23538.92,23488.24,23690.95999999999,2025-05-09 10:26:00-04:00,23488.24,SL,-1.0
2025-05-12,LONG,23555.58,23454.04,2025-05-12 11:13:00-04:00,2025-05-12 11:14:00-04:00,23559.02,23454.04,23873.96,2025-05-14 05:13:00-04:00,23454.04,SL,-1.0
2025-05-15,LONG,23586.38,23546.27,2025-05-15 09:52:00-04:00,2025-05-15 09:53:00-04:00,23587.21,23546.27,23710.029999999995,2025-05-15 11:44:00-04:00,23710.029999999995,TP,3.0
2025-05-16,LONG,23697.49,23662.21,2025-05-16 09:55:00-04:00,2025-05-16 09:56:00-04:00,23702.21,23662.21,23822.21,2025-05-19 09:55:00-04:00,23822.21,TP,3.0
2025-05-19,LONG,23799.54,23750.87,2025-05-19 09:56:00-04:00,2025-05-19 09:57:00-04:00,23824.79,23750.87,24046.550000000007,2025-05-19 19:11:00-04:00,24046.550000000007,TP,3.0
2025-05-21,LONG,24050.73,24015.45,2025-05-21 09:45:00-04:00,2025-05-21 09:46:00-04:00,24054.59,24015.45,24172.01,2025-05-21 13:18:00-04:00,24015.45,SL,-1.0
2025-05-22,LONG,23929.92,23886.37,2025-05-22 10:05:00-04:00,2025-05-22 10:06:00-04:00,23933.07,23886.37,24073.170000000002,2025-05-22 14:56:00-04:00,24073.170000000002,TP,3.0
2025-05-23,LONG,23611.7,23506.23,2025-05-23 10:01:00-04:00,2025-05-23 10:02:00-04:00,23611.55,23506.23,23927.51,2025-05-25 20:16:00-04:00,23927.51,TP,3.0
2025-05-26,LONG,24008.54,23972.16,2025-05-26 10:47:00-04:00,2025-05-26 10:48:00-04:00,24009.26,23972.16,24120.559999999994,2025-05-26 11:05:00-04:00,23972.16,SL,-1.0
2025-05-27,LONG,24198.53,24159.26,2025-05-27 09:50:00-04:00,2025-05-27 09:51:00-04:00,24208.49,24159.26,24356.18000000001,2025-05-28 05:03:00-04:00,24159.26,SL,-1.0
2025-05-28,LONG,24159.91,24131.8,2025-05-28 18:48:00-04:00,2025-05-28 18:49:00-04:00,24163.6,24131.8,24258.999999999996,2025-05-28 19:07:00-04:00,24258.999999999996,TP,3.0
2025-06-02,LONG,23914.61,23830.34,2025-06-02 10:36:00-04:00,2025-06-02 10:37:00-04:00,23925.24,23830.34,24209.940000000006,2025-06-03 03:25:00-04:00,23830.34,SL,-1.0
2025-06-03,LONG,24019.79,23950.65,2025-06-03 10:28:00-04:00,2025-06-03 10:29:00-04:00,24035.09,23950.65,24288.409999999996,2025-06-04 03:32:00-04:00,24288.409999999996,TP,3.0
2025-06-04,LONG,24189.8,24124.96,2025-06-04 09:48:00-04:00,2025-06-04 09:49:00-04:00,24193.42,24124.96,24398.799999999996,2025-06-05 04:29:00-04:00,24398.799999999996,TP,3.0
2025-06-05,LONG,24300.36,24243.84,2025-06-05 10:37:00-04:00,2025-06-05 10:38:00-04:00,24304.19,24243.84,24485.239999999994,2025-06-05 12:49:00-04:00,24243.84,SL,-1.0
2025-06-09,LONG,24171.01,24125.63,2025-06-09 09:45:00-04:00,2025-06-09 09:46:00-04:00,24172.05,24125.63,24311.309999999994,2025-06-10 01:33:00-04:00,24125.63,SL,-1.0
2025-06-10,LONG,24100.03,24061.68,2025-06-10 09:47:00-04:00,2025-06-10 09:48:00-04:00,24101.3,24061.68,24220.159999999996,2025-06-10 10:18:00-04:00,24061.68,SL,-1.0
2025-06-11,LONG,24024.97,23962.98,2025-06-11 10:00:00-04:00,2025-06-11 10:01:00-04:00,24029.83,23962.98,24230.38000000001,2025-06-11 11:08:00-04:00,23962.98,SL,-1.0
2025-06-12,LONG,23787.29,23744.8,2025-06-12 10:02:00-04:00,2025-06-12 10:03:00-04:00,23787.32,23744.8,23914.88,2025-06-12 11:46:00-04:00,23744.8,SL,-1.0
2025-06-13,LONG,23510.78,23452.57,2025-06-13 11:30:00-04:00,2025-06-13 11:31:00-04:00,23512.93,23452.57,23694.010000000002,2025-06-13 14:27:00-04:00,23452.57,SL,-1.0
2025-06-16,LONG,23595.89,23545.33,2025-06-16 09:54:00-04:00,2025-06-16 09:55:00-04:00,23603.32,23545.33,23777.289999999994,2025-06-16 18:32:00-04:00,23545.33,SL,-1.0
2025-06-18,LONG,23307.66,23259.1,2025-06-18 09:53:00-04:00,2025-06-18 09:54:00-04:00,23316.99,23259.1,23490.66000000001,2025-06-18 20:16:00-04:00,23259.1,SL,-1.0
2025-06-19,LONG,23177.11,23130.9,2025-06-19 20:46:00-04:00,2025-06-19 20:47:00-04:00,23178.12,23130.9,23319.77999999999,2025-06-20 07:04:00-04:00,23319.77999999999,TP,3.0
2025-06-23,LONG,23234.75,23186.82,2025-06-23 09:52:00-04:00,2025-06-23 09:53:00-04:00,23237.47,23186.82,23389.420000000006,2025-06-23 12:25:00-04:00,23186.82,SL,-1.0
2025-06-24,LONG,23662.98,23620.53,2025-06-24 10:33:00-04:00,2025-06-24 10:34:00-04:00,23664.79,23620.53,23797.570000000007,2025-06-24 11:14:00-04:00,23620.53,SL,-1.0
2025-06-26,LONG,23603.62,23563.83,2025-06-26 10:16:00-04:00,2025-06-26 10:17:00-04:00,23605.91,23563.83,23732.149999999994,2025-06-26 15:59:00-04:00,23732.149999999994,TP,3.0
2025-06-27,LONG,23860.03,23830.13,2025-06-27 09:49:00-04:00,2025-06-27 09:50:00-04:00,23860.73,23830.13,23952.529999999995,2025-06-27 10:37:00-04:00,23952.529999999995,TP,3.0
2025-06-30,LONG,23956.53,23898.02,2025-06-30 15:53:00-04:00,2025-06-30 15:54:00-04:00,23957.17,23898.02,24134.61999999999,2025-07-01 03:14:00-04:00,23898.02,SL,-1.0
2025-07-01,LONG,23753.07,23702.85,2025-07-01 09:45:00-04:00,2025-07-01 09:46:00-04:00,23752.64,23702.85,23902.010000000002,2025-07-01 10:46:00-04:00,23702.85,SL,-1.0
2025-07-02,LONG,23744.51,23685.63,2025-07-02 10:10:00-04:00,2025-07-02 10:11:00-04:00,23748.92,23685.63,23938.78999999999,2025-07-03 08:30:00-04:00,23938.78999999999,TP,3.0
2025-07-03,LONG,23896.85,23845.44,2025-07-03 09:45:00-04:00,2025-07-03 09:46:00-04:00,23896.11,23845.44,24048.120000000006,2025-07-03 23:08:00-04:00,23845.44,SL,-1.0
2025-07-07,LONG,24004.59,23967.56,2025-07-07 09:48:00-04:00,2025-07-07 09:49:00-04:00,24019.92,23967.56,24176.99999999999,2025-07-07 14:20:00-04:00,23967.56,SL,-1.0
2025-07-08,LONG,24163.84,24137.31,2025-07-08 09:45:00-04:00,2025-07-08 09:46:00-04:00,24180.78,24137.31,24311.18999999999,2025-07-09 03:40:00-04:00,24311.18999999999,TP,3.0
2025-07-09,LONG,24585.3,24553.18,2025-07-09 09:48:00-04:00,2025-07-09 09:49:00-04:00,24586.25,24553.18,24685.46,2025-07-09 10:13:00-04:00,24553.18,SL,-1.0
2025-07-14,LONG,24058.51,24016.29,2025-07-14 09:48:00-04:00,2025-07-14 09:49:00-04:00,24062.62,24016.29,24201.609999999993,2025-07-14 12:54:00-04:00,24201.609999999993,TP,3.0
2025-07-17,LONG,24285.01,24236.95,2025-07-17 09:45:00-04:00,2025-07-17 09:46:00-04:00,24288.57,24236.95,24443.429999999997,2025-07-17 22:26:00-04:00,24443.429999999997,TP,3.0
2025-07-21,LONG,24253.71,24186.74,2025-07-21 10:04:00-04:00,2025-07-21 10:05:00-04:00,24264.16,24186.74,24496.419999999995,2025-07-22 00:11:00-04:00,24186.74,SL,-1.0
2025-07-22,LONG,24114.55,24050.73,2025-07-22 21:02:00-04:00,2025-07-22 21:03:00-04:00,24114.83,24050.73,24307.13000000001,2025-07-23 00:40:00-04:00,24307.13000000001,TP,3.0
2025-07-23,LONG,24201.6,24177.84,2025-07-23 10:40:00-04:00,2025-07-23 10:41:00-04:00,24203.61,24177.84,24280.920000000002,2025-07-23 11:02:00-04:00,24177.84,SL,-1.0
2025-07-24,LONG,24327.3,24246.25,2025-07-24 11:20:00-04:00,2025-07-24 11:21:00-04:00,24328.84,24246.25,24576.61,2025-07-24 15:58:00-04:00,24246.25,SL,-1.0
2025-07-25,LONG,24147.64,24111.27,2025-07-25 09:48:00-04:00,2025-07-25 09:49:00-04:00,24155.52,24111.27,24288.27,2025-07-25 14:03:00-04:00,24288.27,TP,3.0
2025-07-30,LONG,24270.98,24243.66,2025-07-30 09:54:00-04:00,2025-07-30 09:55:00-04:00,24274.29,24243.66,24366.180000000004,2025-07-30 14:56:00-04:00,24243.66,SL,-1.0
2025-08-01,LONG,23507.82,23415.76,2025-08-01 10:34:00-04:00,2025-08-01 10:35:00-04:00,23510.74,23415.76,23795.68000000001,2025-08-01 11:34:00-04:00,23415.76,SL,-1.0
2025-08-04,LONG,23761.51,23717.68,2025-08-04 10:38:00-04:00,2025-08-04 10:39:00-04:00,23767.13,23717.68,23915.480000000003,2025-08-04 10:51:00-04:00,23717.68,SL,-1.0
2025-08-06,LONG,23887.11,23839.49,2025-08-06 10:02:00-04:00,2025-08-06 10:03:00-04:00,23887.52,23839.49,24031.609999999997,2025-08-07 01:15:00-04:00,24031.609999999997,TP,3.0
2025-08-08,LONG,24162.41,24138.99,2025-08-08 09:45:00-04:00,2025-08-08 09:46:00-04:00,24173.96,24138.99,24278.86999999999,2025-08-08 09:48:00-04:00,24138.99,SL,-1.0
2025-08-11,LONG,24074.96,24048.91,2025-08-11 10:10:00-04:00,2025-08-11 10:11:00-04:00,24081.71,24048.91,24180.109999999997,2025-08-11 10:46:00-04:00,24048.91,SL,-1.0
2025-08-12,LONG,24035.4,23966.11,2025-08-12 10:36:00-04:00,2025-08-12 10:37:00-04:00,24037.76,23966.11,24252.709999999992,2025-08-14 03:17:00-04:00,24252.709999999992,TP,3.0
2025-08-14,LONG,24325.53,24265.97,2025-08-14 09:59:00-04:00,2025-08-14 10:00:00-04:00,24331.62,24265.97,24528.569999999992,2025-08-15 02:45:00-04:00,24528.569999999992,TP,3.0
2025-08-18,LONG,24340.65,24300.84,2025-08-18 14:53:00-04:00,2025-08-18 14:54:00-04:00,24341.32,24300.84,24462.76,2025-08-19 03:28:00-04:00,24300.84,SL,-1.0
2025-08-21,LONG,24236.23,24204.17,2025-08-21 09:54:00-04:00,2025-08-21 09:55:00-04:00,24238.09,24204.17,24339.850000000006,2025-08-22 02:42:00-04:00,24204.17,SL,-1.0
2025-08-22,LONG,24328.72,24291.65,2025-08-22 09:51:00-04:00,2025-08-22 09:52:00-04:00,24334.03,24291.65,24461.16999999999,2025-08-24 21:37:00-04:00,24291.65,SL,-1.0
2025-08-26,LONG,24224.07,24205.75,2025-08-26 09:45:00-04:00,2025-08-26 09:46:00-04:00,24228.31,24205.75,24295.990000000005,2025-08-26 09:50:00-04:00,24205.75,SL,-1.0
2025-08-27,LONG,24080.96,24043.9,2025-08-27 21:45:00-04:00,2025-08-27 21:46:00-04:00,24081.5,24043.9,24194.299999999996,2025-08-28 03:03:00-04:00,24194.299999999996,TP,3.0
2025-08-28,LONG,24088.51,24051.48,2025-08-28 10:06:00-04:00,2025-08-28 10:07:00-04:00,24090.08,24051.48,24205.88000000001,2025-08-28 10:50:00-04:00,24051.48,SL,-1.0
2025-09-01,LONG,24006.16,23974.91,2025-09-01 09:46:00-04:00,2025-09-01 09:47:00-04:00,24005.19,23974.91,24096.029999999995,2025-09-02 01:08:00-04:00,23974.91,SL,-1.0
2025-09-02,LONG,23632.48,23550.4,2025-09-02 09:45:00-04:00,2025-09-02 09:46:00-04:00,23638.12,23550.4,23901.27999999999,2025-09-02 10:48:00-04:00,23550.4,SL,-1.0
2025-09-03,LONG,23600.49,23555.28,2025-09-03 10:32:00-04:00,2025-09-03 10:33:00-04:00,23601.59,23555.28,23740.520000000004,2025-09-03 12:03:00-04:00,23555.28,SL,-1.0
2025-09-04,LONG,23772.0,23730.5,2025-09-04 09:47:00-04:00,2025-09-04 09:48:00-04:00,23778.0,23730.5,23920.5,2025-09-04 10:15:00-04:00,23730.5,SL,-1.0
2025-09-08,LONG,23747.71,23703.56,2025-09-08 09:48:00-04:00,2025-09-08 09:49:00-04:00,23758.14,23703.56,23921.879999999994,2025-09-09 01:22:00-04:00,23703.56,SL,-1.0
2025-09-09,LONG,23691.8,23654.13,2025-09-09 10:27:00-04:00,2025-09-09 10:28:00-04:00,23692.04,23654.13,23805.77,2025-09-09 16:20:00-04:00,23805.77,TP,3.0
2025-09-11,LONG,23713.3,23667.64,2025-09-11 09:45:00-04:00,2025-09-11 09:46:00-04:00,23718.87,23667.64,23872.559999999998,2025-09-11 10:48:00-04:00,23667.64,SL,-1.0
2025-09-12,LONG,23720.72,23693.78,2025-09-12 12:36:00-04:00,2025-09-12 12:37:00-04:00,23720.74,23693.78,23801.62000000001,2025-09-12 15:41:00-04:00,23693.78,SL,-1.0
2025-09-15,LONG,23718.79,23663.64,2025-09-15 10:14:00-04:00,2025-09-15 10:15:00-04:00,23720.6,23663.64,23891.479999999996,2025-09-16 03:09:00-04:00,23663.64,SL,-1.0
2025-09-17,LONG,23450.78,23399.41,2025-09-17 20:58:00-04:00,2025-09-17 20:59:00-04:00,23454.29,23399.41,23618.930000000004,2025-09-18 03:18:00-04:00,23618.930000000004,TP,3.0
2025-09-18,LONG,23606.35,23572.35,2025-09-18 09:49:00-04:00,2025-09-18 09:50:00-04:00,23611.77,23572.35,23730.030000000006,2025-09-18 19:35:00-04:00,23730.030000000006,TP,3.0
2025-09-19,LONG,23681.58,23652.31,2025-09-19 10:33:00-04:00,2025-09-19 10:34:00-04:00,23685.57,23652.31,23785.349999999995,2025-09-19 11:02:00-04:00,23652.31,SL,-1.0
2025-09-22,LONG,23487.73,23459.81,2025-09-22 09:54:00-04:00,2025-09-22 09:55:00-04:00,23487.82,23459.81,23571.849999999995,2025-09-22 13:28:00-04:00,23571.849999999995,TP,3.0
2025-09-23,LONG,23672.99,23620.06,2025-09-23 09:47:00-04:00,2025-09-23 09:48:00-04:00,23673.32,23620.06,23833.099999999995,2025-09-23 11:30:00-04:00,23620.06,SL,-1.0
2025-09-24,LONG,23697.5,23667.0,2025-09-24 10:30:00-04:00,2025-09-24 10:31:00-04:00,23698.0,23667.0,23791.0,2025-09-24 11:33:00-04:00,23667.0,SL,-1.0
2025-09-25,LONG,23478.59,23441.04,2025-09-25 09:47:00-04:00,2025-09-25 09:48:00-04:00,23481.18,23441.04,23601.6,2025-09-26 02:06:00-04:00,23601.6,TP,3.0
2025-09-26,LONG,23748.53,23711.22,2025-09-26 15:53:00-04:00,2025-09-26 15:54:00-04:00,23748.93,23711.22,23862.059999999998,2025-09-29 02:40:00-04:00,23862.059999999998,TP,3.0
2025-09-29,LONG,23733.05,23699.71,2025-09-29 10:14:00-04:00,2025-09-29 10:15:00-04:00,23734.58,23699.71,23839.19000000001,2025-09-30 03:07:00-04:00,23699.71,SL,-1.0
2025-09-30,LONG,23822.65,23799.03,2025-09-30 10:55:00-04:00,2025-09-30 10:56:00-04:00,23826.7,23799.03,23909.710000000006,2025-09-30 12:21:00-04:00,23909.710000000006,TP,3.0
2025-10-01,LONG,24061.72,24011.92,2025-10-01 09:45:00-04:00,2025-10-01 09:46:00-04:00,24066.46,24011.92,24230.08,2025-10-01 14:00:00-04:00,24230.08,TP,3.0
2025-10-02,LONG,24501.12,24456.54,2025-10-02 20:53:00-04:00,2025-10-02 20:54:00-04:00,24501.77,24456.54,24637.46,2025-10-03 03:24:00-04:00,24456.54,SL,-1.0
2025-10-03,LONG,24385.66,24367.41,2025-10-03 10:46:00-04:00,2025-10-03 10:47:00-04:00,24390.7,24367.41,24460.570000000003,2025-10-03 11:01:00-04:00,24367.41,SL,-1.0
2025-10-08,LONG,24572.92,24552.6,2025-10-08 10:00:00-04:00,2025-10-08 10:01:00-04:00,24585.41,24552.6,24683.840000000004,2025-10-08 21:37:00-04:00,24552.6,SL,-1.0
2025-10-13,LONG,24306.15,24256.61,2025-10-13 09:57:00-04:00,2025-10-13 09:58:00-04:00,24318.34,24256.61,24503.53,2025-10-14 01:39:00-04:00,24256.61,SL,-1.0
2025-10-14,LONG,24189.12,24120.4,2025-10-14 10:04:00-04:00,2025-10-14 10:05:00-04:00,24189.13,24120.4,24395.32,2025-10-15 13:00:00-04:00,24120.4,SL,-1.0
2025-10-16,LONG,24201.53,24140.83,2025-10-16 10:34:00-04:00,2025-10-16 10:35:00-04:00,24205.49,24140.83,24399.47,2025-10-16 12:30:00-04:00,24140.83,SL,-1.0
2025-10-17,LONG,23910.41,23828.42,2025-10-17 09:48:00-04:00,2025-10-17 09:49:00-04:00,23916.55,23828.42,24180.940000000002,2025-10-17 11:34:00-04:00,23828.42,SL,-1.0
2025-10-20,LONG,24234.92,24203.08,2025-10-20 09:47:00-04:00,2025-10-20 09:48:00-04:00,24237.33,24203.08,24340.08,2025-10-20 18:00:00-04:00,24340.08,TP,3.0
2025-10-21,LONG,24292.11,24267.78,2025-10-21 10:21:00-04:00,2025-10-21 10:22:00-04:00,24295.4,24267.78,24378.26000000001,2025-10-21 11:11:00-04:00,24378.26000000001,TP,3.0
2025-10-23,LONG,24174.02,24110.23,2025-10-23 09:50:00-04:00,2025-10-23 09:51:00-04:00,24181.29,24110.23,24394.470000000005,2025-10-26 21:16:00-04:00,24394.470000000005,TP,3.0
2025-10-27,LONG,24234.82,24217.19,2025-10-27 09:52:00-04:00,2025-10-27 09:53:00-04:00,24235.98,24217.19,24292.350000000002,2025-10-27 10:20:00-04:00,24217.19,SL,-1.0
2025-10-28,LONG,24313.94,24286.36,2025-10-28 10:13:00-04:00,2025-10-28 10:14:00-04:00,24317.47,24286.36,24410.800000000003,2025-10-28 10:39:00-04:00,24286.36,SL,-1.0
2025-10-30,LONG,24096.8,24066.3,2025-10-30 10:11:00-04:00,2025-10-30 10:12:00-04:00,24100.3,24066.3,24202.3,2025-10-30 10:18:00-04:00,24066.3,SL,-1.0
2025-11-04,LONG,23893.05,23837.05,2025-11-04 09:46:00-05:00,2025-11-04 09:47:00-05:00,23895.05,23837.05,24069.05,2025-11-04 19:04:00-05:00,23837.05,SL,-1.0
2025-11-05,LONG,23929.48,23901.21,2025-11-05 09:47:00-05:00,2025-11-05 09:48:00-05:00,23940.31,23901.21,24057.610000000008,2025-11-05 10:20:00-05:00,24057.610000000008,TP,3.0
2025-11-07,LONG,23511.03,23451.52,2025-11-07 09:45:00-05:00,2025-11-07 09:46:00-05:00,23510.19,23451.52,23686.199999999993,2025-11-07 13:25:00-05:00,23686.199999999993,TP,3.0
2025-11-10,LONG,23996.52,23968.72,2025-11-10 10:17:00-05:00,2025-11-10 10:18:00-05:00,23995.72,23968.72,24076.72,2025-11-10 10:40:00-05:00,23968.72,SL,-1.0
2025-11-11,LONG,24061.66,24026.9,2025-11-11 09:46:00-05:00,2025-11-11 09:47:00-05:00,24061.19,24026.9,24164.05999999999,2025-11-11 14:26:00-05:00,24164.05999999999,TP,3.0
2025-11-12,LONG,24407.75,24351.62,2025-11-12 09:58:00-05:00,2025-11-12 09:59:00-05:00,24416.11,24351.62,24609.580000000005,2025-11-12 10:54:00-05:00,24351.62,SL,-1.0
2025-11-14,LONG,23759.55,23657.05,2025-11-14 09:45:00-05:00,2025-11-14 09:46:00-05:00,23766.05,23657.05,24093.05,2025-11-17 08:46:00-05:00,23657.05,SL,-1.0
2025-11-17,LONG,23702.59,23642.11,2025-11-17 09:46:00-05:00,2025-11-17 09:47:00-05:00,23708.77,23642.11,23908.75,2025-11-17 10:20:00-05:00,23642.11,SL,-1.0
2025-11-18,LONG,23255.68,23170.27,2025-11-18 12:56:00-05:00,2025-11-18 12:57:00-05:00,23255.6,23170.27,23511.589999999993,2025-11-18 16:01:00-05:00,23170.27,SL,-1.0
2025-11-19,LONG,23308.33,23267.22,2025-11-19 09:48:00-05:00,2025-11-19 09:49:00-05:00,23317.47,23267.22,23468.22,2025-11-19 10:50:00-05:00,23267.22,SL,-1.0
2025-11-20,LONG,23440.74,23403.93,2025-11-20 09:47:00-05:00,2025-11-20 09:48:00-05:00,23449.08,23403.93,23584.530000000006,2025-11-20 11:04:00-05:00,23403.93,SL,-1.0
2025-11-21,LONG,23237.44,23181.72,2025-11-21 12:09:00-05:00,2025-11-21 12:10:00-05:00,23238.17,23181.72,23407.51999999999,2025-11-21 13:04:00-05:00,23181.72,SL,-1.0
2025-11-24,LONG,23267.92,23204.18,2025-11-24 10:02:00-05:00,2025-11-24 10:03:00-05:00,23267.87,23204.18,23458.939999999995,2025-11-24 11:47:00-05:00,23204.18,SL,-1.0
2025-11-25,LONG,23459.66,23359.46,2025-11-25 10:44:00-05:00,2025-11-25 10:45:00-05:00,23472.1,23359.46,23810.019999999997,2025-11-27 03:22:00-05:00,23810.019999999997,TP,3.0
2025-11-27,LONG,23801.65,23780.72,2025-11-27 09:56:00-05:00,2025-11-27 09:57:00-05:00,23804.27,23780.72,23874.92,2025-11-27 10:15:00-05:00,23780.72,SL,-1.0
2025-11-28,LONG,23839.64,23815.36,2025-11-28 09:46:00-05:00,2025-11-28 09:47:00-05:00,23845.32,23815.36,23935.199999999997,2025-11-30 19:15:00-05:00,23815.36,SL,-1.0
2025-12-01,LONG,23573.86,23542.81,2025-12-01 09:45:00-05:00,2025-12-01 09:46:00-05:00,23578.29,23542.81,23684.73,2025-12-01 18:13:00-05:00,23542.81,SL,-1.0
2025-12-02,LONG,23721.27,23687.41,2025-12-02 09:51:00-05:00,2025-12-02 09:52:00-05:00,23723.54,23687.41,23831.930000000004,2025-12-02 10:34:00-05:00,23687.41,SL,-1.0
2025-12-03,LONG,23736.22,23693.77,2025-12-03 10:03:00-05:00,2025-12-03 10:04:00-05:00,23743.34,23693.77,23892.05,2025-12-03 11:11:00-05:00,23693.77,SL,-1.0
2025-12-04,LONG,23922.56,23882.96,2025-12-04 11:22:00-05:00,2025-12-04 11:23:00-05:00,23919.26,23882.96,24028.159999999996,2025-12-04 11:34:00-05:00,23882.96,SL,-1.0
2025-12-05,LONG,24102.75,24063.16,2025-12-05 10:00:00-05:00,2025-12-05 10:01:00-05:00,24115.32,24063.16,24271.8,2025-12-05 10:46:00-05:00,24063.16,SL,-1.0
2025-12-09,LONG,24130.07,24088.23,2025-12-09 09:48:00-05:00,2025-12-09 09:49:00-05:00,24132.24,24088.23,24264.270000000008,2025-12-09 20:30:00-05:00,24088.23,SL,-1.0
2025-12-10,LONG,24070.27,24043.35,2025-12-10 09:53:00-05:00,2025-12-10 09:54:00-05:00,24072.79,24043.35,24161.110000000008,2025-12-10 14:06:00-05:00,24161.110000000008,TP,3.0
2025-12-11,LONG,24285.34,24244.58,2025-12-11 10:10:00-05:00,2025-12-11 10:11:00-05:00,24285.44,24244.58,24408.01999999999,2025-12-12 00:50:00-05:00,24408.01999999999,TP,3.0
2025-12-16,LONG,24110.27,24066.31,2025-12-16 11:49:00-05:00,2025-12-16 11:50:00-05:00,24113.41,24066.31,24254.709999999995,2025-12-16 12:58:00-05:00,24066.31,SL,-1.0
2025-12-17,LONG,24084.75,24040.28,2025-12-17 09:52:00-05:00,2025-12-17 09:53:00-05:00,24086.24,24040.28,24224.12000000001,2025-12-17 10:35:00-05:00,24040.28,SL,-1.0
2025-12-18,LONG,24106.32,24060.88,2025-12-18 10:24:00-05:00,2025-12-18 10:25:00-05:00,24108.67,24060.88,24252.03999999999,2025-12-19 04:31:00-05:00,24252.03999999999,TP,3.0
2025-12-19,LONG,24260.73,24230.71,2025-12-19 09:53:00-05:00,2025-12-19 09:54:00-05:00,24266.61,24230.71,24374.310000000005,2025-12-22 08:40:00-05:00,24230.71,SL,-1.0
2025-12-22,LONG,24267.38,24223.58,2025-12-22 10:53:00-05:00,2025-12-22 10:54:00-05:00,24268.64,24223.58,24403.819999999992,2025-12-29 01:18:00-05:00,24403.819999999992,TP,3.0
2025-12-29,LONG,24383.76,24336.68,2025-12-29 11:06:00-05:00,2025-12-29 11:07:00-05:00,24386.06,24336.68,24534.200000000004,2025-12-29 19:31:00-05:00,24336.68,SL,-1.0
2025-12-30,LONG,24532.15,24516.05,2025-12-30 09:49:00-05:00,2025-12-30 09:50:00-05:00,24542.05,24516.05,24620.05,2025-12-30 11:15:00-05:00,24620.05,TP,3.0
2026-01-05,LONG,24785.18,24739.38,2026-01-05 09:45:00-05:00,2026-01-05 09:46:00-05:00,24787.17,24739.38,24930.53999999999,2026-01-05 23:29:00-05:00,24930.53999999999,TP,3.0
2026-01-06,LONG,24957.25,24917.9,2026-01-06 14:02:00-05:00,2026-01-06 14:03:00-05:00,24957.24,24917.9,25075.260000000002,2026-01-07 05:13:00-05:00,25075.260000000002,TP,3.0
2026-01-07,LONG,25112.98,25059.67,2026-01-07 11:06:00-05:00,2026-01-07 11:07:00-05:00,25114.37,25059.67,25278.47,2026-01-08 00:42:00-05:00,25059.67,SL,-1.0
2026-01-08,LONG,25077.88,25038.62,2026-01-08 09:48:00-05:00,2026-01-08 09:49:00-05:00,25081.6,25038.62,25210.539999999997,2026-01-08 16:43:00-05:00,25210.539999999997,TP,3.0
2026-01-09,LONG,25265.91,25229.4,2026-01-09 11:21:00-05:00,2026-01-09 11:22:00-05:00,25269.98,25229.4,25391.719999999994,2026-01-11 19:38:00-05:00,25229.4,SL,-1.0
2026-01-12,LONG,25406.8,25359.68,2026-01-12 09:47:00-05:00,2026-01-12 09:48:00-05:00,25407.38,25359.68,25550.480000000003,2026-01-13 05:04:00-05:00,25359.68,SL,-1.0
2026-01-14,LONG,25324.95,25287.08,2026-01-14 10:11:00-05:00,2026-01-14 10:12:00-05:00,25328.28,25287.08,25451.87999999999,2026-01-14 10:31:00-05:00,25287.08,SL,-1.0
2026-01-15,LONG,25336.38,25306.66,2026-01-15 10:57:00-05:00,2026-01-15 10:58:00-05:00,25348.43,25306.66,25473.74,2026-01-15 12:30:00-05:00,25306.66,SL,-1.0
2026-01-16,LONG,25279.87,25244.69,2026-01-16 11:10:00-05:00,2026-01-16 11:11:00-05:00,25283.38,25244.69,25399.450000000008,2026-01-18 18:06:00-05:00,25244.69,SL,-1.0
2026-01-19,LONG,24999.16,24965.34,2026-01-19 09:53:00-05:00,2026-01-19 09:54:00-05:00,25003.11,24965.34,25116.420000000002,2026-01-19 10:23:00-05:00,24965.34,SL,-1.0
2026-01-20,LONG,24692.46,24628.87,2026-01-20 09:51:00-05:00,2026-01-20 09:52:00-05:00,24694.47,24628.87,24891.270000000008,2026-01-20 10:20:00-05:00,24628.87,SL,-1.0
2026-01-21,LONG,24530.1,24479.33,2026-01-21 09:45:00-05:00,2026-01-21 09:46:00-05:00,24539.45,24479.33,24719.809999999998,2026-01-21 11:56:00-05:00,24479.33,SL,-1.0
2026-01-23,LONG,24846.04,24801.11,2026-01-23 09:56:00-05:00,2026-01-23 09:57:00-05:00,24847.78,24801.11,24987.789999999994,2026-01-25 18:05:00-05:00,24801.11,SL,-1.0
2026-01-26,LONG,24986.56,24934.22,2026-01-26 23:10:00-05:00,2026-01-26 23:11:00-05:00,24991.59,24934.22,25163.699999999997,2026-01-27 03:33:00-05:00,24934.22,SL,-1.0
2026-01-28,LONG,24806.12,24754.73,2026-01-28 09:45:00-05:00,2026-01-28 09:46:00-05:00,24809.7,24754.73,24974.610000000004,2026-01-29 00:58:00-05:00,24754.73,SL,-1.0
2026-02-02,LONG,24772.28,24734.48,2026-02-02 10:04:00-05:00,2026-02-02 10:05:00-05:00,24777.29,24734.48,24905.720000000005,2026-02-02 18:37:00-05:00,24905.720000000005,TP,3.0
2026-02-03,LONG,24790.93,24743.02,2026-02-03 09:47:00-05:00,2026-02-03 09:48:00-05:00,24809.55,24743.02,25009.139999999996,2026-02-03 09:54:00-05:00,24743.02,SL,-1.0
2026-02-04,LONG,24673.93,24625.28,2026-02-04 09:46:00-05:00,2026-02-04 09:47:00-05:00,24674.91,24625.28,24823.800000000003,2026-02-04 09:58:00-05:00,24625.28,SL,-1.0
2026-02-05,LONG,24454.71,24333.42,2026-02-05 09:50:00-05:00,2026-02-05 09:51:00-05:00,24468.92,24333.42,24875.42,2026-02-05 10:07:00-05:00,24333.42,SL,-1.0
2026-02-06,LONG,24681.87,24605.28,2026-02-06 09:45:00-05:00,2026-02-06 09:46:00-05:00,24684.76,24605.28,24923.199999999997,2026-02-06 10:07:00-05:00,24605.28,SL,-1.0
2026-02-09,LONG,24870.54,24804.55,2026-02-09 10:03:00-05:00,2026-02-09 10:04:00-05:00,24886.87,24804.55,25133.829999999998,2026-02-12 03:08:00-05:00,25133.829999999998,TP,3.0
2026-02-13,LONG,24901.16,24809.21,2026-02-13 10:25:00-05:00,2026-02-13 10:26:00-05:00,24905.35,24809.21,25193.769999999997,2026-02-16 11:00:00-05:00,24809.21,SL,-1.0
2026-02-17,LONG,24940.38,24882.13,2026-02-17 11:08:00-05:00,2026-02-17 11:09:00-05:00,24940.64,24882.13,25116.169999999995,2026-02-18 03:01:00-05:00,25116.169999999995,TP,3.0
2026-02-18,LONG,25213.96,25114.51,2026-02-18 09:53:00-05:00,2026-02-18 09:54:00-05:00,25216.77,25114.51,25523.550000000007,2026-02-19 04:33:00-05:00,25114.51,SL,-1.0
2026-02-19,LONG,25030.98,24981.13,2026-02-19 09:53:00-05:00,2026-02-19 09:54:00-05:00,25032.9,24981.13,25188.210000000003,2026-02-19 13:02:00-05:00,24981.13,SL,-1.0
2026-02-20,LONG,25155.94,25087.94,2026-02-20 10:00:00-05:00,2026-02-20 10:01:00-05:00,25174.46,25087.94,25434.02,2026-02-22 20:02:00-05:00,25087.94,SL,-1.0
2026-02-24,LONG,25027.8,24892.72,2026-02-24 09:48:00-05:00,2026-02-24 09:49:00-05:00,25030.73,24892.72,25444.759999999995,2026-03-01 19:15:00-05:00,24892.72,SL,-1.0
2026-03-02,LONG,24702.46,24590.47,2026-03-02 09:45:00-05:00,2026-03-02 09:46:00-05:00,24715.91,24590.47,25092.229999999996,2026-03-02 15:13:00-05:00,24590.47,SL,-1.0
2026-03-03,LONG,23777.01,23684.56,2026-03-03 11:34:00-05:00,2026-03-03 11:35:00-05:00,23788.1,23684.56,24098.71999999999,2026-03-03 14:42:00-05:00,24098.71999999999,TP,3.0
2026-03-04,LONG,24172.49,24068.14,2026-03-04 10:00:00-05:00,2026-03-04 10:01:00-05:00,24200.61,24068.14,24598.020000000004,2026-03-04 22:39:00-05:00,24068.14,SL,-1.0
2026-03-05,LONG,24067.93,23979.6,2026-03-05 09:59:00-05:00,2026-03-05 10:00:00-05:00,24082.97,23979.6,24393.08000000001,2026-03-05 10:24:00-05:00,23979.6,SL,-1.0
2026-03-06,LONG,23458.85,23337.28,2026-03-06 09:51:00-05:00,2026-03-06 09:52:00-05:00,23479.12,23337.28,23904.64,2026-03-08 19:05:00-04:00,23337.28,SL,-1.0
2026-03-09,LONG,23314.31,23208.52,2026-03-09 10:12:00-04:00,2026-03-09 10:13:00-04:00,23323.41,23208.52,23668.079999999998,2026-03-09 10:52:00-04:00,23208.52,SL,-1.0
2026-03-10,LONG,23888.9,23792.81,2026-03-10 09:45:00-04:00,2026-03-10 09:46:00-04:00,23893.96,23792.81,24197.409999999993,2026-03-10 11:01:00-04:00,23792.81,SL,-1.0
2026-03-11,LONG,23698.12,23553.89,2026-03-11 10:58:00-04:00,2026-03-11 10:59:00-04:00,23713.81,23553.89,24193.570000000007,2026-03-11 19:24:00-04:00,23553.89,SL,-1.0
2026-03-12,LONG,23580.62,23535.39,2026-03-12 09:55:00-04:00,2026-03-12 09:56:00-04:00,23587.03,23535.39,23741.949999999997,2026-03-12 10:18:00-04:00,23535.39,SL,-1.0
2026-03-13,LONG,23626.64,23591.2,2026-03-13 09:45:00-04:00,2026-03-13 09:46:00-04:00,23693.58,23591.2,24000.720000000005,2026-03-13 11:40:00-04:00,23591.2,SL,-1.0
2026-03-16,LONG,23609.17,23564.37,2026-03-16 09:45:00-04:00,2026-03-16 09:46:00-04:00,23615.09,23564.37,23767.250000000004,2026-03-16 11:38:00-04:00,23564.37,SL,-1.0
2026-03-17,LONG,23705.02,23652.65,2026-03-17 10:06:00-04:00,2026-03-17 10:07:00-04:00,23706.29,23652.65,23867.21,2026-03-18 02:41:00-04:00,23867.21,TP,3.0
2026-03-19,LONG,22866.15,22793.23,2026-03-19 10:20:00-04:00,2026-03-19 10:21:00-04:00,22871.58,22793.23,23106.63000000001,2026-03-19 10:24:00-04:00,22793.23,SL,-1.0
2026-03-20,LONG,22915.59,22842.43,2026-03-20 09:46:00-04:00,2026-03-20 09:47:00-04:00,22921.82,22842.43,23159.989999999998,2026-03-20 10:09:00-04:00,22842.43,SL,-1.0
2026-03-23,LONG,22897.3,22661.39,2026-03-23 09:48:00-04:00,2026-03-23 09:49:00-04:00,22899.5,22661.39,23613.83,2026-03-23 13:00:00-04:00,22661.39,SL,-1.0
2026-03-24,LONG,22566.57,22435.22,2026-03-24 11:52:00-04:00,2026-03-24 11:53:00-04:00,22592.34,22435.22,23063.699999999997,2026-03-25 05:20:00-04:00,23063.699999999997,TP,3.0
2026-03-25,LONG,22994.74,22879.31,2026-03-25 09:55:00-04:00,2026-03-25 09:56:00-04:00,23010.15,22879.31,23402.670000000002,2026-03-25 12:12:00-04:00,22879.31,SL,-1.0
2026-03-26,LONG,22621.37,22562.45,2026-03-26 09:46:00-04:00,2026-03-26 09:47:00-04:00,22622.12,22562.45,22801.129999999994,2026-03-26 11:40:00-04:00,22801.129999999994,TP,3.0
2026-03-27,LONG,22344.99,22286.23,2026-03-27 09:55:00-04:00,2026-03-27 09:56:00-04:00,22350.07,22286.23,22541.59,2026-03-27 10:06:00-04:00,22286.23,SL,-1.0
2026-03-30,LONG,22444.33,22369.15,2026-03-30 10:53:00-04:00,2026-03-30 10:54:00-04:00,22452.56,22369.15,22702.79,2026-03-30 15:08:00-04:00,22369.15,SL,-1.0
2026-03-31,LONG,22791.22,22713.35,2026-03-31 09:49:00-04:00,2026-03-31 09:50:00-04:00,22799.36,22713.35,23057.390000000007,2026-03-31 10:43:00-04:00,22713.35,SL,-1.0
2026-04-01,LONG,23291.71,23156.46,2026-04-01 10:39:00-04:00,2026-04-01 10:40:00-04:00,23294.86,23156.46,23710.060000000005,2026-04-01 21:17:00-04:00,23156.46,SL,-1.0
2026-04-02,LONG,22811.83,22764.38,2026-04-02 09:46:00-04:00,2026-04-02 09:47:00-04:00,22824.17,22764.38,23003.53999999999,2026-04-02 10:35:00-04:00,23003.53999999999,TP,3.0
2026-04-07,LONG,23117.76,23013.25,2026-04-07 15:19:00-04:00,2026-04-07 15:20:00-04:00,23124.8,23013.25,23459.449999999997,2026-04-07 18:00:00-04:00,23459.449999999997,TP,3.0
2026-04-09,LONG,23781.1,23723.47,2026-04-09 11:32:00-04:00,2026-04-09 11:33:00-04:00,23810.42,23723.47,24071.26999999999,2026-04-10 13:25:00-04:00,23723.47,SL,-1.0
2026-04-13,LONG,23601.23,23565.03,2026-04-13 09:48:00-04:00,2026-04-13 09:49:00-04:00,23621.21,23565.03,23789.75,2026-04-13 12:20:00-04:00,23789.75,TP,3.0
2026-04-14,LONG,24059.66,24012.09,2026-04-14 09:56:00-04:00,2026-04-14 09:57:00-04:00,24059.35,24012.09,24201.129999999994,2026-04-14 11:12:00-04:00,24012.09,SL,-1.0
2026-04-15,LONG,24117.65,24059.74,2026-04-15 10:27:00-04:00,2026-04-15 10:28:00-04:00,24117.37,24059.74,24290.25999999999,2026-04-15 10:42:00-04:00,24059.74,SL,-1.0
2026-04-17,LONG,24709.48,24641.86,2026-04-17 10:21:00-04:00,2026-04-17 10:22:00-04:00,24718.95,24641.86,24950.22,2026-04-17 13:08:00-04:00,24641.86,SL,-1.0
2026-04-20,LONG,24467.72,24429.63,2026-04-20 09:52:00-04:00,2026-04-20 09:53:00-04:00,24471.75,24429.63,24598.109999999997,2026-04-20 10:51:00-04:00,24429.63,SL,-1.0
2026-04-21,LONG,24455.33,24408.78,2026-04-21 09:45:00-04:00,2026-04-21 09:46:00-04:00,24456.36,24408.78,24599.100000000006,2026-04-21 10:23:00-04:00,24408.78,SL,-1.0
2026-04-23,LONG,24172.63,24114.58,2026-04-23 09:48:00-04:00,2026-04-23 09:49:00-04:00,24177.64,24114.58,24366.819999999992,2026-04-23 11:44:00-04:00,24114.58,SL,-1.0
2026-04-24,LONG,24170.49,24127.84,2026-04-24 11:44:00-04:00,2026-04-24 11:45:00-04:00,24245.73,24127.84,24599.399999999998,2026-04-27 09:48:00-04:00,24127.84,SL,-1.0
2026-04-29,LONG,23979.85,23904.01,2026-04-29 10:04:00-04:00,2026-04-29 10:05:00-04:00,23984.38,23904.01,24225.49000000001,2026-04-29 11:14:00-04:00,23904.01,SL,-1.0
2026-04-30,LONG,24159.3,24093.26,2026-04-30 10:22:00-04:00,2026-04-30 10:23:00-04:00,24171.44,24093.26,24405.98,2026-05-04 03:46:00-04:00,24405.98,TP,3.0
2026-05-05,LONG,24343.5,24265.5,2026-05-05 11:04:00-04:00,2026-05-05 11:05:00-04:00,24350.5,24265.5,24605.5,2026-05-06 00:56:00-04:00,24605.5,TP,3.0
2026-05-06,LONG,24918.94,24859.72,2026-05-06 10:20:00-04:00,2026-05-06 10:21:00-04:00,24920.21,24859.72,25101.679999999993,2026-05-07 06:09:00-04:00,24859.72,SL,-1.0
2026-05-08,LONG,24462.51,24414.52,2026-05-08 09:48:00-04:00,2026-05-08 09:49:00-04:00,24465.98,24414.52,24620.359999999997,2026-05-08 10:09:00-04:00,24414.52,SL,-1.0
2026-05-11,LONG,24322.11,24283.27,2026-05-11 09:47:00-04:00,2026-05-11 09:48:00-04:00,24330.57,24283.27,24472.469999999998,2026-05-11 10:05:00-04:00,24283.27,SL,-1.0
2026-05-12,LONG,24063.33,24030.23,2026-05-12 10:15:00-04:00,2026-05-12 10:16:00-04:00,24066.61,24030.23,24175.750000000004,2026-05-12 10:21:00-04:00,24030.23,SL,-1.0
2026-05-13,LONG,24114.08,24060.65,2026-05-13 10:08:00-04:00,2026-05-13 10:09:00-04:00,24120.52,24060.65,24300.129999999997,2026-05-14 02:28:00-04:00,24300.129999999997,TP,3.0
2026-05-14,LONG,24405.31,24367.13,2026-05-14 10:04:00-04:00,2026-05-14 10:05:00-04:00,24409.59,24367.13,24536.969999999998,2026-05-14 12:55:00-04:00,24367.13,SL,-1.0
2026-05-18,LONG,24362.88,24306.57,2026-05-18 09:47:00-04:00,2026-05-18 09:48:00-04:00,24384.89,24306.57,24619.85,2026-05-18 10:35:00-04:00,24306.57,SL,-1.0
2026-05-19,LONG,24523.15,24440.87,2026-05-19 09:54:00-04:00,2026-05-19 09:55:00-04:00,24532.21,24440.87,24806.23,2026-05-19 10:15:00-04:00,24440.87,SL,-1.0
2026-05-20,LONG,24509.48,24439.27,2026-05-20 09:45:00-04:00,2026-05-20 09:46:00-04:00,24527.23,24439.27,24791.109999999997,2026-05-20 11:15:00-04:00,24791.109999999997,TP,3.0
2026-05-21,LONG,24607.02,24529.15,2026-05-21 09:50:00-04:00,2026-05-21 09:51:00-04:00,24609.66,24529.15,24851.189999999995,2026-05-21 13:40:00-04:00,24851.189999999995,TP,3.0
2026-05-22,LONG,24920.65,24869.31,2026-05-22 09:47:00-04:00,2026-05-22 09:48:00-04:00,24928.1,24869.31,25104.46999999999,2026-05-22 10:00:00-04:00,24869.31,SL,-1.0
2026-05-25,LONG,25302.57,25276.33,2026-05-25 09:49:00-04:00,2026-05-25 09:50:00-04:00,25305.48,25276.33,25392.929999999993,2026-05-25 11:10:00-04:00,25392.929999999993,TP,3.0
2026-05-26,LONG,25278.7,25251.08,2026-05-26 09:46:00-04:00,2026-05-26 09:47:00-04:00,25279.05,25251.08,25362.959999999992,2026-05-26 09:50:00-04:00,25251.08,SL,-1.0
2026-05-28,LONG,25028.86,24968.87,2026-05-28 09:45:00-04:00,2026-05-28 09:46:00-04:00,25039.82,24968.87,25252.670000000002,2026-06-01 08:25:00-04:00,25252.670000000002,TP,3.0
2026-06-01,LONG,25026.67,24960.71,2026-06-01 09:45:00-04:00,2026-06-01 09:46:00-04:00,25032.22,24960.71,25246.750000000007,2026-06-01 09:51:00-04:00,24960.71,SL,-1.0
2026-06-08,LONG,24693.69,24638.53,2026-06-08 09:52:00-04:00,2026-06-08 09:53:00-04:00,24699.45,24638.53,24882.210000000006,2026-06-08 10:10:00-04:00,24638.53,SL,-1.0
2026-06-09,LONG,24776.18,24734.92,2026-06-09 09:46:00-04:00,2026-06-09 09:47:00-04:00,24786.19,24734.92,24940.0,2026-06-09 10:13:00-04:00,24734.92,SL,-1.0
2026-06-10,LONG,24356.56,24239.97,2026-06-10 09:45:00-04:00,2026-06-10 09:46:00-04:00,24360.05,24239.97,24720.289999999994,2026-06-10 10:57:00-04:00,24239.97,SL,-1.0
2026-06-11,LONG,24240.43,24186.68,2026-06-11 09:45:00-04:00,2026-06-11 09:46:00-04:00,24264.93,24186.68,24499.68,2026-06-11 13:03:00-04:00,24186.68,SL,-1.0
2026-06-12,LONG,24548.27,24412.59,2026-06-12 10:52:00-04:00,2026-06-12 10:53:00-04:00,24608.41,24412.59,25195.87,2026-07-02 05:53:00-04:00,25195.87,TP,3.0
2026-07-02,LONG,25585.58,25496.97,2026-07-02 09:45:00-04:00,2026-07-02 09:46:00-04:00,25588.8,25496.97,25864.289999999994,2026-07-02 13:13:00-04:00,25496.97,SL,-1.0
2026-07-03,LONG,25752.96,25725.25,2026-07-03 09:45:00-04:00,2026-07-03 09:46:00-04:00,25753.72,25725.25,25839.130000000005,2026-07-05 18:45:00-04:00,25839.130000000005,TP,3.0
2026-07-06,LONG,25746.57,25719.01,2026-07-06 09:45:00-04:00,2026-07-06 09:46:00-04:00,25749.26,25719.01,25840.01,2026-07-06 11:31:00-04:00,25840.01,TP,3.0
2026-07-08,LONG,25064.25,24973.09,2026-07-08 09:45:00-04:00,2026-07-08 09:46:00-04:00,25074.64,24973.09,25379.289999999997,2026-07-08 10:30:00-04:00,24973.09,SL,-1.0
2026-07-09,LONG,25039.82,24979.72,2026-07-09 09:51:00-04:00,2026-07-09 09:52:00-04:00,25056.43,24979.72,25286.559999999998,2026-07-10 10:33:00-04:00,24979.72,SL,-1.0
2026-07-13,LONG,25116.19,25087.69,2026-07-13 09:58:00-04:00,2026-07-13 09:59:00-04:00,25121.68,25087.69,25223.650000000005,2026-07-13 10:02:00-04:00,25087.69,SL,-1.0
2026-07-14,LONG,25090.11,25003.71,2026-07-14 09:45:00-04:00,2026-07-14 09:46:00-04:00,25092.01,25003.71,25356.909999999996,2026-07-15 02:56:00-04:00,25003.71,SL,-1.0
2026-07-15,LONG,25051.21,24982.02,2026-07-15 10:21:00-04:00,2026-07-15 10:22:00-04:00,25056.2,24982.02,25278.74,2026-07-15 12:01:00-04:00,24982.02,SL,-1.0
2026-07-16,LONG,24779.9,24728.9,2026-07-16 09:51:00-04:00,2026-07-16 09:52:00-04:00,24788.9,24728.9,24968.9,2026-07-16 21:54:00-04:00,24728.9,SL,-1.0
2026-07-17,LONG,24775.3,24718.25,2026-07-17 09:47:00-04:00,2026-07-17 09:48:00-04:00,24786.48,24718.25,24991.17,2026-07-20 15:06:00-04:00,24718.25,SL,-1.0
2026-07-21,LONG,24904.87,24815.13,2026-07-21 10:20:00-04:00,2026-07-21 10:21:00-04:00,24905.14,24815.13,25175.169999999995,2026-07-22 04:30:00-04:00,25175.169999999995,TP,3.0
2026-07-22,LONG,25209.7,25118.48,2026-07-22 20:45:00-04:00,2026-07-22 20:46:00-04:00,25211.5,25118.48,25490.56,2026-07-23 00:50:00-04:00,25118.48,SL,-1.0
2026-07-24,LONG,24986.9,24942.25,2026-07-24 09:49:00-04:00,2026-07-24 09:50:00-04:00,24991.66,24942.25,25139.89,2026-07-24 09:57:00-04:00,24942.25,SL,-1.0
2026-07-27,LONG,25538.16,25467.89,2026-07-27 09:48:00-04:00,2026-07-27 09:49:00-04:00,25546.22,25467.89,25781.210000000006,2026-07-27 10:00:00-04:00,25467.89,SL,-1.0
2026-07-28,LONG,25368.99,25313.82,2026-07-28 10:03:00-04:00,2026-07-28 10:04:00-04:00,25371.65,25313.82,25545.140000000007,2026-07-28 13:01:00-04:00,25545.140000000007,TP,3.0
2026-07-29,LONG,25535.14,25484.51,2026-07-29 14:00:00-04:00,2026-07-29 14:01:00-04:00,25555.18,25484.51,25767.190000000006,2026-07-29 14:23:00-04:00,25484.51,SL,-1.0
2026-07-30,LONG,25611.89,25513.75,2026-07-30 09:54:00-04:00,2026-07-30 09:55:00-04:00,25618.11,25513.75,25931.190000000002,2026-08-03 03:15:00-04:00,25931.190000000002,TP,3.0
2026-08-03,LONG,26018.93,25957.11,2026-08-03 09:47:00-04:00,2026-08-03 09:48:00-04:00,26025.07,25957.11,26228.949999999997,2026-08-04 03:09:00-04:00,26228.949999999997,TP,3.0
2026-08-04,LONG,26242.55,26208.84,2026-08-04 11:38:00-04:00,2026-08-04 11:39:00-04:00,26252.22,26208.84,26382.360000000004,2026-08-04 16:06:00-04:00,26382.360000000004,TP,3.0
2026-08-06,LONG,26174.53,26115.89,2026-08-06 09:54:00-04:00,2026-08-06 09:55:00-04:00,26175.46,26115.89,26354.17,2026-08-07 06:21:00-04:00,26354.17,TP,3.0
2026-08-07,LONG,26392.26,26358.98,2026-08-07 10:35:00-04:00,2026-08-07 10:36:00-04:00,26397.72,26358.98,26513.940000000006,2026-08-07 11:02:00-04:00,26358.98,SL,-1.0
2026-08-10,LONG,26346.65,26315.67,2026-08-10 10:14:00-04:00,2026-08-10 10:15:00-04:00,26347.33,26315.67,26442.310000000012,2026-08-10 12:31:00-04:00,26315.67,SL,-1.0
2026-08-11,LONG,26442.53,26405.94,2026-08-11 09:46:00-04:00,2026-08-11 09:47:00-04:00,26443.33,26405.94,26555.50000000001,2026-08-11 11:23:00-04:00,26405.94,SL,-1.0
2026-08-13,LONG,26400.49,26373.87,2026-08-13 15:24:00-04:00,2026-08-13 15:25:00-04:00,26401.65,26373.87,26484.99000000001,2026-08-14 03:50:00-04:00,26484.99000000001,TP,3.0
2026-08-17,LONG,26415.14,26360.94,2026-08-17 09:55:00-04:00,2026-08-17 09:56:00-04:00,26417.16,26360.94,26585.820000000003,2026-08-17 11:16:00-04:00,26360.94,SL,-1.0
2026-08-19,LONG,26122.6,26088.8,2026-08-19 10:37:00-04:00,2026-08-19 10:38:00-04:00,26127.56,26088.8,26243.840000000007,2026-08-19 11:35:00-04:00,26088.8,SL,-1.0
2026-08-20,LONG,25988.21,25945.43,2026-08-20 09:46:00-04:00,2026-08-20 09:47:00-04:00,25988.23,25945.43,26116.629999999997,2026-08-20 10:03:00-04:00,25945.43,SL,-1.0
2026-08-21,LONG,26137.78,26108.55,2026-08-21 09:58:00-04:00,2026-08-21 09:59:00-04:00,26140.12,26108.55,26234.829999999998,2026-08-21 12:20:00-04:00,26108.55,SL,-1.0
2026-08-24,LONG,26094.48,26039.62,2026-08-24 09:56:00-04:00,2026-08-24 09:57:00-04:00,26096.03,26039.62,26265.26,2026-08-25 04:24:00-04:00,26265.26,TP,3.0
2026-08-25,LONG,26285.84,26249.98,2026-08-25 10:08:00-04:00,2026-08-25 10:09:00-04:00,26286.11,26249.98,26394.500000000004,2026-08-25 10:30:00-04:00,26249.98,SL,-1.0
2026-08-26,LONG,26445.06,26369.13,2026-08-26 09:45:00-04:00,2026-08-26 09:46:00-04:00,26451.97,26369.13,26700.49,2026-08-26 10:22:00-04:00,26369.13,SL,-1.0
2026-08-27,LONG,26366.88,26313.6,2026-08-27 11:41:00-04:00,2026-08-27 11:42:00-04:00,26374.94,26313.6,26558.96,2026-08-28 10:33:00-04:00,26558.96,TP,3.0
2026-08-28,LONG,26544.28,26498.19,2026-08-28 10:34:00-04:00,2026-08-28 10:35:00-04:00,26570.89,26498.19,26788.99,2026-08-30 19:23:00-04:00,26498.19,SL,-1.0
2026-09-03,LONG,25998.89,25955.77,2026-09-03 11:19:00-04:00,2026-09-03 11:20:00-04:00,25999.87,25955.77,26132.169999999995,2026-09-04 03:06:00-04:00,25955.77,SL,-1.0
