entry_time,direction,entry_price,stop,target,exit_time,exit_price,exit_reason,r_multiple,pnl_usd,confirmations
2020-01-28 19:55:00-05:00,SHORT,1.10218,1.1022818370378766,1.10194,2020-01-28 20:15:00-05:00,1.10194,TP,2.357,2356.71,3
2020-02-04 19:15:00-05:00,SHORT,1.10428,1.1043269325519636,1.10395,2020-02-04 19:20:00-05:00,1.1043269325519636,SL,-1.0,-1000.0,3
2020-02-27 02:00:00-05:00,LONG,1.09117,1.0907042077724032,1.09218,2020-02-27 03:00:00-05:00,1.09218,TP,2.168,2168.35,6
2020-03-03 08:40:00-05:00,SHORT,1.11057,1.111469072152129,1.10809,2020-03-03 08:50:00-05:00,1.111469072152129,SL,-1.0,-1000.0,3
2020-03-31 11:00:00-04:00,SHORT,1.09726,1.0986239695648814,1.0942,2020-03-31 11:05:00-04:00,1.0986239695648814,SL,-1.0,-1000.0,4
2020-04-08 11:00:00-04:00,SHORT,1.08611,1.08668473860274,1.08449,2020-04-08 11:10:00-04:00,1.08668473860274,SL,-1.0,-1000.0,3
2020-05-12 00:30:00-04:00,SHORT,1.08005,1.0802470989826338,1.07871,2020-05-12 00:55:00-04:00,1.0802470989826338,SL,-1.0,-1000.0,4
2020-05-20 02:10:00-04:00,LONG,1.09432,1.0940570190705043,1.09533,2020-05-20 02:15:00-04:00,1.0940570190705043,SL,-1.0,-1000.0,6
2020-05-21 07:00:00-04:00,LONG,1.09857,1.0981709583662316,1.09949,2020-05-21 07:10:00-04:00,1.09949,TP,2.306,2305.52,4
2020-05-29 03:40:00-04:00,LONG,1.10948,1.1090282235130113,1.11165,2020-05-29 03:50:00-04:00,1.1090282235130113,SL,-1.0,-1000.0,3
2020-06-01 04:10:00-04:00,LONG,1.1126800000000001,1.1114370595352092,1.11529,2020-06-01 05:45:00-04:00,1.1114370595352092,SL,-1.0,-1000.0,4
2020-06-01 11:15:00-04:00,LONG,1.11239,1.1117493856162504,1.11407,2020-06-01 11:30:00-04:00,1.1117493856162504,SL,-1.0,-1000.0,5
2020-06-11 11:25:00-04:00,LONG,1.13815,1.1373158159944545,1.14028,2020-06-11 11:35:00-04:00,1.1373158159944545,SL,-1.0,-1000.0,3
2020-07-10 08:05:00-04:00,SHORT,1.12787,1.12866614033198,1.1254,2020-07-10 08:35:00-04:00,1.12866614033198,SL,-1.0,-1000.0,6
2020-07-12 18:05:00-04:00,LONG,1.13075,1.130541168874652,1.13181,2020-07-12 20:00:00-04:00,1.130541168874652,SL,-1.0,-1000.0,5
2020-07-14 20:25:00-04:00,LONG,1.1412,1.1408081532019765,1.14243,2020-07-14 22:00:00-04:00,1.1408081532019765,SL,-1.0,-1000.0,4
2020-08-09 18:35:00-04:00,SHORT,1.17785,1.1780519189505574,1.17655,2020-08-09 18:40:00-04:00,1.1780519189505574,SL,-1.0,-1000.0,3
2020-08-14 13:05:00-04:00,LONG,1.1848,1.184350659921791,1.18632,2020-08-14 13:25:00-04:00,1.184350659921791,SL,-1.0,-1000.0,6
2020-08-16 17:35:00-04:00,LONG,1.18405,1.183654048012352,1.18495,2020-08-16 17:40:00-04:00,1.183654048012352,SL,-1.0,-1000.0,4
2020-08-16 17:45:00-04:00,LONG,1.1836,1.1831283245616708,1.18495,2020-08-16 19:35:00-04:00,1.18495,TP,2.862,2862.14,5
2020-08-25 17:15:00-04:00,LONG,1.18333,1.183067826789928,1.18429,2020-08-25 17:40:00-04:00,1.183067826789928,SL,-1.0,-1000.0,3
2020-08-26 21:20:00-04:00,LONG,1.18339,1.1832210323701975,1.18725,2020-08-26 21:25:00-04:00,1.1832210323701975,SL,-1.0,-1000.0,3
2020-09-08 02:15:00-04:00,SHORT,1.18168,1.1821757472217778,1.17969,2020-09-08 05:50:00-04:00,1.17969,TP,4.014,4014.14,4
2020-09-17 14:00:00-04:00,LONG,1.18317,1.1829440568938612,1.18383,2020-09-17 14:10:00-04:00,1.18383,TP,2.921,2921.09,4
2020-09-21 20:55:00-04:00,SHORT,1.1767400000000001,1.1769421789940593,1.17548,2020-09-21 21:15:00-04:00,1.17548,TP,6.232,6232.1,4
2020-10-02 01:20:00-04:00,SHORT,1.17127,1.1718847562184966,1.16836,2020-10-02 01:35:00-04:00,1.1718847562184966,SL,-1.0,-1000.0,3
2020-10-23 03:20:00-04:00,SHORT,1.1804000000000001,1.1807466368017034,1.17908,2020-10-23 03:30:00-04:00,1.1807466368017034,SL,-1.0,-1000.0,5
2020-11-05 19:05:00-05:00,LONG,1.18272,1.1817696312103647,1.18588,2020-11-05 19:30:00-05:00,1.1817696312103647,SL,-1.0,-1000.0,4
2020-11-16 03:45:00-05:00,LONG,1.18652,1.1862659725892544,1.19191,2020-11-16 03:50:00-05:00,1.1862659725892544,SL,-1.0,-1000.0,4
2020-12-02 14:40:00-05:00,LONG,1.20953,1.2093135804763777,1.21076,2020-12-02 16:20:00-05:00,1.21076,TP,5.683,5683.41,3
2020-12-07 20:05:00-05:00,SHORT,1.21072,1.2109129960186835,1.21026,2020-12-07 20:25:00-05:00,1.2109129960186835,SL,-1.0,-1000.0,5
2021-01-29 11:15:00-05:00,LONG,1.21357,1.2127491351701745,1.21549,2021-01-29 13:15:00-05:00,1.2127491351701745,SL,-1.0,-1000.0,3
2021-02-03 07:40:00-05:00,SHORT,1.20176,1.2022778161674166,1.1983,2021-02-03 09:10:00-05:00,1.2022778161674166,SL,-1.0,-1000.0,3
2021-02-04 20:15:00-05:00,SHORT,1.19644,1.196660996611373,1.19575,2021-02-04 20:30:00-05:00,1.196660996611373,SL,-1.0,-1000.0,3
2021-02-04 20:30:00-05:00,SHORT,1.19663,1.1968391898889166,1.19614,2021-02-04 20:40:00-05:00,1.1968391898889166,SL,-1.0,-1000.0,3
2021-02-12 01:05:00-05:00,SHORT,1.21265,1.2127662330161906,1.21211,2021-02-12 02:10:00-05:00,1.21211,TP,4.646,4645.84,3
2021-03-16 20:40:00-04:00,SHORT,1.19029,1.1904605244846729,1.18992,2021-03-16 20:55:00-04:00,1.18992,TP,2.17,2169.78,4
2021-05-12 08:45:00-04:00,SHORT,1.21097,1.2124318092940416,1.20572,2021-05-12 08:50:00-04:00,1.2124318092940416,SL,-1.0,-1000.0,3
2021-05-18 21:00:00-04:00,LONG,1.22245,1.2220720414898958,1.22329,2021-05-18 21:20:00-04:00,1.2220720414898958,SL,-1.0,-1000.0,4
2021-05-24 20:25:00-04:00,LONG,1.22152,1.2212799946246784,1.22291,2021-05-24 21:30:00-04:00,1.22291,TP,5.792,5791.54,3
2021-06-22 08:05:00-04:00,SHORT,1.18924,1.1896482727254378,1.188,2021-06-22 08:15:00-04:00,1.1896482727254378,SL,-1.0,-1000.0,4
2021-07-07 01:25:00-04:00,SHORT,1.18248,1.1826048782906793,1.18178,2021-07-07 01:35:00-04:00,1.1826048782906793,SL,-1.0,-1000.0,3
2021-07-08 08:35:00-04:00,LONG,1.18454,1.1834281035869112,1.18941,2021-07-08 14:30:00-04:00,1.1834281035869112,SL,-1.0,-1000.0,6
2021-07-20 02:20:00-04:00,SHORT,1.1779600000000001,1.1783497318356482,1.1763,2021-07-20 02:30:00-04:00,1.1783497318356482,SL,-1.0,-1000.0,6
2021-08-03 17:10:00-04:00,SHORT,1.18602,1.1863047050993794,1.18527,2021-08-03 17:55:00-04:00,1.1863047050993794,SL,-1.0,-1000.0,4
2021-08-09 02:10:00-04:00,SHORT,1.17616,1.176513591941861,1.17522,2021-08-09 02:35:00-04:00,1.176513591941861,SL,-1.0,-1000.0,5
2021-08-19 02:15:00-04:00,SHORT,1.16741,1.1677076598424825,1.16648,2021-08-19 02:30:00-04:00,1.1677076598424825,SL,-1.0,-1000.0,3
2021-08-27 06:35:00-04:00,SHORT,1.17554,1.1756534992001522,1.17487,2021-08-27 06:40:00-04:00,1.1756534992001522,SL,-1.0,-1000.0,4
2021-09-02 02:15:00-04:00,LONG,1.18418,1.184011143683707,1.18465,2021-09-02 02:20:00-04:00,1.184011143683707,SL,-1.0,-1000.0,3
2021-09-07 00:50:00-04:00,LONG,1.18764,1.1875147254562217,1.18818,2021-09-07 00:55:00-04:00,1.1875147254562217,SL,-1.0,-1000.0,3
2021-11-01 04:00:00-04:00,LONG,1.15655,1.1558071608752472,1.16348,2021-11-04 04:05:00-04:00,1.1558071608752472,SL,-1.0,-1000.0,4
2021-11-10 08:35:00-05:00,SHORT,1.15414,1.1548451293066304,1.1515900000000001,2021-11-10 08:40:00-05:00,1.1548451293066304,SL,-1.0,-1000.0,5
2021-11-10 08:50:00-05:00,SHORT,1.1553200000000001,1.1564834825388728,1.1515900000000001,2021-11-10 09:00:00-05:00,1.1564834825388728,SL,-1.0,-1000.0,3
2021-11-22 09:55:00-05:00,LONG,1.1257,1.1249878561739375,1.12798,2021-11-22 10:00:00-05:00,1.1249878561739375,SL,-1.0,-1000.0,4
2021-11-24 04:20:00-05:00,SHORT,1.12328,1.1235819505430884,1.12187,2021-11-24 04:45:00-05:00,1.12187,TP,4.67,4669.64,3
2021-12-10 08:50:00-05:00,SHORT,1.12836,1.1290580308717062,1.12657,2021-12-10 08:55:00-05:00,1.1290580308717062,SL,-1.0,-1000.0,3
2021-12-29 17:35:00-05:00,LONG,1.13461,1.1344639764298294,1.13499,2021-12-29 17:55:00-05:00,1.1344639764298294,SL,-1.0,-1000.0,4
2022-01-27 08:55:00-05:00,SHORT,1.11486,1.1157546844532078,1.11156,2022-01-27 09:35:00-05:00,1.1157546844532078,SL,-1.0,-1000.0,3
2022-02-09 05:25:00-05:00,LONG,1.14344,1.1430224658963963,1.14478,2022-02-09 06:45:00-05:00,1.1430224658963963,SL,-1.0,-1000.0,4
2022-02-10 19:35:00-05:00,SHORT,1.139,1.1394924714674584,1.13738,2022-02-10 19:50:00-05:00,1.1394924714674584,SL,-1.0,-1000.0,3
2022-02-16 02:45:00-05:00,LONG,1.13747,1.1370570080707862,1.13984,2022-02-16 04:55:00-05:00,1.1370570080707862,SL,-1.0,-1000.0,4
2022-03-10 17:10:00-05:00,SHORT,1.09834,1.0987522346516025,1.09624,2022-03-10 17:30:00-05:00,1.0987522346516025,SL,-1.0,-1000.0,4
2022-03-27 17:50:00-04:00,SHORT,1.09792,1.0984746785929584,1.09648,2022-03-27 21:15:00-04:00,1.09648,TP,2.596,2596.1,4
2022-04-05 19:35:00-04:00,SHORT,1.09052,1.090645557707094,1.09006,2022-04-05 20:05:00-04:00,1.09006,TP,3.664,3663.65,3
2022-04-18 19:25:00-04:00,SHORT,1.07797,1.0781222322147472,1.07722,2022-04-18 20:00:00-04:00,1.0781222322147472,SL,-1.0,-1000.0,3
2022-05-04 14:20:00-04:00,LONG,1.05496,1.0542198163200527,1.05765,2022-05-04 14:30:00-04:00,1.0542198163200527,SL,-1.0,-1000.0,3
2022-06-01 20:10:00-04:00,SHORT,1.0648,1.064954868310055,1.0644,2022-06-01 20:15:00-04:00,1.064954868310055,SL,-1.0,-1000.0,3
2022-06-01 23:05:00-04:00,SHORT,1.06505,1.0654291201754578,1.06363,2022-06-01 23:25:00-04:00,1.0654291201754578,SL,-1.0,-1000.0,3
2022-07-20 01:35:00-04:00,LONG,1.02376,1.0235767451412547,1.02474,2022-07-20 01:40:00-04:00,1.0235767451412547,SL,-1.0,-1000.0,3
2022-07-25 03:30:00-04:00,SHORT,1.02014,1.0208187202581733,1.01802,2022-07-25 04:00:00-04:00,1.01802,TP,3.124,3123.53,3
2022-07-25 20:35:00-04:00,LONG,1.02282,1.0223704523671497,1.02508,2022-07-26 00:40:00-04:00,1.0223704523671497,SL,-1.0,-1000.0,5
2022-08-15 18:40:00-04:00,SHORT,1.01634,1.0165683859950905,1.01506,2022-08-15 20:35:00-04:00,1.01506,TP,5.605,5604.55,3
2022-08-18 21:50:00-04:00,SHORT,1.00748,1.0078445445016324,1.00402,2022-08-18 22:00:00-04:00,1.0078445445016324,SL,-1.0,-1000.0,3
2022-09-14 17:05:00-04:00,SHORT,0.99742,0.9976336979886901,0.99684,2022-09-14 17:15:00-04:00,0.9976336979886901,SL,-1.0,-1000.0,3
2022-09-20 21:00:00-04:00,SHORT,0.99611,0.996396392530631,0.99541,2022-09-20 21:15:00-04:00,0.996396392530631,SL,-1.0,-1000.0,4
2022-09-21 14:25:00-04:00,SHORT,0.98441,0.9857343137906582,0.98114,2022-09-21 14:30:00-04:00,0.9857343137906582,SL,-1.0,-1000.0,4
2022-09-29 19:45:00-04:00,LONG,0.98314,0.9825751847572397,0.98428,2022-09-29 20:00:00-04:00,0.9825751847572397,SL,-1.0,-1000.0,4
2022-10-09 18:10:00-04:00,SHORT,0.97351,0.9739114030182874,0.97251,2022-10-09 20:30:00-04:00,0.97251,TP,2.491,2491.26,4
2022-10-12 00:25:00-04:00,SHORT,0.97134,0.9718227882421003,0.96926,2022-10-12 00:50:00-04:00,0.9718227882421003,SL,-1.0,-1000.0,4
2022-10-17 18:15:00-04:00,LONG,0.98389,0.9835424096414275,0.98476,2022-10-17 20:00:00-04:00,0.98476,TP,2.503,2502.95,5
2022-10-17 23:50:00-04:00,LONG,0.98409,0.9837766805079697,0.98503,2022-10-18 00:00:00-04:00,0.98503,TP,3.0,3000.13,4
2022-11-14 08:10:00-05:00,LONG,1.03181,1.0313095239922847,1.03477,2022-11-14 08:45:00-05:00,1.0313095239922847,SL,-1.0,-1000.0,3
2022-11-22 20:25:00-05:00,LONG,1.0302,1.029918306249517,1.03204,2022-11-22 21:55:00-05:00,1.03204,TP,6.532,6531.92,6
2022-12-07 02:35:00-05:00,SHORT,1.04597,1.046342708804332,1.04272,2022-12-07 02:40:00-05:00,1.046342708804332,SL,-1.0,-1000.0,3
2023-01-02 04:25:00-05:00,LONG,1.06826,1.0678772598991055,1.06986,2023-01-02 04:45:00-05:00,1.0678772598991055,SL,-1.0,-1000.0,3
2023-01-19 20:35:00-05:00,LONG,1.08372,1.0834378875073836,1.08865,2023-01-19 20:50:00-05:00,1.0834378875073836,SL,-1.0,-1000.0,4
2023-01-22 19:05:00-05:00,LONG,1.08695,1.0866714172052576,1.08865,2023-01-22 19:25:00-05:00,1.0866714172052576,SL,-1.0,-1000.0,3
2023-01-27 03:35:00-05:00,SHORT,1.08816,1.0886530561471701,1.08648,2023-01-27 03:45:00-05:00,1.0886530561471701,SL,-1.0,-1000.0,3
2023-01-31 08:50:00-05:00,SHORT,1.08508,1.0856222662799393,1.08247,2023-01-31 09:00:00-05:00,1.0856222662799393,SL,-1.0,-1000.0,4
2023-02-02 02:25:00-05:00,LONG,1.10028,1.0997890399031585,1.10241,2023-02-02 02:40:00-05:00,1.0997890399031585,SL,-1.0,-1000.0,3
2023-02-14 02:25:00-05:00,LONG,1.07351,1.0732133890828135,1.07459,2023-02-14 02:40:00-05:00,1.0732133890828135,SL,-1.0,-1000.0,4
2023-02-17 00:00:00-05:00,SHORT,1.06372,1.0640235544196923,1.06286,2023-02-17 02:35:00-05:00,1.0640235544196923,SL,-1.0,-1000.0,3
2023-03-07 02:15:00-05:00,LONG,1.06835,1.068102620538031,1.06914,2023-03-07 02:35:00-05:00,1.06914,TP,3.193,3193.47,3
2023-03-29 00:25:00-04:00,LONG,1.08418,1.0840660165697302,1.08454,2023-03-29 00:35:00-04:00,1.0840660165697302,SL,-1.0,-1000.0,4
2023-04-10 09:45:00-04:00,SHORT,1.08427,1.0848354051045992,1.083,2023-04-10 12:35:00-04:00,1.0848354051045992,SL,-1.0,-1000.0,3
2023-04-12 02:15:00-04:00,LONG,1.09259,1.0922923144373575,1.09368,2023-04-12 02:20:00-04:00,1.0922923144373575,SL,-1.0,-1000.0,3
2023-04-19 10:15:00-04:00,LONG,1.09728,1.0968473945261097,1.09832,2023-04-19 10:20:00-04:00,1.0968473945261097,SL,-1.0,-1000.0,4
2023-04-26 21:50:00-04:00,LONG,1.10445,1.104206401736784,1.1056,2023-04-26 22:05:00-04:00,1.104206401736784,SL,-1.0,-1000.0,4
2023-04-27 02:45:00-04:00,LONG,1.10532,1.104975964832347,1.10626,2023-04-27 03:05:00-04:00,1.104975964832347,SL,-1.0,-1000.0,3
2023-05-02 10:05:00-04:00,SHORT,1.09598,1.0969774408142574,1.09376,2023-05-02 10:30:00-04:00,1.0969774408142574,SL,-1.0,-1000.0,4
2023-05-29 03:40:00-04:00,LONG,1.07294,1.0727716981892566,1.07427,2023-05-29 03:50:00-04:00,1.0727716981892566,SL,-1.0,-1000.0,6
2023-06-01 03:20:00-04:00,LONG,1.06746,1.0671006889444852,1.06909,2023-06-01 03:30:00-04:00,1.0671006889444852,SL,-1.0,-1000.0,3
2023-06-22 02:15:00-04:00,LONG,1.09843,1.0981979042731964,1.09899,2023-06-22 02:20:00-04:00,1.0981979042731964,SL,-1.0,-1000.0,4
2023-06-23 02:10:00-04:00,SHORT,1.09288,1.0931759982495077,1.09097,2023-06-23 03:15:00-04:00,1.09097,TP,6.453,6452.74,4
2023-07-21 08:05:00-04:00,SHORT,1.11215,1.1125683942918974,1.11096,2023-07-21 08:20:00-04:00,1.1125683942918974,SL,-1.0,-1000.0,5
2023-07-25 20:15:00-04:00,SHORT,1.10456,1.1047701499892508,1.10346,2023-07-25 23:35:00-04:00,1.1047701499892508,SL,-1.0,-1000.0,5
2023-08-14 21:50:00-04:00,SHORT,1.09106,1.0915237420770587,1.08739,2023-08-14 22:35:00-04:00,1.0915237420770587,SL,-1.0,-1000.0,5
2023-08-23 03:05:00-04:00,LONG,1.08592,1.0857026050439247,1.08899,2023-08-23 03:30:00-04:00,1.0857026050439247,SL,-1.0,-1000.0,3
2023-10-02 03:20:00-04:00,LONG,1.05822,1.0577422864540194,1.0592,2023-10-02 03:35:00-04:00,1.0577422864540194,SL,-1.0,-1000.0,5
2023-10-03 20:55:00-04:00,SHORT,1.04706,1.0472279854720246,1.04647,2023-10-03 21:30:00-04:00,1.04647,TP,3.512,3512.21,3
2023-10-11 20:20:00-04:00,LONG,1.06221,1.062056532039504,1.06287,2023-10-11 20:35:00-04:00,1.062056532039504,SL,-1.0,-1000.0,3
2024-01-16 11:05:00-05:00,SHORT,1.08737,1.08808112889984,1.0779,2024-01-16 11:10:00-05:00,1.08808112889984,SL,-1.0,-1000.0,3
2024-02-18 18:15:00-05:00,LONG,1.07793,1.0778025806178497,1.07865,2024-02-18 19:10:00-05:00,1.07865,TP,5.651,5650.63,4
2024-02-29 04:15:00-05:00,LONG,1.08472,1.0843360528962271,1.08559,2024-02-29 04:35:00-05:00,1.0843360528962271,SL,-1.0,-1000.0,3
2024-03-01 09:25:00-05:00,SHORT,1.0812599999999999,1.0814889469035371,1.08069,2024-03-01 09:35:00-05:00,1.0814889469035371,SL,-1.0,-1000.0,3
2024-03-01 09:35:00-05:00,SHORT,1.08137,1.081709336870907,1.08069,2024-03-01 09:45:00-05:00,1.08069,TP,2.004,2003.91,3
2024-03-05 08:50:00-05:00,SHORT,1.0846,1.0848158648242463,1.08408,2024-03-05 09:00:00-05:00,1.0848158648242463,SL,-1.0,-1000.0,3
2024-03-13 21:20:00-04:00,LONG,1.09467,1.094549265248606,1.0954,2024-03-13 21:30:00-04:00,1.094549265248606,SL,-1.0,-1000.0,3
2024-03-18 04:40:00-04:00,LONG,1.08926,1.0889923079602362,1.0899,2024-03-18 05:35:00-04:00,1.0899,TP,2.391,2390.81,4
2024-05-03 02:45:00-04:00,LONG,1.07329,1.0731343490996283,1.07371,2024-05-03 02:50:00-04:00,1.0731343490996283,SL,-1.0,-1000.0,4
2024-05-03 02:50:00-04:00,LONG,1.07322,1.0730042170210836,1.07371,2024-05-03 02:55:00-04:00,1.0730042170210836,SL,-1.0,-1000.0,3
2024-07-02 10:20:00-04:00,SHORT,1.07267,1.0732348125025541,1.07091,2024-07-02 10:30:00-04:00,1.0732348125025541,SL,-1.0,-1000.0,3
2024-07-11 19:35:00-04:00,LONG,1.0865,1.0863768292386826,1.088,2024-07-11 21:55:00-04:00,1.0863768292386826,SL,-1.0,-1000.0,4
2024-08-14 08:45:00-04:00,LONG,1.10173,1.1010292270406805,1.10372,2024-08-14 09:05:00-04:00,1.10372,TP,2.84,2839.72,3
2024-09-23 02:25:00-04:00,LONG,1.11575,1.1153800315426716,1.11664,2024-09-23 03:00:00-04:00,1.1153800315426716,SL,-1.0,-1000.0,3
2024-10-13 20:25:00-04:00,SHORT,1.09215,1.0923570258589996,1.09144,2024-10-13 21:35:00-04:00,1.0923570258589996,SL,-1.0,-1000.0,3
2024-11-13 08:55:00-05:00,LONG,1.06358,1.062992038857243,1.06527,2024-11-13 09:00:00-05:00,1.062992038857243,SL,-1.0,-1000.0,3
2024-12-12 20:35:00-05:00,SHORT,1.04649,1.0466449561957258,1.046,2024-12-12 20:40:00-05:00,1.0466449561957258,SL,-1.0,-1000.0,4
2025-03-04 16:40:00-05:00,LONG,1.06196,1.061535007147238,1.0629,2025-03-04 18:05:00-05:00,1.0629,TP,2.212,2211.8,3
2025-04-17 01:10:00-04:00,SHORT,1.13664,1.1371054307759576,1.13546,2025-04-17 01:35:00-04:00,1.13546,TP,2.535,2535.29,3
2025-05-25 20:10:00-04:00,LONG,1.13769,1.137291894817082,1.1388,2025-05-25 20:20:00-04:00,1.1388,TP,2.788,2788.21,4
2025-07-14 12:00:00-04:00,SHORT,1.16703,1.1675793990335426,1.16536,2025-07-14 20:25:00-04:00,1.1675793990335426,SL,-1.0,-1000.0,3
2025-07-25 09:20:00-04:00,SHORT,1.17225,1.1731321490714202,1.16778,2025-07-25 10:15:00-04:00,1.1731321490714202,SL,-1.0,-1000.0,3
2025-08-07 04:20:00-04:00,LONG,1.16779,1.1673689229004376,1.17253,2025-08-07 05:35:00-04:00,1.1673689229004376,SL,-1.0,-1000.0,3
2025-08-11 20:40:00-04:00,SHORT,1.16168,1.1618486983719876,1.1610800000000001,2025-08-11 21:05:00-04:00,1.1618486983719876,SL,-1.0,-1000.0,4
2025-08-12 20:55:00-04:00,LONG,1.16788,1.1675818354314347,1.16852,2025-08-12 21:10:00-04:00,1.16852,TP,2.146,2146.47,3
2025-08-28 09:00:00-04:00,LONG,1.16675,1.1660036150083142,1.17047,2025-08-28 09:05:00-04:00,1.1660036150083142,SL,-1.0,-1000.0,3
2025-09-15 03:55:00-04:00,SHORT,1.17325,1.173506031928498,1.17151,2025-09-15 04:15:00-04:00,1.173506031928498,SL,-1.0,-1000.0,3
2025-09-24 06:15:00-04:00,SHORT,1.1757,1.1761269404265353,1.17459,2025-09-24 06:30:00-04:00,1.1761269404265353,SL,-1.0,-1000.0,4
2025-09-29 08:10:00-04:00,LONG,1.17241,1.171818309402282,1.17448,2025-09-29 08:25:00-04:00,1.171818309402282,SL,-1.0,-1000.0,5
2025-10-09 09:50:00-04:00,SHORT,1.16011,1.1606025532977466,1.1581,2025-10-09 10:25:00-04:00,1.1581,TP,4.081,4080.78,6
2025-10-12 17:30:00-04:00,LONG,1.16082,1.1603990682839707,1.16246,2025-10-12 18:00:00-04:00,1.1603990682839707,SL,-1.0,-1000.0,3
2025-12-18 02:25:00-05:00,LONG,1.17429,1.1739968676844053,1.1755,2025-12-18 02:40:00-05:00,1.1739968676844053,SL,-1.0,-1000.0,4
2025-12-31 08:40:00-05:00,SHORT,1.17443,1.1747324586918066,1.17276,2025-12-31 09:50:00-05:00,1.17276,TP,5.521,5521.42,4
2026-01-15 01:35:00-05:00,SHORT,1.16326,1.1634627671664777,1.1621,2026-01-15 02:00:00-05:00,1.1634627671664777,SL,-1.0,-1000.0,5
2026-01-19 20:20:00-05:00,LONG,1.16397,1.1638259311417223,1.1646,2026-01-19 20:30:00-05:00,1.1638259311417223,SL,-1.0,-1000.0,3
2026-03-16 02:30:00-04:00,SHORT,1.14286,1.1431105442860472,1.14084,2026-03-16 03:00:00-04:00,1.1431105442860472,SL,-1.0,-1000.0,4
2026-03-18 07:45:00-04:00,LONG,1.15415,1.153580896594468,1.15547,2026-03-18 08:05:00-04:00,1.153580896594468,SL,-1.0,-1000.0,3
2026-04-01 08:50:00-04:00,LONG,1.16062,1.1600203111155247,1.16296,2026-04-01 09:00:00-04:00,1.1600203111155247,SL,-1.0,-1000.0,6
2026-04-03 02:05:00-04:00,LONG,1.15377,1.1535385390109916,1.15438,2026-04-03 02:25:00-04:00,1.1535385390109916,SL,-1.0,-1000.0,4
2026-04-15 01:35:00-04:00,LONG,1.17911,1.1787382958367612,1.1801300000000001,2026-04-15 02:20:00-04:00,1.1787382958367612,SL,-1.0,-1000.0,4
2026-04-17 01:50:00-04:00,SHORT,1.17817,1.178283045469664,1.17787,2026-04-17 01:55:00-04:00,1.178283045469664,SL,-1.0,-1000.0,3
2026-05-04 21:40:00-04:00,SHORT,1.16844,1.1686376601355326,1.16723,2026-05-04 21:50:00-04:00,1.1686376601355326,SL,-1.0,-1000.0,3
2026-06-01 03:05:00-04:00,LONG,1.16597,1.165514534856462,1.1669,2026-06-01 03:20:00-04:00,1.165514534856462,SL,-1.0,-1000.0,4
2026-07-08 09:10:00-04:00,SHORT,1.13999,1.1403661597530839,1.13921,2026-07-08 09:25:00-04:00,1.1403661597530839,SL,-1.0,-1000.0,3
