entry_time,direction,daily_bias,sweep_kind,entry_price,sl,tp1,tp2,tp3,of_score,leg1_exit_time,leg1_exit_price,leg1_exit_reason,leg2_exit_time,leg2_exit_price,leg2_exit_reason,r_multiple,pnl_usd
2022-07-14 03:15:00-04:00,SHORT,Bearish,Trendline,11674.3,11689.520523625659,11631.6,11569.3,11493.2,2,2022-07-14 03:25:00-04:00,11689.520523625659,SL,2022-07-14 03:25:00-04:00,11689.520523625659,SL,-1.0,-1000.0
2022-07-27 21:40:00-04:00,LONG,Bullish,Trendline,12531.7,12528.588325405435,12543.8,12561.6,12568.0,2,2022-07-27 21:55:00-04:00,12543.8,TP1,2022-07-28 03:00:00-04:00,12531.7,SL_BE,1.944,1944.29
2022-09-20 02:40:00-04:00,LONG,Bullish,SessionLow,11969.9,11965.464507168434,11995.1,12019.8,,2,2022-09-20 03:05:00-04:00,11995.1,TP1,2022-09-20 03:35:00-04:00,11969.9,SL_BE,2.841,2840.72
2022-09-21 01:50:00-04:00,SHORT,Bearish,SessionHigh,11874.7,11880.915000900523,11854.6,11854.45,11854.3,2,2022-09-21 01:55:00-04:00,11854.6,TP1,2022-09-21 01:55:00-04:00,11854.45,TP2,3.246,3246.18
2022-09-27 20:00:00-04:00,SHORT,Bearish,Trendline,11302.3,11310.14698960075,11281.3,11270.8,11219.2,2,2022-09-27 20:05:00-04:00,11310.14698960075,SL,2022-09-27 20:05:00-04:00,11310.14698960075,SL,-1.0,-1000.0
2022-10-03 03:05:00-04:00,LONG,Bullish,Trendline,10946.7,10927.984128068165,11001.9,11088.2,11102.4,2,2022-10-03 03:10:00-04:00,10927.984128068165,SL,2022-10-03 03:10:00-04:00,10927.984128068165,SL,-1.0,-1000.0
2022-10-13 03:20:00-04:00,SHORT,Bearish,Trendline,10788.4,10802.435406313198,10750.1,10713.3,,2,2022-10-13 04:40:00-04:00,10802.435406313198,SL,2022-10-13 04:40:00-04:00,10802.435406313198,SL,-1.0,-1000.0
2022-10-14 03:10:00-04:00,LONG,Bullish,Trendline,11086.9,11079.204474130749,11129.7,11130.75,11131.8,2,2022-10-14 03:15:00-04:00,11079.204474130749,SL,2022-10-14 03:15:00-04:00,11079.204474130749,SL,-1.0,-1000.0
2022-10-18 22:15:00-04:00,LONG,Bullish,Trendline,11300.0,11287.598806798116,11327.4,11332.0,11378.6,2,2022-10-18 22:30:00-04:00,11287.598806798116,SL,2022-10-18 22:30:00-04:00,11287.598806798116,SL,-1.0,-1000.0
2022-10-26 16:45:00-04:00,SHORT,Bearish,Trendline,11429.1,11438.48995355745,11369.1,11329.0,11300.2,2,2022-10-26 16:55:00-04:00,11438.48995355745,SL,2022-10-26 16:55:00-04:00,11438.48995355745,SL,-1.0,-1000.0
2022-10-28 04:50:00-04:00,SHORT,Bearish,Trendline,11076.6,11081.673769932715,11049.0,11019.8,10884.7,2,2022-10-28 05:05:00-04:00,11049.0,TP1,2022-10-28 06:00:00-04:00,11076.6,SL_BE,2.72,2719.87
2022-11-10 03:05:00-05:00,SHORT,Bearish,Trendline,10837.7,10848.130578683715,10806.2,10805.85,10805.5,2,2022-11-10 03:35:00-05:00,10848.130578683715,SL,2022-11-10 03:35:00-05:00,10848.130578683715,SL,-1.0,-1000.0
2022-12-27 02:50:00-05:00,SHORT,Neutral,Trendline,11065.6,11071.699346357625,11050.6,10944.4,10926.0,2,2022-12-27 03:00:00-05:00,11071.699346357625,SL,2022-12-27 03:00:00-05:00,11071.699346357625,SL,-1.0,-1000.0
2023-01-24 10:55:00-05:00,SHORT,Bearish,SessionHigh,11869.5,11893.08049000995,11796.3,11777.0,11775.75,2,2023-01-24 16:00:00-05:00,11893.08049000995,SL,2023-01-24 16:00:00-05:00,11893.08049000995,SL,-1.0,-1000.0
2023-02-14 08:00:00-05:00,LONG,Bullish,Trendline,12540.4,12531.240361234211,12639.2,,,2,2023-02-14 08:05:00-05:00,12531.240361234211,SL,2023-02-14 08:05:00-05:00,12531.240361234211,SL,-1.0,-1000.0
2023-02-22 14:05:00-05:00,LONG,Bullish,Trendline,12129.9,12107.922188310811,12181.13,12195.6,12252.7,2,2023-02-22 14:10:00-05:00,12107.922188310811,SL,2023-02-22 14:10:00-05:00,12107.922188310811,SL,-1.0,-1000.0
2023-03-01 03:30:00-05:00,LONG,Bullish,Trendline,12070.1,12062.433443340504,12092.7,12116.4,12128.8,2,2023-03-01 03:45:00-05:00,12062.433443340504,SL,2023-03-01 03:45:00-05:00,12062.433443340504,SL,-1.0,-1000.0
2023-04-12 03:40:00-04:00,SHORT,Bearish,Trendline,12946.1,12954.964570511349,12906.5,12856.2,12842.8,2,2023-04-12 04:00:00-04:00,12954.964570511349,SL,2023-04-12 04:00:00-04:00,12954.964570511349,SL,-1.0,-1000.0
2023-04-14 02:10:00-04:00,SHORT,Neutral,Trendline,13091.8,13094.138981840468,13081.4,13075.0,13027.6,2,2023-04-14 02:15:00-04:00,13094.138981840468,SL,2023-04-14 02:15:00-04:00,13094.138981840468,SL,-1.0,-1000.0
2023-05-02 01:20:00-04:00,SHORT,Bearish,SessionHigh,13229.5,13231.993555035531,13221.3,13218.0,13217.1,2,2023-05-02 01:25:00-04:00,13231.993555035531,SL,2023-05-02 01:25:00-04:00,13231.993555035531,SL,-1.0,-1000.0
2023-05-02 03:40:00-04:00,LONG,Bullish,Trendline,13234.2,13228.852703076267,13259.2,13286.7,13289.4,2,2023-05-02 04:00:00-04:00,13228.852703076267,SL,2023-05-02 04:00:00-04:00,13228.852703076267,SL,-1.0,-1000.0
2023-05-26 03:20:00-04:00,LONG,Bullish,Trendline,13926.8,13923.236923257622,13951.2,13983.1,13990.2,2,2023-05-26 03:25:00-04:00,13923.236923257622,SL,2023-05-26 03:25:00-04:00,13923.236923257622,SL,-1.0,-1000.0
2023-06-01 20:30:00-04:00,LONG,Bullish,Trendline,14447.3,14443.93123707453,14458.3,14461.6,14465.3,2,2023-06-01 21:00:00-04:00,14443.93123707453,SL,2023-06-01 21:00:00-04:00,14443.93123707453,SL,-1.0,-1000.0
2023-06-08 03:20:00-04:00,SHORT,Bearish,Trendline,14249.1,14253.64078275916,14237.2,14232.0,,2,2023-06-08 03:25:00-04:00,14253.64078275916,SL,2023-06-08 03:25:00-04:00,14253.64078275916,SL,-1.0,-1000.0
2023-07-04 10:20:00-04:00,LONG,Bullish,Trendline,15201.0,15197.985975358399,15212.8,15215.0,15234.9,2,2023-07-04 10:25:00-04:00,15197.985975358399,SL,2023-07-04 10:25:00-04:00,15197.985975358399,SL,-1.0,-1000.0
2023-07-14 02:25:00-04:00,LONG,Bullish,SessionLow,15578.8,15576.490081175833,15594.1,15602.7,,2,2023-07-14 02:35:00-04:00,15576.490081175833,SL,2023-07-14 02:35:00-04:00,15576.490081175833,SL,-1.0,-1000.0
2023-07-24 02:00:00-04:00,LONG,Bullish,SessionLow,15429.1,15422.767131313827,15445.0,15447.0,15453.4,2,2023-07-24 02:05:00-04:00,15422.767131313827,SL,2023-07-24 02:05:00-04:00,15422.767131313827,SL,-1.0,-1000.0
2023-07-25 06:50:00-04:00,LONG,Bullish,Trendline,15491.1,15479.177071036973,15515.0,15538.2,15600.8,2,2023-07-25 09:15:00-04:00,15479.177071036973,SL,2023-07-25 09:15:00-04:00,15479.177071036973,SL,-1.0,-1000.0
2023-07-28 09:10:00-04:00,LONG,Bullish,Trendline,15626.5,15617.673111610007,15749.9,15795.1,,2,2023-07-28 09:30:00-04:00,15617.673111610007,SL,2023-07-28 09:30:00-04:00,15617.673111610007,SL,-1.0,-1000.0
2023-08-01 10:30:00-04:00,SHORT,Bearish,Trendline,15696.6,15719.383991095034,15630.9,,,2,2023-08-01 10:40:00-04:00,15719.383991095034,SL,2023-08-01 10:40:00-04:00,15719.383991095034,SL,-1.0,-1000.0
2023-08-02 20:25:00-04:00,SHORT,Bearish,Trendline,15392.8,15408.454192064297,15352.7,15341.1,15321.8,2,2023-08-02 21:30:00-04:00,15408.454192064297,SL,2023-08-02 21:30:00-04:00,15408.454192064297,SL,-1.0,-1000.0
2023-08-09 22:15:00-04:00,SHORT,Bearish,Trendline,15157.8,15161.77605963638,15136.3,15130.6,15120.7,2,2023-08-09 22:25:00-04:00,15161.77605963638,SL,2023-08-09 22:25:00-04:00,15161.77605963638,SL,-1.0,-1000.0
2023-08-30 21:25:00-04:00,LONG,Bullish,Trendline,15464.4,15461.12853514964,15477.2,15481.2,15483.6,2,2023-08-30 22:20:00-04:00,15477.2,TP1,2023-08-30 22:20:00-04:00,15481.2,TP2,4.524,4523.97
2023-09-06 02:05:00-04:00,SHORT,Neutral,Trendline,15484.0,15488.20328611592,15467.3,15465.4,15449.2,2,2023-09-06 02:45:00-04:00,15467.3,TP1,2023-09-06 02:55:00-04:00,15465.4,TP2,4.199,4199.1
2023-09-07 01:55:00-04:00,SHORT,Bearish,Trendline,15318.4,15327.137269757583,15287.5,,,2,2023-09-07 03:25:00-04:00,15287.5,TP1,2023-09-07 03:25:00-04:00,15287.5,TP1,3.537,3536.57
2023-09-14 21:20:00-04:00,LONG,Bullish,Trendline,15479.0,15475.28601747847,15494.3,15497.4,15513.5,2,2023-09-14 21:35:00-04:00,15475.28601747847,SL,2023-09-14 21:35:00-04:00,15475.28601747847,SL,-1.0,-1000.0
2023-09-18 20:35:00-04:00,LONG,Bullish,Trendline,15237.0,15233.141388823298,15248.3,15261.0,15266.5,2,2023-09-18 20:45:00-04:00,15233.141388823298,SL,2023-09-18 20:45:00-04:00,15233.141388823298,SL,-1.0,-1000.0
2023-10-02 10:15:00-04:00,SHORT,Bearish,Trendline,14797.4,14843.947705947012,14678.1,14660.1,14655.7,2,2023-10-02 11:15:00-04:00,14843.947705947012,SL,2023-10-02 11:15:00-04:00,14843.947705947012,SL,-1.0,-1000.0
2023-10-08 21:05:00-04:00,LONG,Bullish,SessionLow,14863.7,14852.54649760871,14889.2,14889.6,14890.0,2,2023-10-08 23:55:00-04:00,14852.54649760871,SL,2023-10-08 23:55:00-04:00,14852.54649760871,SL,-1.0,-1000.0
2023-10-25 20:10:00-04:00,SHORT,Bearish,Trendline,14276.2,14287.085118564883,14242.1,,,2,2023-10-25 20:55:00-04:00,14242.1,TP1,2023-10-25 20:55:00-04:00,14242.1,TP1,3.133,3132.72
2023-11-02 09:55:00-04:00,LONG,Bullish,Trendline,14837.0,14823.379019253307,14873.3,,,2,2023-11-02 10:05:00-04:00,14823.379019253307,SL,2023-11-02 10:05:00-04:00,14823.379019253307,SL,-1.0,-1000.0
2023-11-09 04:00:00-05:00,LONG,Bullish,SessionLow,15299.0,15290.690754021214,15327.8,15343.7,15385.8,2,2023-11-09 05:40:00-05:00,15327.8,TP1,2023-11-09 06:20:00-05:00,15299.0,SL_BE,1.733,1733.01
2023-11-10 01:00:00-05:00,SHORT,Bearish,SessionHigh,15180.9,15184.206581216222,15170.1,15167.6,15166.4,2,2023-11-10 01:50:00-05:00,15184.206581216222,SL,2023-11-10 01:50:00-05:00,15184.206581216222,SL,-1.0,-1000.0
2023-11-15 09:45:00-05:00,LONG,Bullish,Trendline,15870.6,15864.216880308795,15901.1,15976.2,,2,2023-11-15 09:50:00-05:00,15864.216880308795,SL,2023-11-15 09:50:00-05:00,15864.216880308795,SL,-1.0,-1000.0
2023-12-06 00:45:00-05:00,LONG,Bullish,Trendline,15947.6,15945.517961998328,15960.6,15960.85,15961.1,2,2023-12-06 01:00:00-05:00,15945.517961998328,SL,2023-12-06 01:00:00-05:00,15945.517961998328,SL,-1.0,-1000.0
2024-01-16 18:55:00-05:00,LONG,Bullish,Trendline,16844.8,16835.39277542156,16887.4,16898.6,,2,2024-01-16 19:05:00-05:00,16835.39277542156,SL,2024-01-16 19:05:00-05:00,16835.39277542156,SL,-1.0,-1000.0
2024-01-19 08:50:00-05:00,LONG,Bullish,Trendline,17095.7,17081.951855784402,17127.9,,,2,2024-01-19 09:00:00-05:00,17081.951855784402,SL,2024-01-19 09:00:00-05:00,17081.951855784402,SL,-1.0,-1000.0
2024-02-07 03:25:00-05:00,SHORT,Bearish,Trendline,17561.3,17563.52610697277,17547.3,17545.4,17512.8,2,2024-02-07 03:35:00-05:00,17563.52610697277,SL,2024-02-07 03:35:00-05:00,17563.52610697277,SL,-1.0,-1000.0
2024-02-23 01:20:00-05:00,LONG,Bullish,SessionLow,17998.1,17995.34236020535,18005.2,18033.1,18035.8,2,2024-02-23 01:30:00-05:00,17995.34236020535,SL,2024-02-23 01:30:00-05:00,17995.34236020535,SL,-1.0,-1000.0
2024-02-29 08:15:00-05:00,SHORT,Bearish,Trendline,17836.2,17838.940239096064,17825.6,17821.2,17812.8,2,2024-02-29 08:20:00-05:00,17838.940239096064,SL,2024-02-29 08:20:00-05:00,17838.940239096064,SL,-1.0,-1000.0
2024-03-15 03:00:00-04:00,SHORT,Bearish,Trendline,17972.4,17975.280505459847,17961.3,17960.3,17956.8,2,2024-03-15 03:05:00-04:00,17975.280505459847,SL,2024-03-15 03:05:00-04:00,17975.280505459847,SL,-1.0,-1000.0
2024-03-18 07:00:00-04:00,LONG,Bullish,Trendline,17958.79,17949.285622366235,18013.4,18027.8,18059.9,2,2024-03-18 07:30:00-04:00,18013.4,TP1,2024-03-18 07:45:00-04:00,18027.8,TP2,6.503,6503.32
2024-03-20 04:20:00-04:00,LONG,Bullish,Trendline,18023.37,18016.11055205507,18042.62,18047.89,18050.74,2,2024-03-20 04:35:00-04:00,18016.11055205507,SL,2024-03-20 04:35:00-04:00,18016.11055205507,SL,-1.0,-1000.0
2024-03-25 09:30:00-04:00,SHORT,Bearish,Trendline,18249.73,18261.417666384394,18203.84,,,2,2024-03-25 09:40:00-04:00,18203.84,TP1,2024-03-25 09:40:00-04:00,18203.84,TP1,3.926,3926.36
2024-04-03 09:55:00-04:00,SHORT,Bearish,Trendline,18067.76,18081.013766044984,18032.91,18032.255,18031.6,2,2024-04-03 10:00:00-04:00,18081.013766044984,SL,2024-04-03 10:00:00-04:00,18081.013766044984,SL,-1.0,-1000.0
2024-04-10 21:35:00-04:00,SHORT,Bearish,Trendline,17996.54,17999.532826129605,17974.04,17965.42,17938.87,2,2024-04-10 21:45:00-04:00,17999.532826129605,SL,2024-04-10 21:45:00-04:00,17999.532826129605,SL,-1.0,-1000.0
2024-04-18 07:40:00-04:00,SHORT,Bearish,Trendline,17560.06,17568.459678992058,17538.31,17528.18,17518.81,2,2024-04-18 08:10:00-04:00,17538.31,TP1,2024-04-18 08:20:00-04:00,17528.18,TP2,3.192,3192.38
2024-04-29 00:15:00-04:00,LONG,Bullish,Trendline,17778.87,17774.93618464582,17787.49,,,2,2024-04-29 00:35:00-04:00,17787.49,TP1,2024-04-29 00:35:00-04:00,17787.49,TP1,2.191,2191.26
2024-05-14 05:35:00-04:00,LONG,Bullish,Trendline,18203.31,18198.64054129752,18220.06,18221.31,18245.71,2,2024-05-14 07:25:00-04:00,18198.64054129752,SL,2024-05-14 07:25:00-04:00,18198.64054129752,SL,-1.0,-1000.0
2024-05-30 03:20:00-04:00,SHORT,Bearish,SessionHigh,18629.98,18637.908678980624,18608.23,,,2,2024-05-30 03:25:00-04:00,18637.908678980624,SL,2024-05-30 03:25:00-04:00,18637.908678980624,SL,-1.0,-1000.0
2024-07-09 11:00:00-04:00,LONG,Bullish,SessionLow,20481.08,20461.128597676758,20525.2,20554.95,,2,2024-07-09 11:20:00-04:00,20461.128597676758,SL,2024-07-09 11:20:00-04:00,20461.128597676758,SL,-1.0,-1000.0
2024-07-10 01:15:00-04:00,LONG,Bullish,SessionLow,20492.17,20489.78013126597,20503.42,20525.2,20554.95,2,2024-07-10 01:35:00-04:00,20489.78013126597,SL,2024-07-10 01:35:00-04:00,20489.78013126597,SL,-1.0,-1000.0
2024-08-02 09:40:00-04:00,SHORT,Bearish,Trendline,18539.5,18588.24422277819,18370.27,,,2,2024-08-02 10:05:00-04:00,18370.27,TP1,2024-08-02 10:05:00-04:00,18370.27,TP1,3.472,3471.8
2024-08-27 21:10:00-04:00,SHORT,Bearish,Trendline,19530.1,19536.53048068281,19510.6,19491.8,19371.5,2,2024-08-27 21:15:00-04:00,19536.53048068281,SL,2024-08-27 21:15:00-04:00,19536.53048068281,SL,-1.0,-1000.0
2024-09-11 21:00:00-04:00,LONG,Neutral,Trendline,19224.78,19212.327568423912,19261.9,19269.31,,2,2024-09-11 21:35:00-04:00,19261.9,TP1,2024-09-11 22:25:00-04:00,19269.31,TP2,3.278,3278.48
2024-09-30 20:15:00-04:00,LONG,Bullish,Trendline,20023.79,20019.15416010637,20052.17,20063.3,20079.0,2,2024-09-30 20:35:00-04:00,20052.17,TP1,2024-09-30 20:45:00-04:00,20063.3,TP2,7.322,7322.3
2025-01-31 09:20:00-05:00,LONG,Bullish,Trendline,21609.08,21602.383704393036,21656.2,21660.45,21742.78,2,2025-01-31 09:30:00-05:00,21656.2,TP1,2025-01-31 09:30:00-05:00,21660.45,TP2,7.354,7354.07
2025-02-10 01:30:00-05:00,LONG,Bullish,Trendline,21565.6,21562.06005104099,21611.85,21630.26,21676.26,2,2025-02-10 05:35:00-05:00,21611.85,TP1,2025-02-10 06:35:00-05:00,21630.26,TP2,15.665,15665.48
2025-02-27 02:55:00-05:00,LONG,Bullish,Trendline,21222.7,21212.922219703796,21265.9,21326.9,21346.1,2,2025-02-27 03:00:00-05:00,21212.922219703796,SL,2025-02-27 03:00:00-05:00,21212.922219703796,SL,-1.0,-1000.0
2025-03-07 00:15:00-05:00,SHORT,Bearish,Trendline,20142.3,20148.138952901754,20118.1,20101.5,20000.9,2,2025-03-07 00:50:00-05:00,20118.1,TP1,2025-03-07 00:55:00-05:00,20101.5,TP2,5.566,5566.07
2025-03-13 02:50:00-04:00,SHORT,Bearish,Trendline,19454.0,19478.094900572745,19371.9,19365.8,19356.7,2,2025-03-13 03:20:00-04:00,19478.094900572745,SL,2025-03-13 03:20:00-04:00,19478.094900572745,SL,-1.0,-1000.0
2025-03-25 02:45:00-04:00,LONG,Bullish,Trendline,20132.1,20128.414497062928,20141.5,20147.15,20166.8,2,2025-03-25 02:55:00-04:00,20141.5,TP1,2025-03-25 03:00:00-04:00,20147.15,TP2,3.317,3317.05
2025-03-30 21:30:00-04:00,SHORT,Bearish,Trendline,19067.25,19091.125973866678,18976.0,,,2,2025-03-31 04:00:00-04:00,19091.125973866678,SL,2025-03-31 04:00:00-04:00,19091.125973866678,SL,-1.0,-1000.0
2025-05-13 20:30:00-04:00,LONG,Bullish,Trendline,21186.15,21175.477649558543,21217.15,21254.55,21254.7,2,2025-05-13 21:00:00-04:00,21175.477649558543,SL,2025-05-13 21:00:00-04:00,21175.477649558543,SL,-1.0,-1000.0
2025-05-16 09:55:00-04:00,LONG,Bullish,Trendline,21353.05,21320.713854391925,21418.35,21445.15,,2,2025-05-16 10:00:00-04:00,21320.713854391925,SL,2025-05-16 10:00:00-04:00,21320.713854391925,SL,-1.0,-1000.0
2025-06-02 19:05:00-04:00,LONG,Bullish,Trendline,21485.2,21474.453578729728,21531.1,,,2,2025-06-02 19:15:00-04:00,21474.453578729728,SL,2025-06-02 19:15:00-04:00,21474.453578729728,SL,-1.0,-1000.0
2025-06-03 04:10:00-04:00,LONG,Bullish,SessionLow,21375.7,21359.83435979558,21437.9,21454.6,21457.45,2,2025-06-03 04:15:00-04:00,21359.83435979558,SL,2025-06-03 04:15:00-04:00,21359.83435979558,SL,-1.0,-1000.0
2025-06-03 20:20:00-04:00,LONG,Bullish,Trendline,21661.6,21651.864716893102,21685.95,21716.9,,2,2025-06-03 21:45:00-04:00,21651.864716893102,SL,2025-06-03 21:45:00-04:00,21651.864716893102,SL,-1.0,-1000.0
2025-06-04 21:20:00-04:00,LONG,Bullish,Trendline,21701.0,21696.711342128252,21727.15,21731.65,21762.3,2,2025-06-04 21:25:00-04:00,21696.711342128252,SL,2025-06-04 21:25:00-04:00,21696.711342128252,SL,-1.0,-1000.0
2025-06-06 10:25:00-04:00,LONG,Bullish,Trendline,21746.4,21726.38296684689,21824.1,21889.55,,2,2025-06-06 10:30:00-04:00,21726.38296684689,SL,2025-06-06 10:30:00-04:00,21726.38296684689,SL,-1.0,-1000.0
2025-07-07 03:15:00-04:00,SHORT,Bearish,Trendline,22737.8,22745.305348043592,22719.0,22715.3,22693.5,2,2025-07-07 03:20:00-04:00,22745.305348043592,SL,2025-07-07 03:20:00-04:00,22745.305348043592,SL,-1.0,-1000.0
2025-07-15 00:45:00-04:00,LONG,Bullish,Trendline,22938.9,22921.843354577137,22996.7,,,2,2025-07-15 04:25:00-04:00,22996.7,TP1,2025-07-15 04:25:00-04:00,22996.7,TP1,3.389,3388.71
2025-10-01 19:35:00-04:00,LONG,Bullish,Trendline,24799.0,24794.597893384944,24812.9,24814.1,,2,2025-10-01 20:00:00-04:00,24812.9,TP1,2025-10-01 20:00:00-04:00,24814.1,TP2,3.294,3293.88
2025-10-07 01:10:00-04:00,LONG,Bullish,Trendline,24971.2,24962.01028383075,24989.8,24989.85,24989.9,2,2025-10-07 02:00:00-04:00,24962.01028383075,SL,2025-10-07 02:00:00-04:00,24962.01028383075,SL,-1.0,-1000.0
2025-10-07 10:30:00-04:00,LONG,Bullish,Trendline,25016.4,25005.41999174213,25058.4,25068.1,,2,2025-10-07 10:35:00-04:00,25005.41999174213,SL,2025-10-07 10:35:00-04:00,25005.41999174213,SL,-1.0,-1000.0
2025-10-20 02:00:00-04:00,LONG,Bullish,SessionLow,24931.7,24918.476664067995,25006.5,25168.9,,2,2025-10-20 04:45:00-04:00,24918.476664067995,SL,2025-10-20 04:45:00-04:00,24918.476664067995,SL,-1.0,-1000.0
2025-10-30 10:00:00-04:00,SHORT,Bearish,Trendline,25960.5,25990.729797496107,25803.9,,,2,2025-10-30 10:05:00-04:00,25990.729797496107,SL,2025-10-30 10:05:00-04:00,25990.729797496107,SL,-1.0,-1000.0
2025-12-30 20:25:00-05:00,SHORT,Bearish,Trendline,25408.6,25415.89840552521,25378.1,,,2,2025-12-30 21:00:00-05:00,25415.89840552521,SL,2025-12-30 21:00:00-05:00,25415.89840552521,SL,-1.0,-1000.0
2026-02-19 09:50:00-05:00,SHORT,Bearish,Trendline,24795.7,24809.851052100097,24696.2,24687.0,24683.1,2,2026-02-19 09:55:00-05:00,24809.851052100097,SL,2026-02-19 09:55:00-05:00,24809.851052100097,SL,-1.0,-1000.0
2026-03-30 20:35:00-04:00,SHORT,Bearish,Trendline,22890.7,22903.722733734325,22783.4,,,2,2026-03-30 20:40:00-04:00,22903.722733734325,SL,2026-03-30 20:40:00-04:00,22903.722733734325,SL,-1.0,-1000.0
2026-04-01 20:05:00-04:00,LONG,Bullish,Trendline,23994.4,23979.94322586379,24024.7,24067.9,24166.6,2,2026-04-01 20:10:00-04:00,23979.94322586379,SL,2026-04-01 20:10:00-04:00,23979.94322586379,SL,-1.0,-1000.0
2026-06-29 20:10:00-04:00,LONG,Bullish,Trendline,29790.0,29746.516457616268,29885.3,29955.9,30103.8,2,2026-06-29 20:25:00-04:00,29746.516457616268,SL,2026-06-29 20:25:00-04:00,29746.516457616268,SL,-1.0,-1000.0
2026-08-11 20:40:00-04:00,SHORT,Bearish,Trendline,29554.0,29570.4339187018,29518.6,29498.1,29461.6,2,2026-08-11 21:05:00-04:00,29570.4339187018,SL,2026-08-11 21:05:00-04:00,29570.4339187018,SL,-1.0,-1000.0
2026-08-13 20:05:00-04:00,LONG,Bullish,Trendline,30111.1,30088.00887925128,30167.6,,,2,2026-08-13 20:15:00-04:00,30088.00887925128,SL,2026-08-13 20:15:00-04:00,30088.00887925128,SL,-1.0,-1000.0
