entry_time,direction,entry_price,stop,target,exit_time,exit_price,exit_reason,r_multiple_gross,r_multiple_net
2020-09-04 09:00:00-04:00,SELL,11540.8,11603.94113,11408.0,2020-09-04 10:00:00-04:00,11603.94113,SL,-1.0,-1.0475
2020-09-07 22:00:00-04:00,SELL,11508.6,11597.06741,11371.2,2020-09-08 04:00:00-04:00,11371.2,TP,1.5531,1.5192
2020-09-08 05:00:00-04:00,SELL,11284.7,11386.27597,11141.3,2020-09-08 09:00:00-04:00,11141.3,TP,1.4118,1.3822
2020-09-11 12:00:00-04:00,SELL,11019.2,11107.40547,10964.1,2020-09-11 13:00:00-04:00,10964.1,TP,0.6247,0.5907
2020-09-18 12:00:00-04:00,SELL,10861.1,10933.52355,10700.3,2020-09-18 15:00:00-04:00,10933.52355,SL,-1.0,-1.0414
2020-09-21 10:00:00-04:00,SELL,10725.5,10773.31556,10513.0,2020-09-21 11:00:00-04:00,10773.31556,SL,-1.0,-1.0627
2020-09-25 11:00:00-04:00,SELL,10981.2,11040.48745,10675.3,2020-09-25 12:00:00-04:00,11040.48745,SL,-1.0,-1.0506
2020-09-30 10:00:00-04:00,BUY,11451.4,11428.15612,11548.4,2020-09-30 14:00:00-04:00,11428.15612,SL,-1.0,-1.1291
2020-10-08 02:00:00-04:00,BUY,11574.5,11529.77346,11611.0,2020-10-08 09:00:00-04:00,11529.77346,SL,-1.0,-1.0671
2020-10-20 11:00:00-04:00,BUY,11694.6,11594.72194,11962.6,2020-10-22 10:00:00-04:00,11594.72194,SL,-1.0,-1.03
2020-10-26 10:00:00-04:00,SELL,11548.2,11572.30083,11523.4,2020-10-26 11:00:00-04:00,11523.4,TP,1.029,0.9045
2020-10-27 21:00:00-04:00,SELL,11542.8,11572.11694,11354.8,2020-10-28 01:00:00-04:00,11572.11694,SL,-1.0,-1.1023
2020-10-30 01:00:00-04:00,SELL,11082.4,11168.23355,10828.6,2020-10-30 05:00:00-04:00,11168.23355,SL,-1.0,-1.035
2020-10-30 10:00:00-04:00,SELL,10999.9,11171.09261,10828.6,2020-11-02 04:00:00-05:00,11171.09261,SL,-1.0,-1.0175
2020-11-03 10:00:00-05:00,BUY,11345.2,11212.43858,11467.7,2020-11-03 21:00:00-05:00,11467.7,TP,0.9227,0.9001
2020-11-09 08:00:00-05:00,BUY,12171.7,12108.73242,12466.1,2020-11-09 09:00:00-05:00,12108.73242,SL,-1.0,-1.0476
2020-11-19 09:00:00-05:00,BUY,11925.3,11851.54967,12032.2,2020-11-23 11:00:00-05:00,11851.54967,SL,-1.0,-1.0407
2020-11-23 14:00:00-05:00,BUY,11925.1,11901.2806,12027.6,2020-11-23 15:00:00-05:00,11901.2806,SL,-1.0,-1.1259
2020-11-24 11:00:00-05:00,BUY,12024.0,12001.26282,12080.9,2020-11-24 13:00:00-05:00,12080.9,TP,2.5025,2.3706
2020-11-27 08:00:00-05:00,BUY,12237.6,12224.09363,12416.3,2020-11-27 09:00:00-05:00,12224.09363,SL,-1.0,-1.2221
2020-11-30 03:00:00-05:00,BUY,12262.2,12221.73017,12416.3,2020-11-30 10:00:00-05:00,12221.73017,SL,-1.0,-1.0741
2020-11-30 11:00:00-05:00,BUY,12200.7,12124.1677,12339.0,2020-11-30 18:00:00-05:00,12339.0,TP,1.8071,1.7679
2020-12-02 09:00:00-05:00,BUY,12378.6,12331.24875,12514.9,2020-12-03 10:00:00-05:00,12514.9,TP,2.8785,2.8151
2020-12-04 05:00:00-05:00,BUY,12507.6,12492.79663,12541.6,2020-12-04 07:00:00-05:00,12492.79663,SL,-1.0,-1.2027
2020-12-04 09:00:00-05:00,BUY,12507.7,12440.48162,12541.6,2020-12-06 18:00:00-05:00,12541.6,TP,0.5043,0.4597
2020-12-14 09:00:00-05:00,BUY,12525.9,12445.10512,12666.7,2020-12-14 21:00:00-05:00,12445.10512,SL,-1.0,-1.0371
2021-01-11 09:00:00-05:00,BUY,12971.3,12931.07063,13114.0,2021-01-11 14:00:00-05:00,12931.07063,SL,-1.0,-1.0746
2021-01-13 10:00:00-05:00,BUY,12985.1,12938.18064,13114.0,2021-01-14 05:00:00-05:00,12938.18064,SL,-1.0,-1.0639
2021-01-19 12:00:00-05:00,BUY,12968.9,12954.6062,13041.7,2021-01-19 18:00:00-05:00,13041.7,TP,5.0931,4.8832
2021-01-27 14:00:00-05:00,SELL,13134.8,13219.3602,12863.2,2021-01-28 09:00:00-05:00,13219.3602,SL,-1.0,-1.0355
2021-01-29 12:00:00-05:00,SELL,12869.3,12941.84373,12740.0,2021-01-29 12:30:00-05:00,12941.84373,SL,-1.0,-1.0414
2021-01-29 13:30:00-05:00,SELL,12899.8,12941.31508,12740.0,2021-01-29 14:00:00-05:00,12941.31508,SL,-1.0,-1.0723
2021-02-02 09:30:00-05:00,BUY,13393.8,13375.95108,13595.9,2021-02-03 22:30:00-05:00,13375.95108,SL,-1.0,-1.1681
2021-02-08 09:30:00-05:00,BUY,13671.3,13631.8458,13693.7,2021-02-08 10:00:00-05:00,13693.7,TP,0.5677,0.4917
2021-02-12 09:30:00-05:00,BUY,13702.6,13667.74259,13748.5,2021-02-12 11:00:00-05:00,13748.5,TP,1.3168,1.2307
2021-02-16 09:30:00-05:00,BUY,13861.3,13837.56438,13909.0,2021-02-16 10:00:00-05:00,13837.56438,SL,-1.0,-1.1264
2021-02-23 04:00:00-05:00,SELL,13097.6,13207.49642,12982.3,2021-02-23 05:00:00-05:00,12982.3,TP,1.0492,1.0219
2021-02-23 19:00:00-05:00,SELL,13162.8,13216.14521,12764.3,2021-02-23 20:00:00-05:00,13216.14521,SL,-1.0,-1.0562
2021-02-25 12:00:00-05:00,SELL,12951.1,12977.38233,12764.3,2021-02-25 14:00:00-05:00,12977.38233,SL,-1.0,-1.1141
2021-03-02 11:00:00-05:00,SELL,13160.4,13177.78864,13040.1,2021-03-02 12:00:00-05:00,13177.78864,SL,-1.0,-1.1725
2021-03-03 01:30:00-05:00,SELL,13151.7,13174.42921,13065.6,2021-03-03 02:00:00-05:00,13174.42921,SL,-1.0,-1.132
2021-03-03 08:30:00-05:00,SELL,13004.5,13072.89344,12668.4,2021-03-03 18:30:00-05:00,12668.4,TP,4.9142,4.8704
2021-03-04 09:30:00-05:00,SELL,12593.7,12725.1,12515.2,2021-03-04 10:00:00-05:00,12515.2,TP,0.5974,0.5746
2021-03-04 12:30:00-05:00,SELL,12488.2,12533.79454,12239.0,2021-03-04 14:30:00-05:00,12533.79454,SL,-1.0,-1.0658
2021-03-04 15:00:00-05:00,SELL,12465.7,12536.93627,12239.0,2021-03-05 08:30:00-05:00,12536.93627,SL,-1.0,-1.0421
2021-03-11 10:30:00-05:00,BUY,13028.3,12987.68372,13195.9,2021-03-12 01:30:00-05:00,12987.68372,SL,-1.0,-1.0739
2021-03-12 02:30:00-05:00,SELL,12905.0,12924.9754,12725.8,2021-03-12 12:30:00-05:00,12924.9754,SL,-1.0,-1.1502
2021-03-16 09:30:00-04:00,BUY,13240.7,13178.34994,13308.4,2021-03-16 13:30:00-04:00,13178.34994,SL,-1.0,-1.0481
2021-03-16 14:30:00-04:00,BUY,13140.9,13099.72775,13308.4,2021-03-17 07:00:00-04:00,13099.72775,SL,-1.0,-1.0729
2021-03-25 07:30:00-04:00,SELL,12757.6,12776.38633,12698.1,2021-03-25 09:30:00-04:00,12776.38633,SL,-1.0,-1.1597
2021-03-25 10:00:00-04:00,SELL,12760.8,12778.45748,12698.1,2021-03-25 10:30:00-04:00,12698.1,TP,3.5509,3.381
2021-03-25 13:00:00-04:00,SELL,12753.2,12780.68213,12314.8,2021-03-25 14:30:00-04:00,12780.68213,SL,-1.0,-1.1092
2021-04-02 08:30:00-04:00,BUY,13393.4,13386.32051,13450.3,2021-04-02 09:00:00-04:00,13386.32051,SL,-1.0,-1.4238
2021-04-05 06:00:00-04:00,BUY,13396.9,13386.15996,13406.7,2021-04-05 06:30:00-04:00,13386.15996,SL,-1.0,-1.2793
2021-04-05 08:30:00-04:00,BUY,13439.2,13402.8545,13450.3,2021-04-05 09:30:00-04:00,13450.3,TP,0.3054,0.2229
2021-04-06 11:00:00-04:00,BUY,13647.4,13630.69068,13733.6,2021-04-06 12:00:00-04:00,13630.69068,SL,-1.0,-1.1795
2021-04-07 09:30:00-04:00,BUY,13591.1,13556.20218,13622.5,2021-04-07 10:00:00-04:00,13622.5,TP,0.8998,0.8138
2021-04-09 09:30:00-04:00,BUY,13735.3,13693.48593,13855.3,2021-04-13 08:30:00-04:00,13855.3,TP,2.8698,2.7981
2021-04-20 06:30:00-04:00,BUY,13864.5,13829.77862,14066.2,2021-04-20 10:30:00-04:00,13829.77862,SL,-1.0,-1.0864
2021-04-21 09:30:00-04:00,BUY,13815.9,13718.35382,13943.4,2021-04-22 02:00:00-04:00,13943.4,TP,1.3071,1.2763
2021-04-23 09:30:00-04:00,BUY,13841.9,13799.82213,13956.7,2021-04-23 12:30:00-04:00,13956.7,TP,2.7283,2.657
2021-04-26 09:30:00-04:00,BUY,13947.0,13915.60568,13994.7,2021-04-26 11:00:00-04:00,13994.7,TP,1.5194,1.4238
2021-04-27 03:30:00-04:00,BUY,14047.9,14042.32585,14066.2,2021-04-27 04:00:00-04:00,14042.32585,SL,-1.0,-1.5382
2021-04-27 05:00:00-04:00,BUY,14052.3,14042.28529,14066.2,2021-04-27 05:30:00-04:00,14042.28529,SL,-1.0,-1.2996
2021-04-29 07:00:00-04:00,BUY,14052.7,14040.27865,14062.5,2021-04-29 08:00:00-04:00,14040.27865,SL,-1.0,-1.2415
2021-04-30 08:30:00-04:00,BUY,13867.9,13827.48423,13935.6,2021-04-30 10:00:00-04:00,13935.6,TP,1.6751,1.6009
2021-05-03 03:00:00-04:00,BUY,13919.2,13911.85059,13969.4,2021-05-03 03:30:00-04:00,13911.85059,SL,-1.0,-1.4082
2021-05-03 10:00:00-04:00,BUY,13937.6,13921.2874,13969.4,2021-05-03 10:30:00-04:00,13921.2874,SL,-1.0,-1.1839
2021-05-04 07:30:00-04:00,SELL,13701.7,13741.0112,13528.5,2021-05-04 10:00:00-04:00,13528.5,TP,4.4059,4.3296
2021-05-06 09:30:00-04:00,SELL,13438.7,13470.06647,13393.0,2021-05-06 10:30:00-04:00,13470.06647,SL,-1.0,-1.0956
2021-05-10 03:00:00-04:00,SELL,13661.2,13676.47471,13597.2,2021-05-10 03:30:00-04:00,13676.47471,SL,-1.0,-1.1964
2021-05-10 07:30:00-04:00,SELL,13657.3,13676.17534,13597.2,2021-05-10 08:00:00-04:00,13676.17534,SL,-1.0,-1.1589
2021-05-10 09:30:00-04:00,SELL,13543.4,13654.87461,13400.7,2021-05-10 14:00:00-04:00,13400.7,TP,1.2801,1.2532
2021-05-12 08:30:00-04:00,SELL,13165.8,13204.17582,13074.7,2021-05-12 09:00:00-04:00,13204.17582,SL,-1.0,-1.0782
2021-05-13 04:00:00-04:00,SELL,12960.3,12977.76761,12877.5,2021-05-13 05:00:00-04:00,12977.76761,SL,-1.0,-1.1717
2021-05-13 07:30:00-04:00,SELL,13060.7,13085.71676,12877.5,2021-05-13 08:00:00-04:00,13085.71676,SL,-1.0,-1.1199
2021-05-21 09:00:00-04:00,BUY,13557.2,13547.26416,13761.0,2021-05-21 09:30:00-04:00,13547.26416,SL,-1.0,-1.3019
2021-05-25 10:30:00-04:00,BUY,13685.1,13632.29341,13743.3,2021-05-25 11:00:00-04:00,13632.29341,SL,-1.0,-1.0568
2021-05-25 11:30:00-04:00,BUY,13648.3,13631.68972,13743.3,2021-05-25 13:00:00-04:00,13631.68972,SL,-1.0,-1.1806
2021-05-28 09:30:00-04:00,BUY,13727.2,13716.30644,13743.3,2021-05-28 10:00:00-04:00,13716.30644,SL,-1.0,-1.2754
2021-06-01 02:30:00-04:00,BUY,13710.7,13700.40567,13767.4,2021-06-01 09:30:00-04:00,13767.4,TP,5.5079,5.2165
2021-06-10 09:30:00-04:00,BUY,13943.1,13896.11914,13969.4,2021-06-10 10:30:00-04:00,13896.11914,SL,-1.0,-1.0639
2021-06-11 06:30:00-04:00,BUY,13996.1,13981.95811,14077.6,2021-06-11 07:30:00-04:00,13981.95811,SL,-1.0,-1.2121
2021-06-11 09:30:00-04:00,BUY,13972.6,13944.58884,14077.6,2021-06-11 10:30:00-04:00,13944.58884,SL,-1.0,-1.1071
2021-06-11 11:00:00-04:00,BUY,13976.2,13943.83825,14077.6,2021-06-14 13:30:00-04:00,14077.6,TP,3.1333,3.0406
2021-06-16 09:30:00-04:00,BUY,14095.6,14061.52515,14168.8,2021-06-16 11:00:00-04:00,14061.52515,SL,-1.0,-1.088
2021-06-17 07:00:00-04:00,BUY,13947.0,13936.62367,14111.6,2021-06-17 07:30:00-04:00,13936.62367,SL,-1.0,-1.2891
2021-06-17 09:00:00-04:00,BUY,13953.4,13936.29053,14111.6,2021-06-17 10:00:00-04:00,14111.6,TP,9.2463,9.071
2021-06-21 09:30:00-04:00,BUY,14072.2,13992.90342,14221.2,2021-06-22 11:00:00-04:00,14221.2,TP,1.879,1.8412
2021-06-25 05:30:00-04:00,BUY,14398.8,14387.17134,14437.0,2021-06-25 06:00:00-04:00,14387.17134,SL,-1.0,-1.258
2021-06-25 10:00:00-04:00,BUY,14382.3,14342.82335,14437.0,2021-06-25 12:00:00-04:00,14342.82335,SL,-1.0,-1.076
2021-06-28 03:00:00-04:00,BUY,14393.2,14377.80063,14408.8,2021-06-28 04:00:00-04:00,14377.80063,SL,-1.0,-1.1948
2021-06-28 05:00:00-04:00,BUY,14389.8,14377.83371,14408.8,2021-06-28 06:00:00-04:00,14377.83371,SL,-1.0,-1.2507
2021-07-02 03:00:00-04:00,BUY,14591.8,14564.26177,14620.0,2021-07-02 08:00:00-04:00,14620.0,TP,1.024,0.9151
2021-07-06 03:00:00-04:00,BUY,14709.9,14685.38876,14734.9,2021-07-06 06:30:00-04:00,14734.9,TP,1.0199,0.8975
2021-07-07 14:30:00-04:00,BUY,14826.6,14794.60924,14895.1,2021-07-07 22:00:00-04:00,14794.60924,SL,-1.0,-1.0938
2021-07-12 04:30:00-04:00,BUY,14855.5,14843.54148,14895.1,2021-07-12 06:00:00-04:00,14843.54148,SL,-1.0,-1.2509
2021-07-12 07:00:00-04:00,BUY,14856.8,14843.57305,14895.1,2021-07-12 09:30:00-04:00,14843.57305,SL,-1.0,-1.2268
2021-07-15 08:00:00-04:00,BUY,14906.7,14882.34314,15008.0,2021-07-15 09:30:00-04:00,14882.34314,SL,-1.0,-1.1232
2021-07-20 03:00:00-04:00,SELL,14636.6,14660.83173,14457.3,2021-07-20 10:30:00-04:00,14660.83173,SL,-1.0,-1.1238
2021-07-22 10:00:00-04:00,BUY,14917.0,14886.60529,14975.1,2021-07-22 12:00:00-04:00,14886.60529,SL,-1.0,-1.0987
2021-07-29 09:30:00-04:00,BUY,15065.1,15030.43056,15143.5,2021-07-29 18:30:00-04:00,15030.43056,SL,-1.0,-1.0865
2021-08-03 11:30:00-04:00,BUY,15024.0,14996.94366,15062.8,2021-08-03 12:00:00-04:00,14996.94366,SL,-1.0,-1.1109
2021-08-03 14:00:00-04:00,BUY,15042.7,14997.35534,15062.8,2021-08-04 00:30:00-04:00,15062.8,TP,0.4433,0.3771
2021-08-06 11:00:00-04:00,BUY,15098.4,15082.3517,15180.6,2021-08-08 18:30:00-04:00,15082.3517,SL,-1.0,-1.1869
2021-08-10 09:30:00-04:00,BUY,15158.7,15154.26465,15180.6,2021-08-10 10:00:00-04:00,15154.26465,SL,-1.0,-1.6764
2021-08-11 08:30:00-04:00,BUY,15100.5,15057.51501,15168.0,2021-08-11 10:00:00-04:00,15057.51501,SL,-1.0,-1.0698
2021-08-11 11:00:00-04:00,BUY,15006.2,14981.07863,15168.0,2021-08-11 11:30:00-04:00,14981.07863,SL,-1.0,-1.1194
2021-08-12 10:00:00-04:00,BUY,15028.0,14987.76169,15128.5,2021-08-13 10:00:00-04:00,15128.5,TP,2.4976,2.4231
2021-08-13 12:30:00-04:00,BUY,15125.5,15101.37734,15168.0,2021-08-16 02:00:00-04:00,15101.37734,SL,-1.0,-1.1244
2021-08-26 11:00:00-04:00,BUY,15322.5,15295.07475,15388.0,2021-08-26 15:00:00-04:00,15295.07475,SL,-1.0,-1.1094
2021-09-02 12:30:00-04:00,BUY,15621.1,15598.15196,15700.2,2021-09-02 13:00:00-04:00,15598.15196,SL,-1.0,-1.1307
2021-09-03 09:30:00-04:00,BUY,15641.0,15627.30286,15682.1,2021-09-03 10:00:00-04:00,15627.30286,SL,-1.0,-1.219
2021-09-03 12:30:00-04:00,BUY,15647.5,15627.07753,15682.1,2021-09-06 01:30:00-04:00,15682.1,TP,1.6942,1.5473
2021-09-07 04:00:00-04:00,BUY,15671.7,15667.92883,15707.2,2021-09-07 04:30:00-04:00,15667.92883,SL,-1.0,-1.7955
2021-09-15 10:00:00-04:00,SELL,15342.5,15365.2295,15284.8,2021-09-15 10:30:00-04:00,15365.2295,SL,-1.0,-1.132
2021-09-28 02:00:00-04:00,SELL,15130.4,15156.9678,15101.7,2021-09-28 02:30:00-04:00,15101.7,TP,1.0803,0.9673
2021-09-30 12:00:00-04:00,SELL,14715.1,14739.05862,14679.7,2021-09-30 12:30:00-04:00,14739.05862,SL,-1.0,-1.1252
2021-10-04 09:30:00-04:00,SELL,14612.3,14658.11177,14554.6,2021-10-04 10:00:00-04:00,14554.6,TP,1.2595,1.194
2021-10-08 03:00:00-04:00,SELL,14875.5,14888.00781,14437.2,2021-10-08 05:30:00-04:00,14888.00781,SL,-1.0,-1.2399
2021-10-08 11:00:00-04:00,SELL,14862.6,14890.78501,14437.2,2021-10-11 10:00:00-04:00,14890.78501,SL,-1.0,-1.1064
2021-10-13 14:00:00-04:00,SELL,14758.4,14805.80292,14606.1,2021-10-13 18:30:00-04:00,14805.80292,SL,-1.0,-1.0633
2021-10-18 03:00:00-04:00,BUY,15080.1,15056.57531,15140.7,2021-10-18 09:30:00-04:00,15140.7,TP,2.576,2.4485
2021-10-18 10:30:00-04:00,BUY,15182.4,15134.44615,15247.9,2021-10-18 13:00:00-04:00,15247.9,TP,1.3659,1.3033
2021-10-19 02:30:00-04:00,BUY,15342.5,15327.1412,15416.8,2021-10-19 03:00:00-04:00,15327.1412,SL,-1.0,-1.1953
2021-10-19 04:00:00-04:00,BUY,15343.4,15326.90888,15416.8,2021-10-19 09:30:00-04:00,15326.90888,SL,-1.0,-1.1819
2021-10-20 10:00:00-04:00,BUY,15451.5,15425.4155,15531.6,2021-10-20 10:30:00-04:00,15425.4155,SL,-1.0,-1.115
2021-10-20 11:30:00-04:00,BUY,15434.2,15424.857,15531.6,2021-10-20 12:00:00-04:00,15424.857,SL,-1.0,-1.3211
2021-10-26 09:30:00-04:00,BUY,15654.2,15623.05284,15675.0,2021-10-26 10:00:00-04:00,15675.0,TP,0.6678,0.5715
2021-10-27 09:30:00-04:00,BUY,15656.7,15602.06896,15715.5,2021-10-27 10:00:00-04:00,15602.06896,SL,-1.0,-1.0549
2021-11-10 09:30:00-05:00,BUY,16180.5,16133.72566,16251.3,2021-11-10 11:30:00-05:00,16133.72566,SL,-1.0,-1.0641
2021-11-15 08:00:00-05:00,BUY,16272.6,16244.49696,16401.3,2021-11-15 09:00:00-05:00,16244.49696,SL,-1.0,-1.1068
2021-11-15 09:30:00-05:00,BUY,16235.9,16209.92181,16401.3,2021-11-15 10:00:00-05:00,16209.92181,SL,-1.0,-1.1155
2021-11-16 10:30:00-05:00,BUY,16237.5,16226.06629,16283.8,2021-11-16 11:00:00-05:00,16283.8,TP,4.0494,3.787
2021-11-17 11:00:00-05:00,BUY,16358.4,16331.77563,16401.3,2021-11-17 12:00:00-05:00,16331.77563,SL,-1.0,-1.1127
2021-11-18 04:00:00-05:00,BUY,16409.1,16396.78239,16458.3,2021-11-18 04:30:00-05:00,16396.78239,SL,-1.0,-1.2436
2021-11-18 07:00:00-05:00,BUY,16402.6,16397.02146,16458.3,2021-11-18 07:30:00-05:00,16397.02146,SL,-1.0,-1.5378
2021-11-24 09:30:00-05:00,BUY,16183.3,16113.76485,16358.1,2021-11-24 15:00:00-05:00,16358.1,TP,2.5138,2.4707
2021-11-26 12:30:00-05:00,SELL,16040.7,16138.87748,15907.3,2021-11-28 18:30:00-05:00,16138.87748,SL,-1.0,-1.0306
2021-12-01 15:00:00-05:00,SELL,15982.2,16087.82152,15907.3,2021-12-01 15:30:00-05:00,15907.3,TP,0.7091,0.6807
2021-12-02 07:00:00-05:00,SELL,15839.1,15902.71805,15782.7,2021-12-02 09:30:00-05:00,15902.71805,SL,-1.0,-1.0472
2021-12-03 09:30:00-05:00,SELL,15848.4,15874.83222,15763.7,2021-12-03 10:00:00-05:00,15763.7,TP,3.2044,3.0909
2021-12-10 11:00:00-05:00,BUY,16225.5,16135.38087,16415.4,2021-12-12 20:00:00-05:00,16415.4,TP,2.1072,2.0739
2021-12-13 09:00:00-05:00,SELL,16344.0,16368.34661,16147.8,2021-12-13 11:30:00-05:00,16147.8,TP,8.0586,7.9354
2021-12-14 04:30:00-05:00,SELL,15979.8,16097.66605,15560.7,2021-12-15 15:00:00-05:00,16097.66605,SL,-1.0,-1.0255
2021-12-17 04:00:00-05:00,SELL,15759.9,15793.55866,15560.7,2021-12-17 09:30:00-05:00,15793.55866,SL,-1.0,-1.0891
2021-12-17 10:00:00-05:00,SELL,15752.6,15796.08209,15560.7,2021-12-17 10:30:00-05:00,15796.08209,SL,-1.0,-1.069
2021-12-22 09:30:00-05:00,BUY,16020.4,15983.46459,16473.6,2021-12-22 10:00:00-05:00,15983.46459,SL,-1.0,-1.0812
2021-12-23 09:30:00-05:00,BUY,16249.6,16198.98807,16473.6,2021-12-27 10:00:00-05:00,16473.6,TP,4.4258,4.3666
2021-12-30 10:00:00-05:00,BUY,16571.5,16533.57481,16671.0,2021-12-30 14:00:00-05:00,16533.57481,SL,-1.0,-1.0791
2021-12-31 10:00:00-05:00,BUY,16415.5,16359.73072,16581.3,2022-01-03 09:30:00-05:00,16359.73072,SL,-1.0,-1.0538
2022-01-05 11:30:00-05:00,SELL,16143.9,16191.33491,15897.0,2022-01-05 14:30:00-05:00,15897.0,TP,5.205,5.1418
2022-01-07 03:30:00-05:00,SELL,15698.1,15737.33802,15609.9,2022-01-07 04:00:00-05:00,15737.33802,SL,-1.0,-1.0765
2022-01-07 08:30:00-05:00,SELL,15688.1,15739.47414,15609.9,2022-01-07 09:00:00-05:00,15739.47414,SL,-1.0,-1.0584
2022-01-07 10:00:00-05:00,SELL,15667.6,15742.64477,15609.9,2022-01-07 10:30:00-05:00,15609.9,TP,0.7689,0.7289
2022-01-10 07:00:00-05:00,SELL,15488.8,15545.54245,15337.3,2022-01-10 09:30:00-05:00,15337.3,TP,2.67,2.6171
2022-01-11 09:30:00-05:00,SELL,15559.2,15585.16117,15163.6,2022-01-11 10:00:00-05:00,15585.16117,SL,-1.0,-1.1156
2022-01-13 10:30:00-05:00,SELL,15776.7,15841.9918,15486.7,2022-01-13 11:30:00-05:00,15841.9918,SL,-1.0,-1.0459
2022-01-14 07:30:00-05:00,SELL,15336.1,15439.178,15163.6,2022-01-14 09:30:00-05:00,15439.178,SL,-1.0,-1.0291
2022-01-18 04:00:00-05:00,SELL,15310.6,15334.79723,15163.6,2022-01-18 04:30:00-05:00,15334.79723,SL,-1.0,-1.124
2022-01-20 15:00:00-05:00,SELL,14982.4,15071.30688,14606.1,2022-01-21 10:00:00-05:00,14606.1,TP,4.2325,4.1988
2022-01-24 06:00:00-05:00,SELL,14367.7,14449.35481,14247.3,2022-01-24 08:00:00-05:00,14247.3,TP,1.4745,1.4378
2022-01-25 09:30:00-05:00,SELL,14110.5,14185.50081,13719.0,2022-01-25 10:00:00-05:00,14185.50081,SL,-1.0,-1.04
2022-01-25 10:30:00-05:00,SELL,14139.7,14187.02825,13719.0,2022-01-25 11:00:00-05:00,14187.02825,SL,-1.0,-1.0634
2022-01-28 07:00:00-05:00,SELL,13949.2,13977.50389,13860.2,2022-01-28 07:30:00-05:00,13860.2,TP,3.1444,3.0385
2022-01-28 09:30:00-05:00,SELL,13913.5,13981.72143,13719.0,2022-01-28 10:00:00-05:00,13981.72143,SL,-1.0,-1.044
2022-02-01 03:00:00-05:00,BUY,14959.7,14915.62739,15351.7,2022-02-01 04:00:00-05:00,14915.62739,SL,-1.0,-1.0681
2022-02-03 08:30:00-05:00,SELL,14716.1,14778.50737,14413.2,2022-02-03 09:30:00-05:00,14778.50737,SL,-1.0,-1.0481
2022-02-03 11:00:00-05:00,SELL,14739.5,14782.03464,14413.2,2022-02-03 18:30:00-05:00,14782.03464,SL,-1.0,-1.0705
2022-02-07 10:30:00-05:00,SELL,14734.8,14767.85613,14629.5,2022-02-07 11:30:00-05:00,14629.5,TP,3.1855,3.0947
2022-02-07 15:30:00-05:00,SELL,14557.5,14643.10287,14374.2,2022-02-08 11:00:00-05:00,14643.10287,SL,-1.0,-1.035
2022-02-10 08:00:00-05:00,SELL,15038.3,15061.39428,14481.0,2022-02-11 13:30:00-05:00,14481.0,TP,24.1315,24.0016
2022-02-14 03:00:00-05:00,SELL,14126.6,14202.8826,13845.0,2022-02-14 07:30:00-05:00,14202.8826,SL,-1.0,-1.0393
2022-02-16 04:00:00-05:00,SELL,14615.3,14630.90662,14437.7,2022-02-16 09:30:00-05:00,14437.7,TP,11.3798,11.1876
2022-02-17 09:30:00-05:00,SELL,14408.9,14458.38902,14233.5,2022-02-17 15:00:00-05:00,14233.5,TP,3.5442,3.4836
2022-02-18 10:00:00-05:00,SELL,14102.2,14144.95515,14039.8,2022-02-18 10:30:00-05:00,14039.8,TP,1.4595,1.3893
2022-02-21 08:00:00-05:00,SELL,13804.9,13828.49367,13719.0,2022-02-21 08:30:00-05:00,13828.49367,SL,-1.0,-1.1272
2022-03-02 11:00:00-05:00,BUY,14169.7,14131.30438,14277.2,2022-03-02 14:00:00-05:00,14277.2,TP,2.7998,2.7217
2022-03-03 10:00:00-05:00,SELL,14149.5,14175.61467,13955.8,2022-03-03 12:30:00-05:00,14175.61467,SL,-1.0,-1.1149
2022-03-15 04:00:00-04:00,SELL,13002.1,13029.17828,12960.1,2022-03-15 05:00:00-04:00,12960.1,TP,1.5511,1.4403
2022-03-18 09:30:00-04:00,BUY,14154.5,14056.93694,14393.4,2022-03-18 15:00:00-04:00,14393.4,TP,2.4487,2.4179
2022-03-21 11:00:00-04:00,BUY,14436.2,14416.06167,14650.3,2022-03-21 11:30:00-04:00,14416.06167,SL,-1.0,-1.149
2022-03-22 10:00:00-04:00,BUY,14592.0,14461.01297,14650.3,2022-03-22 11:00:00-04:00,14650.3,TP,0.4451,0.4222
2022-03-25 07:00:00-04:00,BUY,14835.9,14811.62752,15063.3,2022-03-25 08:30:00-04:00,14811.62752,SL,-1.0,-1.1236
2022-03-28 09:30:00-04:00,BUY,14891.0,14835.58397,15063.3,2022-03-28 10:00:00-04:00,14835.58397,SL,-1.0,-1.0541
2022-03-28 10:30:00-04:00,BUY,14878.8,14834.12924,15063.3,2022-03-28 11:00:00-04:00,14834.12924,SL,-1.0,-1.0672
2022-04-01 09:00:00-04:00,BUY,14903.8,14875.64564,15184.6,2022-04-01 09:30:00-04:00,14875.64564,SL,-1.0,-1.1066
2022-04-04 09:30:00-04:00,BUY,15052.0,14956.05558,15184.6,2022-04-05 03:00:00-04:00,15184.6,TP,1.3821,1.3508
2022-04-13 10:30:00-04:00,SELL,14069.5,14113.06365,13883.7,2022-04-13 11:00:00-04:00,14113.06365,SL,-1.0,-1.0689
2022-04-22 10:00:00-04:00,SELL,13596.1,13630.17606,13467.0,2022-04-22 10:30:00-04:00,13630.17606,SL,-1.0,-1.088
2022-04-26 09:30:00-04:00,SELL,13273.3,13448.58504,13189.5,2022-04-26 10:00:00-04:00,13189.5,TP,0.4781,0.461
2022-04-27 11:30:00-04:00,SELL,13091.5,13208.24774,12923.7,2022-04-27 12:00:00-04:00,13208.24774,SL,-1.0,-1.0257
2022-05-02 08:30:00-04:00,SELL,12802.2,12827.11996,12718.6,2022-05-02 09:00:00-04:00,12827.11996,SL,-1.0,-1.1204
2022-05-02 10:30:00-04:00,SELL,12913.1,13002.14751,12718.6,2022-05-02 14:30:00-04:00,12718.6,TP,2.1842,2.1505
2022-05-04 09:30:00-04:00,SELL,13023.8,13095.13867,12975.7,2022-05-04 10:00:00-04:00,12975.7,TP,0.6742,0.6322
2022-05-06 09:30:00-04:00,SELL,12554.2,12726.48567,12314.8,2022-05-06 10:00:00-04:00,12726.48567,SL,-1.0,-1.0174
2022-05-06 14:30:00-04:00,SELL,12632.7,12734.18367,12522.4,2022-05-06 15:30:00-04:00,12734.18367,SL,-1.0,-1.0296
2022-05-09 04:30:00-04:00,SELL,12499.0,12524.07544,12314.8,2022-05-09 09:30:00-04:00,12524.07544,SL,-1.0,-1.1196
2022-05-11 08:30:00-04:00,SELL,12143.3,12189.93401,12093.7,2022-05-11 09:00:00-04:00,12189.93401,SL,-1.0,-1.0643
2022-05-11 14:30:00-04:00,SELL,12048.2,12197.22914,11879.8,2022-05-12 03:00:00-04:00,11879.8,TP,1.13,1.1099
2022-05-16 10:30:00-04:00,SELL,12211.0,12247.53055,12067.2,2022-05-16 11:00:00-04:00,12247.53055,SL,-1.0,-1.0821
2022-05-18 09:30:00-04:00,SELL,12297.7,12342.01427,12193.0,2022-05-18 10:00:00-04:00,12342.01427,SL,-1.0,-1.0677
2022-05-19 04:00:00-04:00,SELL,11780.5,11814.74944,11693.2,2022-05-19 07:00:00-04:00,11814.74944,SL,-1.0,-1.0876
2022-05-20 12:00:00-04:00,SELL,11640.8,11715.50355,11512.9,2022-05-20 13:00:00-04:00,11512.9,TP,1.7121,1.6719
2022-05-24 09:30:00-04:00,SELL,11677.3,11762.48447,11487.8,2022-05-24 12:00:00-04:00,11762.48447,SL,-1.0,-1.0352
2022-06-01 09:30:00-04:00,BUY,12803.3,12757.81024,12881.2,2022-06-01 10:00:00-04:00,12757.81024,SL,-1.0,-1.0659
2022-06-01 10:30:00-04:00,BUY,12641.2,12568.86005,12881.2,2022-06-01 11:00:00-04:00,12568.86005,SL,-1.0,-1.0415
2022-06-08 09:30:00-04:00,BUY,12757.6,12729.23378,12807.3,2022-06-08 10:00:00-04:00,12729.23378,SL,-1.0,-1.1058
2022-06-08 11:00:00-04:00,BUY,12758.0,12727.78678,12807.3,2022-06-08 11:30:00-04:00,12727.78678,SL,-1.0,-1.0993
2022-06-09 10:00:00-04:00,BUY,12645.9,12554.08613,12780.9,2022-06-09 11:00:00-04:00,12554.08613,SL,-1.0,-1.0327
2022-06-10 08:00:00-04:00,SELL,12303.5,12344.51569,12231.5,2022-06-10 08:30:00-04:00,12231.5,TP,1.7554,1.6823
2022-06-13 10:00:00-04:00,SELL,11397.2,11441.66994,10954.8,2022-06-13 11:30:00-04:00,11441.66994,SL,-1.0,-1.0675
2022-06-13 14:30:00-04:00,SELL,11363.0,11443.47945,10954.8,2022-06-14 00:00:00-04:00,11443.47945,SL,-1.0,-1.0373
2022-06-15 10:00:00-04:00,SELL,11498.8,11516.18339,11331.2,2022-06-15 12:00:00-04:00,11516.18339,SL,-1.0,-1.1726
2022-06-16 04:30:00-04:00,SELL,11269.6,11360.03771,11208.1,2022-06-16 08:00:00-04:00,11360.03771,SL,-1.0,-1.0332
2022-06-16 08:30:00-04:00,SELL,11330.5,11359.05252,11208.1,2022-06-16 10:00:00-04:00,11208.1,TP,4.2868,4.1818
2022-06-29 05:30:00-04:00,SELL,11598.7,11642.53463,11519.8,2022-06-29 07:30:00-04:00,11642.53463,SL,-1.0,-1.0684
2022-06-30 04:00:00-04:00,SELL,11503.3,11549.47699,11462.2,2022-06-30 05:00:00-04:00,11462.2,TP,0.8901,0.8251
2022-07-06 14:00:00-04:00,BUY,11856.6,11828.47864,12149.2,2022-07-06 15:30:00-04:00,11828.47864,SL,-1.0,-1.1067
2022-07-07 09:30:00-04:00,BUY,12010.9,11942.15208,12149.2,2022-07-08 08:30:00-04:00,11942.15208,SL,-1.0,-1.0436
2022-07-13 08:30:00-04:00,SELL,11541.1,11705.58515,11365.9,2022-07-13 10:30:00-04:00,11705.58515,SL,-1.0,-1.0182
2022-07-13 11:00:00-04:00,SELL,11722.4,11839.02764,11365.9,2022-07-14 19:30:00-04:00,11839.02764,SL,-1.0,-1.0257
2022-07-20 10:00:00-04:00,BUY,12368.6,12328.22412,12723.7,2022-07-22 14:30:00-04:00,12328.22412,SL,-1.0,-1.0743
2022-07-26 09:00:00-04:00,BUY,12261.3,12242.87049,12477.5,2022-07-26 09:30:00-04:00,12242.87049,SL,-1.0,-1.1628
2022-07-27 09:30:00-04:00,BUY,12372.0,12308.52767,12477.5,2022-07-27 14:30:00-04:00,12477.5,TP,1.6621,1.6149
2022-08-01 10:30:00-04:00,BUY,13076.0,12986.02368,13556.6,2022-08-01 12:30:00-04:00,12986.02368,SL,-1.0,-1.0333
2022-08-01 13:30:00-04:00,BUY,12920.2,12879.5489,13556.6,2022-08-01 22:00:00-04:00,12879.5489,SL,-1.0,-1.0738
2022-08-02 10:00:00-04:00,BUY,12893.2,12831.03447,13094.4,2022-08-03 09:30:00-04:00,13094.4,TP,3.2365,3.1883
2022-08-04 06:00:00-04:00,BUY,13322.7,13292.27471,13556.6,2022-08-04 07:00:00-04:00,13292.27471,SL,-1.0,-1.0986
2022-08-04 08:30:00-04:00,BUY,13305.7,13291.56684,13556.6,2022-08-04 09:00:00-04:00,13291.56684,SL,-1.0,-1.2123
2022-08-04 10:30:00-04:00,BUY,13242.7,13207.93886,13556.6,2022-08-04 11:00:00-04:00,13207.93886,SL,-1.0,-1.0863
2022-08-08 09:30:00-04:00,BUY,13378.4,13360.6666,13556.6,2022-08-08 10:00:00-04:00,13360.6666,SL,-1.0,-1.1692
2022-08-11 08:30:00-04:00,BUY,13491.5,13462.30296,13556.6,2022-08-11 09:30:00-04:00,13462.30296,SL,-1.0,-1.1028
2022-08-11 12:00:00-04:00,BUY,13394.4,13365.13994,13589.1,2022-08-11 14:00:00-04:00,13365.13994,SL,-1.0,-1.1025
2022-08-15 09:30:00-04:00,BUY,13605.9,13554.04577,13783.2,2022-08-15 10:00:00-04:00,13554.04577,SL,-1.0,-1.0579
2022-08-15 11:00:00-04:00,BUY,13580.6,13552.87358,13783.2,2022-08-16 10:00:00-04:00,13552.87358,SL,-1.0,-1.1082
2022-08-17 06:30:00-04:00,BUY,13535.3,13508.31092,13653.8,2022-08-17 07:00:00-04:00,13508.31092,SL,-1.0,-1.1112
2022-08-23 02:00:00-04:00,SELL,12830.4,12866.42266,12805.2,2022-08-23 03:00:00-04:00,12866.42266,SL,-1.0,-1.0833
2022-08-23 10:00:00-04:00,SELL,12937.7,12957.91142,12808.9,2022-08-23 10:30:00-04:00,12957.91142,SL,-1.0,-1.1484
2022-08-24 03:00:00-04:00,SELL,12840.2,12857.48799,12808.9,2022-08-24 04:00:00-04:00,12857.48799,SL,-1.0,-1.1735
2022-08-25 10:30:00-04:00,SELL,13062.2,13078.20335,12840.7,2022-08-25 13:30:00-04:00,13078.20335,SL,-1.0,-1.1875
2022-08-30 10:00:00-04:00,SELL,12395.7,12483.34302,12249.9,2022-08-30 13:30:00-04:00,12249.9,TP,1.6636,1.6293
2022-09-01 10:30:00-04:00,SELL,12044.1,12114.4409,11867.5,2022-09-01 13:30:00-04:00,12114.4409,SL,-1.0,-1.0426
2022-09-06 09:30:00-04:00,SELL,12040.2,12058.88052,12009.3,2022-09-06 10:00:00-04:00,12009.3,TP,1.6541,1.4935
2022-09-06 12:00:00-04:00,SELL,12036.1,12063.03941,11867.5,2022-09-06 12:30:00-04:00,12063.03941,SL,-1.0,-1.1114
2022-09-12 09:30:00-04:00,BUY,12739.0,12648.27316,13206.7,2022-09-12 12:00:00-04:00,12648.27316,SL,-1.0,-1.0331
2022-09-14 07:30:00-04:00,SELL,12015.2,12032.16774,11919.2,2022-09-14 08:00:00-04:00,12032.16774,SL,-1.0,-1.1768
2022-09-19 11:00:00-04:00,SELL,11836.6,11891.346,11725.3,2022-09-19 15:00:00-04:00,11891.346,SL,-1.0,-1.0548
2022-09-21 14:00:00-04:00,SELL,11778.5,11806.60874,11488.3,2022-09-21 14:30:00-04:00,11806.60874,SL,-1.0,-1.1067
2022-09-21 15:30:00-04:00,SELL,11658.2,11813.71814,11488.3,2022-09-21 21:00:00-04:00,11488.3,TP,1.0925,1.0732
2022-09-27 09:30:00-04:00,SELL,11425.3,11480.77043,11229.2,2022-09-27 12:00:00-04:00,11229.2,TP,3.5352,3.4811
2022-09-27 13:00:00-04:00,SELL,11212.9,11240.61801,11162.6,2022-09-27 14:30:00-04:00,11240.61801,SL,-1.0,-1.1082
2022-09-28 04:00:00-04:00,SELL,11135.0,11179.97509,11093.8,2022-09-28 05:00:00-04:00,11093.8,TP,0.9161,0.8494
2022-09-28 07:00:00-04:00,SELL,11148.6,11181.76781,11042.1,2022-09-28 08:00:00-04:00,11181.76781,SL,-1.0,-1.0904
2022-10-05 03:00:00-04:00,SELL,11495.6,11508.13708,10883.6,2022-10-05 03:30:00-04:00,11508.13708,SL,-1.0,-1.2393
2022-10-05 04:00:00-04:00,SELL,11458.6,11508.77208,10883.6,2022-10-05 13:00:00-04:00,11508.77208,SL,-1.0,-1.0598
2022-10-07 02:00:00-04:00,SELL,11403.8,11437.08408,11308.3,2022-10-07 03:00:00-04:00,11437.08408,SL,-1.0,-1.0901
2022-10-07 08:30:00-04:00,SELL,11293.4,11403.02274,10883.6,2022-10-10 10:30:00-04:00,10883.6,TP,3.7383,3.7109
2022-10-10 15:30:00-04:00,SELL,10930.9,10952.23421,10675.3,2022-10-10 18:30:00-04:00,10952.23421,SL,-1.0,-1.1406
2022-10-11 09:30:00-04:00,SELL,10772.4,10812.25138,10675.3,2022-10-11 10:30:00-04:00,10812.25138,SL,-1.0,-1.0753
2022-10-11 14:30:00-04:00,SELL,10769.6,10816.0151,10675.3,2022-10-11 18:30:00-04:00,10816.0151,SL,-1.0,-1.0646
2022-10-13 08:00:00-04:00,SELL,10886.7,10934.39107,10755.9,2022-10-13 08:30:00-04:00,10755.9,TP,2.7427,2.6797
2022-10-21 08:00:00-04:00,SELL,10910.8,10954.97097,10710.1,2022-10-21 09:00:00-04:00,10954.97097,SL,-1.0,-1.0679
2022-10-25 09:30:00-04:00,BUY,11612.9,11467.8033,11660.1,2022-10-25 11:30:00-04:00,11660.1,TP,0.3253,0.3046
2022-10-26 10:00:00-04:00,BUY,11542.2,11524.32068,11690.4,2022-10-26 12:30:00-04:00,11524.32068,SL,-1.0,-1.1678
2022-10-27 03:30:00-04:00,BUY,11409.2,11396.98263,11667.4,2022-10-27 04:00:00-04:00,11396.98263,SL,-1.0,-1.2456
2022-11-02 14:00:00-04:00,BUY,11402.4,11347.67939,11585.9,2022-11-02 14:30:00-04:00,11347.67939,SL,-1.0,-1.0548
2022-11-03 06:00:00-04:00,SELL,10834.9,10882.20715,10710.1,2022-11-03 09:30:00-04:00,10710.1,TP,2.6381,2.5747
2022-11-07 10:00:00-05:00,SELL,10862.7,10890.79423,10782.4,2022-11-07 10:30:00-05:00,10890.79423,SL,-1.0,-1.1068
2022-11-08 05:00:00-05:00,SELL,11022.7,11038.29751,10816.6,2022-11-08 06:30:00-05:00,11038.29751,SL,-1.0,-1.1923
2022-11-08 14:00:00-05:00,SELL,10914.8,10936.25657,10816.6,2022-11-08 14:30:00-05:00,10936.25657,SL,-1.0,-1.1398
2022-11-09 13:00:00-05:00,SELL,10886.5,10909.35916,10816.6,2022-11-09 14:30:00-05:00,10816.6,TP,3.0579,2.9266
2022-11-14 12:00:00-05:00,BUY,11794.4,11776.05979,11847.2,2022-11-14 13:00:00-05:00,11847.2,TP,2.8789,2.7153
2022-11-15 07:00:00-05:00,BUY,11880.8,11866.47358,12068.9,2022-11-15 08:30:00-05:00,12068.9,TP,13.1296,12.9202
2022-11-18 05:30:00-05:00,BUY,11782.2,11740.68317,11799.8,2022-11-18 07:00:00-05:00,11799.8,TP,0.4239,0.3517
2022-11-18 11:00:00-05:00,BUY,11671.6,11637.58674,11932.6,2022-11-18 11:30:00-05:00,11637.58674,SL,-1.0,-1.0882
2022-11-23 04:30:00-05:00,BUY,11751.2,11730.62819,11816.2,2022-11-23 05:30:00-05:00,11730.62819,SL,-1.0,-1.1458
2022-11-23 06:00:00-05:00,BUY,11742.9,11730.6935,11816.2,2022-11-23 08:30:00-05:00,11730.6935,SL,-1.0,-1.2458
2022-11-24 04:00:00-05:00,BUY,11898.2,11879.9943,11932.6,2022-11-24 09:30:00-05:00,11879.9943,SL,-1.0,-1.1648
2022-11-25 02:00:00-05:00,BUY,11893.6,11876.38934,11904.6,2022-11-25 03:00:00-05:00,11876.38934,SL,-1.0,-1.1743
2022-11-29 11:00:00-05:00,SELL,11474.9,11566.73295,10798.5,2022-11-30 04:00:00-05:00,11566.73295,SL,-1.0,-1.0327
2022-11-30 13:30:00-05:00,BUY,11737.3,11570.70913,11771.6,2022-11-30 14:00:00-05:00,11771.6,TP,0.2059,0.1879
2022-12-01 09:30:00-05:00,BUY,12094.1,12059.59435,12178.7,2022-12-01 10:00:00-05:00,12059.59435,SL,-1.0,-1.0869
2022-12-01 12:00:00-05:00,BUY,12020.8,11966.71295,12178.7,2022-12-02 08:30:00-05:00,11966.71295,SL,-1.0,-1.0555
2022-12-06 09:30:00-05:00,SELL,11655.3,11778.41653,11483.4,2022-12-07 06:30:00-05:00,11483.4,TP,1.3962,1.3719
2022-12-07 09:30:00-05:00,SELL,11463.2,11500.15734,10798.5,2022-12-07 10:00:00-05:00,11500.15734,SL,-1.0,-1.0812
2022-12-07 11:00:00-05:00,SELL,11460.5,11502.88489,10798.5,2022-12-07 11:30:00-05:00,11502.88489,SL,-1.0,-1.0708
2022-12-07 19:30:00-05:00,SELL,11472.5,11500.7226,11415.1,2022-12-08 01:30:00-05:00,11500.7226,SL,-1.0,-1.1063
2022-12-13 04:00:00-05:00,BUY,11743.2,11717.34466,11835.6,2022-12-13 08:00:00-05:00,11835.6,TP,3.5737,3.4577
2022-12-14 10:00:00-05:00,BUY,11919.8,11891.90285,12210.7,2022-12-14 10:30:00-05:00,11891.90285,SL,-1.0,-1.1075
2022-12-15 04:00:00-05:00,SELL,11603.3,11621.64253,11532.2,2022-12-15 07:30:00-05:00,11621.64253,SL,-1.0,-1.1636
2022-12-15 08:00:00-05:00,SELL,11575.8,11621.18575,11532.2,2022-12-15 08:30:00-05:00,11532.2,TP,0.9607,0.8946
2022-12-16 03:00:00-05:00,SELL,11230.9,11298.80669,10798.5,2022-12-16 07:30:00-05:00,11298.80669,SL,-1.0,-1.0442
2022-12-16 11:30:00-05:00,SELL,11192.7,11212.08664,10798.5,2022-12-16 12:00:00-05:00,11212.08664,SL,-1.0,-1.1547
2022-12-16 13:00:00-05:00,SELL,11175.8,11211.84493,10798.5,2022-12-16 14:00:00-05:00,11211.84493,SL,-1.0,-1.0832
2022-12-19 09:30:00-05:00,SELL,11160.6,11230.40215,10798.5,2022-12-21 10:30:00-05:00,11230.40215,SL,-1.0,-1.043
2022-12-22 09:30:00-05:00,SELL,11020.1,11082.43914,10959.7,2022-12-22 10:00:00-05:00,10959.7,TP,0.9689,0.9208
2022-12-23 10:30:00-05:00,SELL,10913.6,10988.57039,10767.6,2022-12-26 18:00:00-05:00,10988.57039,SL,-1.0,-1.04
2022-12-28 10:30:00-05:00,SELL,10735.1,10805.3465,10630.1,2022-12-29 08:30:00-05:00,10805.3465,SL,-1.0,-1.0427
2023-01-05 10:30:00-05:00,SELL,10766.5,10795.55688,10666.1,2023-01-05 11:00:00-05:00,10795.55688,SL,-1.0,-1.1032
2023-01-06 01:00:00-05:00,SELL,10769.7,10791.732,10729.5,2023-01-06 04:00:00-05:00,10729.5,TP,1.8246,1.6885
2023-01-06 05:30:00-05:00,SELL,10716.5,10734.58063,10666.1,2023-01-06 06:00:00-05:00,10734.58063,SL,-1.0,-1.1659
2023-01-10 10:30:00-05:00,BUY,11137.4,11046.06179,11314.2,2023-01-11 10:00:00-05:00,11314.2,TP,1.9357,1.9028
2023-01-12 08:30:00-05:00,BUY,11478.3,11415.07666,11953.5,2023-01-12 09:00:00-05:00,11415.07666,SL,-1.0,-1.0475
2023-01-12 15:30:00-05:00,BUY,11464.1,11410.67705,11511.1,2023-01-12 21:00:00-05:00,11410.67705,SL,-1.0,-1.0562
2023-01-13 11:30:00-05:00,BUY,11418.2,11397.63947,11511.1,2023-01-13 14:30:00-05:00,11511.1,TP,4.5184,4.3725
2023-01-17 09:30:00-05:00,BUY,11553.7,11543.42335,11576.1,2023-01-17 10:00:00-05:00,11576.1,TP,2.1797,1.8878
2023-01-17 15:30:00-05:00,BUY,11562.7,11541.82962,11624.1,2023-01-17 18:00:00-05:00,11541.82962,SL,-1.0,-1.1437
2023-01-18 09:30:00-05:00,BUY,11660.5,11627.07412,11953.5,2023-01-18 10:00:00-05:00,11627.07412,SL,-1.0,-1.0898
2023-01-20 10:00:00-05:00,BUY,11430.2,11389.35776,11699.5,2023-01-23 09:30:00-05:00,11699.5,TP,6.5937,6.5202
2023-01-27 09:30:00-05:00,BUY,12078.1,12049.85388,12210.7,2023-01-27 10:30:00-05:00,12049.85388,SL,-1.0,-1.1062
2023-01-30 10:30:00-05:00,BUY,11983.5,11962.36836,12260.0,2023-01-30 12:30:00-05:00,11962.36836,SL,-1.0,-1.142
2023-02-01 07:00:00-05:00,BUY,12126.3,12103.76676,12260.0,2023-02-01 07:30:00-05:00,12103.76676,SL,-1.0,-1.1331
2023-02-01 14:30:00-05:00,BUY,12298.3,12116.51543,12879.7,2023-02-02 13:30:00-05:00,12879.7,TP,3.1983,3.1818
2023-02-07 12:30:00-05:00,BUY,12706.2,12529.28055,12839.8,2023-02-07 13:00:00-05:00,12529.28055,SL,-1.0,-1.017
2023-02-07 13:30:00-05:00,BUY,12478.0,12429.18659,12839.8,2023-02-09 14:00:00-05:00,12429.18659,SL,-1.0,-1.0615
2023-02-13 09:30:00-05:00,BUY,12429.6,12378.25371,12692.6,2023-02-14 09:30:00-05:00,12378.25371,SL,-1.0,-1.0584
2023-02-15 10:00:00-05:00,BUY,12546.8,12489.60209,12633.9,2023-02-15 11:30:00-05:00,12633.9,TP,1.5228,1.4703
2023-02-21 02:00:00-05:00,SELL,12303.1,12312.57715,12234.8,2023-02-21 03:30:00-05:00,12234.8,TP,7.2068,6.8903
2023-02-21 10:00:00-05:00,SELL,12162.5,12209.95085,12015.1,2023-02-22 10:30:00-05:00,12015.1,TP,3.1064,3.0431
2023-02-22 14:30:00-05:00,SELL,12039.8,12079.0303,11829.2,2023-02-22 15:00:00-05:00,12079.0303,SL,-1.0,-1.0765
2023-02-23 03:30:00-05:00,SELL,12182.1,12193.05542,12011.3,2023-02-23 04:00:00-05:00,12193.05542,SL,-1.0,-1.2738
2023-02-23 10:30:00-05:00,SELL,12089.4,12134.15238,12011.3,2023-02-23 11:30:00-05:00,12011.3,TP,1.7452,1.6781
2023-02-24 08:30:00-05:00,SELL,11972.5,12010.41253,11829.2,2023-02-24 09:30:00-05:00,12010.41253,SL,-1.0,-1.0791
2023-02-28 04:00:00-05:00,SELL,12030.5,12041.72934,11985.2,2023-02-28 04:30:00-05:00,12041.72934,SL,-1.0,-1.2672
2023-03-01 10:00:00-05:00,SELL,11951.7,11977.47458,11897.6,2023-03-01 10:30:00-05:00,11977.47458,SL,-1.0,-1.1164
2023-03-01 11:00:00-05:00,SELL,11934.5,11978.81778,11897.6,2023-03-01 11:30:00-05:00,11978.81778,SL,-1.0,-1.0677
2023-03-03 05:00:00-05:00,BUY,12079.5,12071.59995,12122.5,2023-03-03 05:30:00-05:00,12071.59995,SL,-1.0,-1.3797
2023-03-03 08:30:00-05:00,BUY,12121.0,12071.19476,12152.5,2023-03-03 09:30:00-05:00,12152.5,TP,0.6325,0.5722
2023-03-06 09:30:00-05:00,BUY,12368.2,12358.68815,12390.5,2023-03-06 10:00:00-05:00,12358.68815,SL,-1.0,-1.3154
2023-03-06 13:00:00-05:00,BUY,12382.4,12357.26113,12759.7,2023-03-06 13:30:00-05:00,12357.26113,SL,-1.0,-1.1193
2023-03-07 09:00:00-05:00,SELL,12310.9,12322.18144,12300.0,2023-03-07 09:30:00-05:00,12322.18144,SL,-1.0,-1.2659
2023-03-07 10:00:00-05:00,SELL,12226.1,12324.4739,11994.1,2023-03-09 09:30:00-05:00,12324.4739,SL,-1.0,-1.0305
2023-03-09 13:30:00-05:00,SELL,12104.8,12134.71435,11994.1,2023-03-09 15:00:00-05:00,11994.1,TP,3.7006,3.6003
2023-03-13 08:30:00-04:00,SELL,11772.8,11805.95118,11554.7,2023-03-13 09:00:00-04:00,11805.95118,SL,-1.0,-1.0905
2023-03-15 10:30:00-04:00,BUY,12102.0,12026.43121,12244.7,2023-03-15 14:00:00-04:00,12244.7,TP,1.8883,1.8486
2023-03-16 10:30:00-04:00,BUY,12391.8,12317.66117,12471.7,2023-03-16 11:30:00-04:00,12471.7,TP,1.0777,1.0372
2023-03-20 03:30:00-04:00,BUY,12468.6,12435.97897,12610.4,2023-03-20 04:00:00-04:00,12435.97897,SL,-1.0,-1.092
2023-03-21 07:00:00-04:00,BUY,12648.6,12608.69508,12682.0,2023-03-21 09:30:00-04:00,12682.0,TP,0.837,0.7618
2023-03-21 11:00:00-04:00,BUY,12634.6,12606.74555,12759.7,2023-03-21 11:30:00-04:00,12606.74555,SL,-1.0,-1.1077
2023-03-22 10:00:00-04:00,BUY,12811.1,12769.49966,12839.8,2023-03-22 11:00:00-04:00,12769.49966,SL,-1.0,-1.0721
2023-03-22 15:00:00-04:00,BUY,12829.8,12677.07931,13206.7,2023-03-22 15:30:00-04:00,12677.07931,SL,-1.0,-1.0196
2023-03-24 09:30:00-04:00,BUY,12703.0,12605.46346,12802.3,2023-03-24 16:30:00-04:00,12802.3,TP,1.0181,0.9873
2023-03-29 03:00:00-04:00,BUY,12738.8,12717.64059,12850.9,2023-03-29 04:00:00-04:00,12717.64059,SL,-1.0,-1.1418
2023-03-30 03:00:00-04:00,BUY,12885.0,12877.70721,12911.2,2023-03-30 04:30:00-04:00,12877.70721,SL,-1.0,-1.4114
2023-03-31 10:00:00-04:00,BUY,13041.5,13025.45054,13206.7,2023-04-04 05:30:00-04:00,13206.7,TP,10.2932,10.1063
2023-04-06 06:00:00-04:00,BUY,12926.2,12910.49301,13130.5,2023-04-06 09:00:00-04:00,12910.49301,SL,-1.0,-1.191
2023-04-06 11:30:00-04:00,BUY,13017.0,12968.83323,13130.5,2023-04-10 08:00:00-04:00,12968.83323,SL,-1.0,-1.0623
2023-04-12 03:30:00-04:00,BUY,12962.6,12948.47746,13031.2,2023-04-12 08:30:00-04:00,13031.2,TP,4.8575,4.6451
2023-04-14 09:30:00-04:00,BUY,13137.4,13112.86782,13242.2,2023-04-14 10:00:00-04:00,13112.86782,SL,-1.0,-1.1223
2023-04-18 03:00:00-04:00,BUY,13102.0,13096.17898,13113.4,2023-04-18 03:30:00-04:00,13096.17898,SL,-1.0,-1.5154
2023-04-18 04:00:00-04:00,BUY,13131.0,13095.80157,13157.4,2023-04-18 04:30:00-04:00,13157.4,TP,0.75,0.6648
2023-04-25 11:00:00-04:00,SELL,12871.6,12894.55057,12827.5,2023-04-25 12:00:00-04:00,12827.5,TP,1.9215,1.7908
2023-04-28 08:30:00-04:00,BUY,13135.0,13112.24746,13161.0,2023-04-28 09:30:00-04:00,13112.24746,SL,-1.0,-1.1319
2023-05-11 04:00:00-04:00,BUY,13397.0,13386.88833,13556.1,2023-05-11 04:30:00-04:00,13386.88833,SL,-1.0,-1.2967
2023-05-16 03:30:00-04:00,BUY,13439.2,13426.45635,13556.1,2023-05-16 04:30:00-04:00,13426.45635,SL,-1.0,-1.2354
2023-05-16 10:00:00-04:00,BUY,13457.7,13439.97906,13556.1,2023-05-16 10:30:00-04:00,13439.97906,SL,-1.0,-1.1693
2023-05-16 19:30:00-04:00,BUY,13449.0,13439.82954,13506.8,2023-05-17 03:00:00-04:00,13439.82954,SL,-1.0,-1.3271
2023-05-17 10:30:00-04:00,BUY,13484.9,13467.99869,13506.8,2023-05-17 11:00:00-04:00,13467.99869,SL,-1.0,-1.1775
2023-05-18 09:30:00-04:00,BUY,13663.8,13614.54024,13730.3,2023-05-18 10:30:00-04:00,13730.3,TP,1.35,1.2891
2023-05-22 09:30:00-04:00,BUY,13888.1,13832.74275,13912.7,2023-05-22 10:00:00-04:00,13832.74275,SL,-1.0,-1.0542
2023-05-22 10:30:00-04:00,BUY,13868.4,13831.8338,13912.7,2023-05-22 13:00:00-04:00,13831.8338,SL,-1.0,-1.082
2023-05-25 10:30:00-04:00,BUY,13896.2,13838.60996,14286.6,2023-05-26 12:30:00-04:00,14286.6,TP,6.7789,6.7269
2023-05-30 03:00:00-04:00,BUY,14383.1,14378.19197,14402.0,2023-05-30 03:30:00-04:00,14402.0,TP,3.8508,3.2396
2023-06-01 09:30:00-04:00,BUY,14280.7,14215.40567,14384.0,2023-06-01 11:30:00-04:00,14384.0,TP,1.5821,1.5361
2023-06-02 05:00:00-04:00,BUY,14530.5,14496.70842,14540.9,2023-06-02 08:30:00-04:00,14496.70842,SL,-1.0,-1.0888
2023-06-02 09:00:00-04:00,BUY,14517.7,14495.78402,14540.9,2023-06-02 09:30:00-04:00,14495.78402,SL,-1.0,-1.1369
2023-06-02 10:30:00-04:00,BUY,14560.5,14492.76695,14642.7,2023-06-04 20:00:00-04:00,14492.76695,SL,-1.0,-1.0443
2023-06-05 09:30:00-04:00,BUY,14576.5,14548.97074,14642.7,2023-06-05 10:30:00-04:00,14642.7,TP,2.4047,2.2957
2023-06-05 21:30:00-04:00,BUY,14570.9,14548.23288,14673.9,2023-06-06 02:30:00-04:00,14548.23288,SL,-1.0,-1.1324
2023-06-06 09:30:00-04:00,BUY,14526.6,14518.91031,14595.2,2023-06-06 10:00:00-04:00,14518.91031,SL,-1.0,-1.3901
2023-06-07 09:30:00-04:00,BUY,14613.9,14579.91858,14673.9,2023-06-07 10:00:00-04:00,14579.91858,SL,-1.0,-1.0883
2023-06-09 08:00:00-04:00,BUY,14519.6,14503.50843,14657.6,2023-06-09 09:30:00-04:00,14657.6,TP,8.5759,8.3895
2023-06-14 03:00:00-04:00,BUY,14945.9,14935.18994,14975.0,2023-06-14 06:30:00-04:00,14935.18994,SL,-1.0,-1.2801
2023-06-14 08:00:00-04:00,BUY,14945.4,14935.8988,14975.0,2023-06-14 08:30:00-04:00,14935.8988,SL,-1.0,-1.3157
2023-06-14 09:30:00-04:00,BUY,14942.2,14898.52021,14973.1,2023-06-14 10:00:00-04:00,14973.1,TP,0.7074,0.6387
2023-06-14 11:00:00-04:00,BUY,15018.6,14966.61704,15200.3,2023-06-14 13:00:00-04:00,14966.61704,SL,-1.0,-1.0577
2023-06-15 10:00:00-04:00,BUY,15089.9,15044.42092,15200.3,2023-06-15 10:30:00-04:00,15044.42092,SL,-1.0,-1.066
2023-06-16 09:00:00-04:00,BUY,15298.0,15259.68283,15351.7,2023-06-16 09:30:00-04:00,15259.68283,SL,-1.0,-1.0783
2023-06-20 03:00:00-04:00,BUY,15066.1,15059.89252,15092.0,2023-06-20 04:00:00-04:00,15059.89252,SL,-1.0,-1.4833
2023-06-28 10:30:00-04:00,BUY,15029.3,14981.88865,15073.3,2023-06-28 11:00:00-04:00,14981.88865,SL,-1.0,-1.0633
2023-06-29 01:30:00-04:00,BUY,15002.1,14984.11099,15069.9,2023-06-29 03:00:00-04:00,14984.11099,SL,-1.0,-1.1668
2023-06-30 08:30:00-04:00,BUY,15091.2,15050.78505,15121.5,2023-06-30 09:30:00-04:00,15121.5,TP,0.7497,0.6755
2023-07-03 04:00:00-04:00,BUY,15237.8,15220.61126,15300.5,2023-07-03 06:00:00-04:00,15220.61126,SL,-1.0,-1.1745
2023-07-05 12:00:00-04:00,BUY,15233.5,15213.15256,15300.5,2023-07-05 12:30:00-04:00,15213.15256,SL,-1.0,-1.1474
2023-07-05 13:30:00-04:00,BUY,15234.0,15213.35027,15300.5,2023-07-05 14:00:00-04:00,15213.35027,SL,-1.0,-1.1453
2023-07-07 09:30:00-04:00,BUY,15137.6,15107.66857,15294.0,2023-07-07 10:00:00-04:00,15107.66857,SL,-1.0,-1.1002
2023-07-07 10:30:00-04:00,BUY,15103.0,15035.01014,15294.0,2023-07-09 18:00:00-04:00,15035.01014,SL,-1.0,-1.0441
2023-07-11 02:00:00-04:00,BUY,15102.6,15080.50081,15224.6,2023-07-11 03:30:00-04:00,15080.50081,SL,-1.0,-1.1358
2023-07-13 03:00:00-04:00,BUY,15398.9,15377.01648,15445.6,2023-07-13 08:30:00-04:00,15445.6,TP,2.134,1.9969
2023-07-14 09:30:00-04:00,BUY,15684.0,15611.26308,15991.5,2023-07-14 13:00:00-04:00,15611.26308,SL,-1.0,-1.0412
2023-07-18 09:00:00-04:00,BUY,15700.4,15682.33554,15729.8,2023-07-18 09:30:00-04:00,15682.33554,SL,-1.0,-1.1661
2023-07-19 11:00:00-04:00,BUY,15917.8,15908.0156,15991.5,2023-07-19 11:30:00-04:00,15908.0156,SL,-1.0,-1.3066
2023-07-24 11:30:00-04:00,BUY,15460.0,15417.101,15609.3,2023-07-25 13:00:00-04:00,15609.3,TP,3.4803,3.4103
2023-07-26 09:30:00-04:00,BUY,15530.2,15479.57086,15581.4,2023-07-26 10:30:00-04:00,15479.57086,SL,-1.0,-1.0593
2023-08-01 04:30:00-04:00,BUY,15729.5,15712.24707,15806.0,2023-08-01 05:00:00-04:00,15712.24707,SL,-1.0,-1.1739
2023-08-01 05:30:00-04:00,BUY,15724.3,15712.15559,15806.0,2023-08-01 07:30:00-04:00,15712.15559,SL,-1.0,-1.247
2023-08-01 11:00:00-04:00,BUY,15739.8,15709.95304,15806.0,2023-08-01 12:00:00-04:00,15709.95304,SL,-1.0,-1.1005
2023-08-04 09:30:00-04:00,SELL,15373.1,15493.75685,15262.9,2023-08-04 11:30:00-04:00,15493.75685,SL,-1.0,-1.0249
2023-08-08 09:30:00-04:00,SELL,15225.9,15271.0321,14981.8,2023-08-08 14:30:00-04:00,15271.0321,SL,-1.0,-1.0665
2023-08-09 10:30:00-04:00,SELL,15139.5,15159.5212,14981.8,2023-08-09 11:00:00-04:00,15159.5212,SL,-1.0,-1.1498
2023-08-09 12:30:00-04:00,SELL,15122.3,15160.20607,14981.8,2023-08-09 13:00:00-04:00,15160.20607,SL,-1.0,-1.0791
2023-08-09 15:30:00-04:00,SELL,15109.3,15161.3197,14981.8,2023-08-09 20:00:00-04:00,15161.3197,SL,-1.0,-1.0577
2023-08-11 08:30:00-04:00,SELL,15029.8,15076.24578,14981.8,2023-08-11 10:00:00-04:00,15076.24578,SL,-1.0,-1.0646
2023-08-11 10:30:00-04:00,SELL,15034.3,15078.24746,14981.8,2023-08-11 11:30:00-04:00,14981.8,TP,1.1946,1.1263
2023-08-16 08:30:00-04:00,SELL,15008.0,15022.98952,14976.2,2023-08-16 09:30:00-04:00,15022.98952,SL,-1.0,-1.2001
2023-08-16 11:30:00-04:00,SELL,14985.4,15025.05506,14961.8,2023-08-16 12:00:00-04:00,14961.8,TP,0.5951,0.5195
2023-08-17 11:00:00-04:00,SELL,14811.1,14837.19559,14738.4,2023-08-17 11:30:00-04:00,14837.19559,SL,-1.0,-1.115
2023-08-25 10:30:00-04:00,SELL,14718.7,14754.50295,14671.0,2023-08-25 11:00:00-04:00,14754.50295,SL,-1.0,-1.0838
2023-08-29 03:00:00-04:00,BUY,15106.3,15088.05219,15373.8,2023-08-29 03:30:00-04:00,15088.05219,SL,-1.0,-1.1644
2023-08-29 09:30:00-04:00,BUY,15125.3,15109.09347,15373.8,2023-08-29 14:30:00-04:00,15373.8,TP,15.3333,15.1482
2023-08-31 09:30:00-04:00,BUY,15535.1,15493.16944,15638.9,2023-08-31 12:00:00-04:00,15493.16944,SL,-1.0,-1.0715
2023-09-01 08:30:00-04:00,BUY,15607.9,15570.46808,15638.9,2023-09-01 09:30:00-04:00,15570.46808,SL,-1.0,-1.0801
2023-09-01 10:00:00-04:00,BUY,15554.6,15464.50635,15638.9,2023-09-01 10:30:00-04:00,15464.50635,SL,-1.0,-1.0333
2023-09-11 03:00:00-04:00,BUY,15401.7,15380.9519,15495.4,2023-09-11 04:30:00-04:00,15380.9519,SL,-1.0,-1.1446
2023-09-11 11:00:00-04:00,BUY,15404.4,15379.10109,15495.4,2023-09-11 11:30:00-04:00,15379.10109,SL,-1.0,-1.1186
2023-09-11 12:30:00-04:00,BUY,15404.7,15378.98847,15495.4,2023-09-11 15:00:00-04:00,15495.4,TP,3.5276,3.4109
2023-09-14 10:00:00-04:00,BUY,15396.4,15374.85804,15470.5,2023-09-14 10:30:00-04:00,15470.5,TP,3.4398,3.3005
2023-09-14 11:30:00-04:00,BUY,15494.6,15440.88884,15565.6,2023-09-15 08:30:00-04:00,15440.88884,SL,-1.0,-1.0559
2023-09-18 07:30:00-04:00,SELL,15165.4,15179.97779,15140.0,2023-09-18 08:00:00-04:00,15179.97779,SL,-1.0,-1.2058
2023-09-19 09:00:00-04:00,SELL,15181.2,15210.07456,15155.0,2023-09-19 09:30:00-04:00,15155.0,TP,0.9074,0.8035
2023-09-19 14:00:00-04:00,SELL,15188.9,15212.23947,15018.8,2023-09-19 14:30:00-04:00,15212.23947,SL,-1.0,-1.1285
2023-09-20 11:00:00-04:00,SELL,15162.3,15173.99061,15075.2,2023-09-20 11:30:00-04:00,15173.99061,SL,-1.0,-1.2566
2023-09-20 14:00:00-04:00,SELL,15158.8,15174.81196,15075.2,2023-09-20 14:30:00-04:00,15174.81196,SL,-1.0,-1.1874
2023-09-25 04:30:00-04:00,SELL,14678.2,14691.33626,14553.5,2023-09-25 05:00:00-04:00,14691.33626,SL,-1.0,-1.2284
2023-09-25 07:30:00-04:00,SELL,14660.7,14691.44544,14553.5,2023-09-25 09:30:00-04:00,14691.44544,SL,-1.0,-1.0976
2023-09-25 10:00:00-04:00,SELL,14667.4,14693.32423,14553.5,2023-09-25 10:30:00-04:00,14693.32423,SL,-1.0,-1.1157
2023-09-26 09:30:00-04:00,SELL,14612.9,14642.74308,14553.5,2023-09-26 10:30:00-04:00,14642.74308,SL,-1.0,-1.1005
2023-09-27 09:30:00-04:00,SELL,14611.9,14648.91416,14511.0,2023-09-27 12:00:00-04:00,14511.0,TP,2.726,2.6449
2023-09-27 13:00:00-04:00,SELL,14467.6,14518.86363,14447.2,2023-09-27 13:30:00-04:00,14447.2,TP,0.3979,0.3394
2023-09-27 15:00:00-04:00,SELL,14613.7,14663.35942,14241.4,2023-09-28 11:00:00-04:00,14663.35942,SL,-1.0,-1.0604
2023-10-03 07:00:00-04:00,SELL,14771.4,14806.48952,14684.1,2023-10-03 09:30:00-04:00,14806.48952,SL,-1.0,-1.0855
2023-10-03 10:00:00-04:00,SELL,14633.7,14809.87339,14507.7,2023-10-03 23:30:00-04:00,14507.7,TP,0.7152,0.6982
2023-10-06 08:30:00-04:00,SELL,14548.6,14709.17113,14450.2,2023-10-06 10:00:00-04:00,14709.17113,SL,-1.0,-1.0187
2023-10-10 10:00:00-04:00,BUY,15163.1,15105.05036,15262.3,2023-10-11 09:30:00-04:00,15262.3,TP,1.7089,1.6572
2023-10-12 12:00:00-04:00,BUY,15339.6,15318.72529,15536.8,2023-10-12 12:30:00-04:00,15318.72529,SL,-1.0,-1.1437
2023-10-12 14:00:00-04:00,BUY,15142.8,15120.57254,15536.8,2023-10-13 05:30:00-04:00,15120.57254,SL,-1.0,-1.135
2023-10-16 09:30:00-04:00,BUY,15113.3,15064.68542,15245.9,2023-10-17 08:30:00-04:00,15064.68542,SL,-1.0,-1.0617
2023-10-20 10:00:00-04:00,SELL,14660.9,14699.64722,14525.1,2023-10-23 05:00:00-04:00,14525.1,TP,3.5048,3.4273
2023-10-25 09:30:00-04:00,SELL,14559.8,14628.91752,14417.4,2023-10-25 13:00:00-04:00,14417.4,TP,2.0603,2.0169
2023-10-26 12:00:00-04:00,SELL,14104.5,14181.28163,13890.2,2023-10-26 14:30:00-04:00,14181.28163,SL,-1.0,-1.0391
2023-10-30 11:00:00-04:00,SELL,14261.8,14331.79378,14126.3,2023-10-30 13:30:00-04:00,14331.79378,SL,-1.0,-1.0429
2023-11-01 05:00:00-04:00,SELL,14359.1,14369.35557,14235.4,2023-11-01 07:00:00-04:00,14369.35557,SL,-1.0,-1.2925
2023-11-01 07:30:00-04:00,SELL,14346.1,14369.2097,14235.4,2023-11-01 08:00:00-04:00,14369.2097,SL,-1.0,-1.1298
2023-11-02 03:30:00-04:00,BUY,14747.5,14739.69891,14783.2,2023-11-02 04:00:00-04:00,14739.69891,SL,-1.0,-1.3846
2023-11-03 07:30:00-04:00,BUY,14901.0,14893.01786,14940.8,2023-11-03 08:00:00-04:00,14893.01786,SL,-1.0,-1.3758
2023-11-03 08:30:00-04:00,BUY,14974.3,14891.60744,15030.8,2023-11-03 09:30:00-04:00,15030.8,TP,0.6833,0.647
2023-11-07 09:00:00-05:00,BUY,15210.8,15186.53761,15222.6,2023-11-07 09:30:00-05:00,15186.53761,SL,-1.0,-1.1236
2023-11-09 08:30:00-05:00,BUY,15340.7,15328.29245,15354.4,2023-11-09 09:30:00-05:00,15328.29245,SL,-1.0,-1.2418
2023-11-09 11:00:00-05:00,BUY,15345.4,15326.30177,15536.8,2023-11-09 12:30:00-05:00,15326.30177,SL,-1.0,-1.1571
2023-11-14 05:00:00-05:00,BUY,15543.8,15528.87104,15565.6,2023-11-14 05:30:00-05:00,15528.87104,SL,-1.0,-1.201
2023-11-14 08:00:00-05:00,BUY,15536.5,15528.61148,15565.6,2023-11-14 08:30:00-05:00,15528.61148,SL,-1.0,-1.3803
2023-11-17 05:00:00-05:00,BUY,15853.5,15843.99365,15984.5,2023-11-17 06:00:00-05:00,15843.99365,SL,-1.0,-1.3156
2023-11-17 08:00:00-05:00,BUY,15861.3,15843.98144,15984.5,2023-11-17 08:30:00-05:00,15843.98144,SL,-1.0,-1.1732
2023-11-20 09:30:00-05:00,BUY,15944.2,15877.77007,15984.5,2023-11-20 13:00:00-05:00,15984.5,TP,0.6067,0.5615
2023-11-29 04:00:00-05:00,BUY,16080.7,16050.96979,16126.5,2023-11-29 08:00:00-05:00,16126.5,TP,1.5405,1.4396
2023-12-01 04:00:00-05:00,BUY,15962.7,15951.45464,16064.6,2023-12-01 05:00:00-05:00,15951.45464,SL,-1.0,-1.2668
2023-12-01 12:00:00-05:00,BUY,15990.3,15962.04465,16064.6,2023-12-01 13:30:00-05:00,15962.04465,SL,-1.0,-1.1062
2023-12-01 14:30:00-05:00,BUY,16000.3,15962.39014,16064.6,2023-12-03 19:00:00-05:00,15962.39014,SL,-1.0,-1.0791
2023-12-05 07:30:00-05:00,BUY,15759.5,15735.11029,15860.7,2023-12-05 10:00:00-05:00,15860.7,TP,4.1493,4.0263
2023-12-05 15:30:00-05:00,BUY,15878.2,15853.00192,15979.2,2023-12-06 08:30:00-05:00,15979.2,TP,4.0082,3.8892
2023-12-08 10:00:00-05:00,BUY,16081.2,16036.6844,16175.1,2023-12-08 10:30:00-05:00,16036.6844,SL,-1.0,-1.0674
2023-12-08 13:30:00-05:00,BUY,16070.1,16035.46198,16175.1,2023-12-11 09:30:00-05:00,16175.1,TP,3.0314,2.9447
2023-12-12 07:30:00-05:00,BUY,16293.4,16283.43033,16575.0,2023-12-12 08:30:00-05:00,16283.43033,SL,-1.0,-1.3009
2023-12-12 10:30:00-05:00,BUY,16298.7,16280.95007,16575.0,2023-12-12 12:00:00-05:00,16280.95007,SL,-1.0,-1.169
2023-12-13 08:30:00-05:00,BUY,16433.8,16419.02999,16575.0,2023-12-13 09:00:00-05:00,16419.02999,SL,-1.0,-1.2031
2023-12-18 09:30:00-05:00,BUY,16698.7,16674.1848,16770.6,2023-12-18 13:00:00-05:00,16770.6,TP,2.9329,2.8105
2023-12-22 08:30:00-05:00,BUY,16827.6,16786.23126,16895.3,2023-12-22 14:00:00-05:00,16786.23126,SL,-1.0,-1.0725
2023-12-26 09:30:00-05:00,BUY,16878.2,16870.73311,16895.3,2023-12-26 10:30:00-05:00,16870.73311,SL,-1.0,-1.4018
2023-12-29 09:30:00-05:00,BUY,16928.9,16919.60457,16965.5,2023-12-29 10:00:00-05:00,16919.60457,SL,-1.0,-1.3227
2024-01-02 06:00:00-05:00,SELL,16720.8,16777.73762,16640.0,2024-01-02 09:30:00-05:00,16640.0,TP,1.4191,1.3664
2024-01-03 07:00:00-05:00,SELL,16460.5,16470.53688,16431.5,2024-01-03 08:00:00-05:00,16470.53688,SL,-1.0,-1.2989
2024-01-03 08:30:00-05:00,SELL,16461.0,16470.80765,16431.5,2024-01-03 09:00:00-05:00,16470.80765,SL,-1.0,-1.3059
2024-01-03 11:00:00-05:00,SELL,16434.2,16472.74606,16380.3,2024-01-03 14:00:00-05:00,16380.3,TP,1.3983,1.3205
2024-01-08 04:30:00-05:00,BUY,16275.4,16246.24405,16424.6,2024-01-08 09:30:00-05:00,16424.6,TP,5.1173,5.0144
2024-01-10 04:00:00-05:00,BUY,16756.2,16721.45633,16879.8,2024-01-10 06:00:00-05:00,16721.45633,SL,-1.0,-1.0863
2024-01-10 10:00:00-05:00,BUY,16717.4,16661.42469,16765.2,2024-01-10 12:30:00-05:00,16765.2,TP,0.8539,0.8004
2024-01-11 09:00:00-05:00,BUY,16847.1,16758.57994,16965.5,2024-01-11 10:00:00-05:00,16758.57994,SL,-1.0,-1.0339
2024-01-11 14:00:00-05:00,BUY,16809.7,16754.6906,16916.9,2024-01-12 06:30:00-05:00,16754.6906,SL,-1.0,-1.0545
2024-01-23 03:30:00-05:00,BUY,17329.8,17320.50797,17379.9,2024-01-23 07:30:00-05:00,17379.9,TP,5.3917,5.0689
2024-01-23 09:30:00-05:00,BUY,17367.3,17309.34773,17474.5,2024-01-23 19:30:00-05:00,17474.5,TP,1.8498,1.798
2024-01-29 12:00:00-05:00,BUY,17498.3,17488.34983,17530.2,2024-01-29 12:30:00-05:00,17488.34983,SL,-1.0,-1.3015
2024-02-05 15:00:00-05:00,BUY,17635.3,17588.10628,17685.5,2024-02-06 02:30:00-05:00,17685.5,TP,1.0637,1.0001
2024-02-06 12:00:00-05:00,BUY,17528.4,17469.0712,17690.6,2024-02-07 09:00:00-05:00,17690.6,TP,2.7339,2.6834
2024-02-08 22:30:00-05:00,BUY,17796.7,17784.94908,17822.9,2024-02-09 03:00:00-05:00,17822.9,TP,2.2296,1.9743
2024-02-12 09:30:00-05:00,BUY,17974.8,17946.98347,17993.6,2024-02-12 10:30:00-05:00,17993.6,TP,0.6759,0.568
2024-02-20 03:00:00-05:00,SELL,17611.3,17623.15821,17484.9,2024-02-20 03:30:00-05:00,17623.15821,SL,-1.0,-1.253
2024-02-20 05:00:00-05:00,SELL,17582.5,17623.87786,17484.9,2024-02-20 07:00:00-05:00,17623.87786,SL,-1.0,-1.0725
2024-02-20 09:00:00-05:00,SELL,17610.6,17623.90581,17484.9,2024-02-20 09:30:00-05:00,17623.90581,SL,-1.0,-1.2255
2024-02-23 08:00:00-05:00,BUY,18017.6,18006.03368,18038.2,2024-02-23 08:30:00-05:00,18038.2,TP,1.781,1.5217
2024-02-29 08:30:00-05:00,BUY,17971.0,17890.02205,18006.6,2024-02-29 09:30:00-05:00,18006.6,TP,0.4396,0.4026
2024-03-07 03:00:00-05:00,BUY,17956.0,17910.63782,18157.8,2024-03-07 09:00:00-05:00,18157.8,TP,4.4486,4.3825
2024-03-12 08:30:00-04:00,BUY,18070.3,18049.45472,18425.9,2024-03-12 09:00:00-04:00,18049.45472,SL,-1.0,-1.1439
2024-03-12 10:00:00-04:00,BUY,18119.6,18046.67769,18425.9,2024-03-13 11:30:00-04:00,18046.67769,SL,-1.0,-1.0411
2024-03-19 07:00:00-04:00,SELL,17911.0,17935.53356,17772.7,2024-03-19 11:30:00-04:00,17935.53356,SL,-1.0,-1.1223
2024-03-20 07:00:00-04:00,BUY,18094.2,18061.90569,18153.5,2024-03-20 08:30:00-04:00,18061.90569,SL,-1.0,-1.0929
2024-03-20 10:00:00-04:00,BUY,18073.6,18060.32559,18153.5,2024-03-20 10:30:00-04:00,18060.32559,SL,-1.0,-1.226
2024-03-22 11:30:00-04:00,BUY,18338.9,18309.10686,18386.7,2024-03-22 13:30:00-04:00,18386.7,TP,1.6044,1.5037
2024-03-26 02:30:00-04:00,BUY,18368.2,18358.244,18390.1,2024-03-26 03:00:00-04:00,18390.1,TP,2.1997,1.8984
2024-03-26 04:00:00-04:00,BUY,18375.1,18357.7048,18404.0,2024-03-26 05:30:00-04:00,18404.0,TP,1.6614,1.4889
2024-03-26 09:30:00-04:00,BUY,18382.4,18356.97601,18486.8,2024-03-26 10:00:00-04:00,18356.97601,SL,-1.0,-1.118
2024-03-26 11:30:00-04:00,BUY,18373.0,18356.25036,18486.8,2024-03-26 12:00:00-04:00,18356.25036,SL,-1.0,-1.1791
2024-04-01 11:00:00-04:00,BUY,18278.9,18237.431,18417.9,2024-04-01 11:30:00-04:00,18237.431,SL,-1.0,-1.0723
2024-04-04 08:30:00-04:00,BUY,18348.3,18293.20872,18411.5,2024-04-04 11:00:00-04:00,18293.20872,SL,-1.0,-1.0545
2024-04-09 10:30:00-04:00,SELL,18045.6,18073.85107,17869.7,2024-04-09 11:00:00-04:00,18073.85107,SL,-1.0,-1.1062
2024-04-10 04:30:00-04:00,BUY,18233.1,18225.52923,18379.1,2024-04-10 05:00:00-04:00,18225.52923,SL,-1.0,-1.3963
2024-04-10 08:00:00-04:00,BUY,18237.7,18224.44759,18379.1,2024-04-10 08:30:00-04:00,18224.44759,SL,-1.0,-1.2264
2024-04-10 11:00:00-04:00,BUY,18012.4,17978.74521,18379.1,2024-04-10 11:30:00-04:00,17978.74521,SL,-1.0,-1.0891
2024-04-17 11:00:00-04:00,SELL,17617.7,17637.92193,17326.5,2024-04-17 14:30:00-04:00,17637.92193,SL,-1.0,-1.1484
2024-04-18 13:00:00-04:00,SELL,17441.2,17477.58138,17326.5,2024-04-18 20:00:00-04:00,17326.5,TP,3.1527,3.0703
2024-04-19 14:30:00-04:00,SELL,17018.4,17053.74264,16823.2,2024-04-19 15:00:00-04:00,17053.74264,SL,-1.0,-1.0849
2024-04-22 10:00:00-04:00,SELL,17062.4,17108.49862,16972.4,2024-04-22 11:30:00-04:00,17108.49862,SL,-1.0,-1.0651
2024-04-24 09:30:00-04:00,SELL,17606.5,17624.13806,17018.1,2024-04-24 10:00:00-04:00,17624.13806,SL,-1.0,-1.1701
2024-04-24 11:00:00-04:00,SELL,17528.5,17545.69543,17018.1,2024-04-24 11:30:00-04:00,17545.69543,SL,-1.0,-1.1745
2024-04-24 14:00:00-04:00,SELL,17509.7,17547.19229,17018.1,2024-04-24 15:00:00-04:00,17547.19229,SL,-1.0,-1.08
2024-04-25 03:00:00-04:00,SELL,17312.9,17327.09377,17018.1,2024-04-25 03:30:00-04:00,17327.09377,SL,-1.0,-1.2114
2024-04-25 08:30:00-04:00,SELL,17254.6,17289.51889,17018.1,2024-04-25 10:00:00-04:00,17289.51889,SL,-1.0,-1.0859
2024-04-25 10:30:00-04:00,SELL,17226.9,17291.87234,17018.1,2024-04-25 11:30:00-04:00,17291.87234,SL,-1.0,-1.0462
2024-04-26 08:30:00-04:00,SELL,17603.7,17677.3601,17184.1,2024-04-26 09:30:00-04:00,17677.3601,SL,-1.0,-1.0407
2024-05-01 03:30:00-04:00,SELL,17361.0,17371.35081,17184.1,2024-05-01 04:00:00-04:00,17371.35081,SL,-1.0,-1.2898
2024-05-01 05:00:00-04:00,SELL,17327.0,17371.60807,17184.1,2024-05-01 08:00:00-04:00,17371.60807,SL,-1.0,-1.0673
2024-05-02 09:30:00-04:00,SELL,17393.5,17423.19586,17292.5,2024-05-02 10:00:00-04:00,17292.5,TP,3.4011,3.3001
2024-05-06 08:00:00-04:00,BUY,17968.1,17947.07624,18192.1,2024-05-06 09:30:00-04:00,17947.07624,SL,-1.0,-1.1427
2024-05-07 09:00:00-04:00,BUY,18114.5,18097.16763,18192.1,2024-05-07 09:30:00-04:00,18097.16763,SL,-1.0,-1.1731
2024-05-07 10:30:00-04:00,BUY,18153.5,18095.8308,18192.1,2024-05-07 13:30:00-04:00,18095.8308,SL,-1.0,-1.052
2024-05-07 19:30:00-04:00,BUY,18110.8,18095.86043,18192.1,2024-05-08 00:30:00-04:00,18095.86043,SL,-1.0,-1.2008
2024-05-08 06:00:00-04:00,BUY,18103.3,18084.63571,18168.1,2024-05-08 07:00:00-04:00,18084.63571,SL,-1.0,-1.1607
2024-05-10 04:00:00-04:00,BUY,18170.0,18146.45814,18192.1,2024-05-10 04:30:00-04:00,18192.1,TP,0.9388,0.8113
2024-05-10 15:00:00-04:00,BUY,18168.9,18143.46193,18255.1,2024-05-14 08:30:00-04:00,18143.46193,SL,-1.0,-1.1179
2024-05-14 10:00:00-04:00,BUY,18279.5,18244.1758,18342.5,2024-05-14 10:30:00-04:00,18244.1758,SL,-1.0,-1.0849
2024-05-15 08:30:00-04:00,BUY,18427.8,18351.11076,18486.8,2024-05-15 10:30:00-04:00,18486.8,TP,0.7693,0.7302
2024-05-16 08:00:00-04:00,BUY,18634.3,18620.64198,18655.4,2024-05-16 08:30:00-04:00,18620.64198,SL,-1.0,-1.2197
2024-05-16 10:00:00-04:00,BUY,18633.4,18619.36569,18655.4,2024-05-16 10:30:00-04:00,18655.4,TP,1.5676,1.3538
2024-05-17 08:30:00-04:00,BUY,18603.9,18591.83634,18676.7,2024-05-17 09:00:00-04:00,18591.83634,SL,-1.0,-1.2487
2024-05-17 11:30:00-04:00,BUY,18574.4,18533.81317,18676.7,2024-05-17 12:30:00-04:00,18533.81317,SL,-1.0,-1.0739
2024-05-24 04:30:00-04:00,BUY,18679.5,18670.02827,18962.0,2024-05-24 05:00:00-04:00,18670.02827,SL,-1.0,-1.3167
2024-05-24 07:30:00-04:00,BUY,18701.5,18670.40021,18962.0,2024-05-24 08:00:00-04:00,18670.40021,SL,-1.0,-1.0965
2024-05-24 08:30:00-04:00,BUY,18696.2,18669.84957,18962.0,2024-05-29 21:00:00-04:00,18669.84957,SL,-1.0,-1.1139
2024-05-30 11:00:00-04:00,BUY,18641.3,18615.7459,18841.3,2024-05-30 15:00:00-04:00,18615.7459,SL,-1.0,-1.1174
2024-06-03 04:00:00-04:00,BUY,18640.1,18629.24377,18752.3,2024-06-03 04:30:00-04:00,18629.24377,SL,-1.0,-1.2763
2024-06-03 05:00:00-04:00,BUY,18645.1,18629.47172,18752.3,2024-06-03 05:30:00-04:00,18629.47172,SL,-1.0,-1.192
2024-06-10 10:30:00-04:00,BUY,19058.5,19038.44391,19139.1,2024-06-10 14:00:00-04:00,19038.44391,SL,-1.0,-1.1496
2024-06-10 14:30:00-04:00,BUY,19070.5,19036.90085,19139.1,2024-06-11 06:00:00-04:00,19036.90085,SL,-1.0,-1.0893
2024-06-11 13:00:00-04:00,BUY,19114.7,19102.2094,19139.1,2024-06-11 13:30:00-04:00,19139.1,TP,1.9535,1.7133
2024-06-14 07:00:00-04:00,BUY,19551.3,19497.23133,19687.3,2024-06-16 18:00:00-04:00,19687.3,TP,2.5153,2.4598
2024-06-17 09:30:00-04:00,BUY,19704.0,19680.18696,19761.8,2024-06-17 10:00:00-04:00,19680.18696,SL,-1.0,-1.126
2024-06-24 09:00:00-04:00,BUY,19690.4,19679.16827,19798.0,2024-06-24 09:30:00-04:00,19679.16827,SL,-1.0,-1.2671
2024-06-26 03:00:00-04:00,BUY,19817.2,19793.25896,19835.8,2024-06-26 03:30:00-04:00,19835.8,TP,0.7769,0.6516
2024-06-27 09:30:00-04:00,BUY,19836.5,19797.37172,20129.4,2024-06-27 10:30:00-04:00,19797.37172,SL,-1.0,-1.0767
2024-06-27 12:00:00-04:00,BUY,19813.7,19795.39943,20129.4,2024-06-27 14:00:00-04:00,19795.39943,SL,-1.0,-1.1639
2024-06-28 09:30:00-04:00,BUY,19930.1,19912.22508,20129.4,2024-06-28 10:30:00-04:00,19912.22508,SL,-1.0,-1.1678
2024-07-02 09:30:00-04:00,BUY,19855.2,19803.51791,20055.2,2024-07-03 02:00:00-04:00,20055.2,TP,3.8698,3.8118
2024-07-03 04:00:00-04:00,BUY,20049.3,20042.32317,20129.4,2024-07-03 07:00:00-04:00,20042.32317,SL,-1.0,-1.43
2024-07-03 09:30:00-04:00,BUY,20066.7,20041.36027,20129.4,2024-07-03 10:00:00-04:00,20041.36027,SL,-1.0,-1.1184
2024-07-18 09:00:00-04:00,SELL,19969.3,19999.13216,19825.2,2024-07-18 10:30:00-04:00,19825.2,TP,4.8304,4.7298
2024-07-19 09:30:00-04:00,SELL,19716.6,19822.15761,19588.8,2024-07-19 11:00:00-04:00,19588.8,TP,1.2107,1.1823
2024-07-19 12:30:00-04:00,SELL,19560.8,19602.598,19498.6,2024-07-19 13:00:00-04:00,19498.6,TP,1.4881,1.4163
2024-07-19 14:00:00-04:00,SELL,19528.1,19602.34404,19431.6,2024-07-19 15:00:00-04:00,19602.34404,SL,-1.0,-1.0404
2024-07-25 04:00:00-04:00,SELL,18993.1,19032.28253,18684.9,2024-07-25 04:30:00-04:00,19032.28253,SL,-1.0,-1.0766
2024-07-25 08:00:00-04:00,SELL,18985.6,19033.07827,18684.9,2024-07-25 08:30:00-04:00,19033.07827,SL,-1.0,-1.0632
2024-07-25 09:30:00-04:00,SELL,18886.5,18930.90952,18684.9,2024-07-25 10:00:00-04:00,18930.90952,SL,-1.0,-1.0676
2024-07-25 18:00:00-04:00,SELL,18868.4,18936.71384,18738.9,2024-07-25 21:30:00-04:00,18936.71384,SL,-1.0,-1.0439
2024-07-29 08:30:00-04:00,SELL,19180.7,19212.14502,19089.6,2024-07-29 09:30:00-04:00,19212.14502,SL,-1.0,-1.0954
2024-07-29 11:00:00-04:00,SELL,19057.4,19100.97301,18903.9,2024-07-29 11:30:00-04:00,19100.97301,SL,-1.0,-1.0688
2024-07-29 12:30:00-04:00,SELL,19177.6,19217.5157,18903.9,2024-07-29 13:00:00-04:00,19217.5157,SL,-1.0,-1.0752
2024-07-30 11:00:00-04:00,SELL,18896.3,18958.78095,18738.9,2024-07-30 12:30:00-04:00,18738.9,TP,2.5192,2.4712
2024-08-02 08:30:00-04:00,SELL,18467.1,18537.50981,18211.2,2024-08-02 09:00:00-04:00,18537.50981,SL,-1.0,-1.0426
2024-08-02 09:30:00-04:00,SELL,18456.5,18540.13376,18211.2,2024-08-04 18:00:00-04:00,18211.2,TP,2.933,2.8972
2024-08-07 13:00:00-04:00,SELL,18098.3,18139.08578,17945.5,2024-08-07 13:30:00-04:00,18139.08578,SL,-1.0,-1.0736
2024-08-14 11:30:00-04:00,BUY,19109.6,19054.66885,19557.7,2024-08-14 12:00:00-04:00,19054.66885,SL,-1.0,-1.0546
2024-08-15 03:00:00-04:00,BUY,19100.7,19059.07464,19557.7,2024-08-15 04:30:00-04:00,19059.07464,SL,-1.0,-1.0721
2024-08-15 08:30:00-04:00,BUY,19249.4,19125.43619,19557.7,2024-08-16 01:00:00-04:00,19557.7,TP,2.487,2.4628
2024-08-19 10:00:00-04:00,BUY,19532.9,19438.9963,19609.1,2024-08-19 12:30:00-04:00,19609.1,TP,0.8115,0.7795
2024-08-21 09:30:00-04:00,BUY,19805.1,19777.63073,19849.0,2024-08-21 10:00:00-04:00,19777.63073,SL,-1.0,-1.1092
2024-08-22 08:30:00-04:00,BUY,19913.9,19902.20834,19930.3,2024-08-22 09:00:00-04:00,19930.3,TP,1.4027,1.1461
2024-08-26 10:30:00-04:00,BUY,19543.2,19517.19641,19788.2,2024-08-26 11:30:00-04:00,19517.19641,SL,-1.0,-1.1154
2024-08-27 09:00:00-04:00,BUY,19470.9,19442.65308,19592.7,2024-08-27 09:30:00-04:00,19442.65308,SL,-1.0,-1.1062
2024-08-27 10:30:00-04:00,BUY,19614.9,19583.29539,19788.2,2024-08-27 11:00:00-04:00,19583.29539,SL,-1.0,-1.0949
2024-08-27 13:30:00-04:00,BUY,19635.2,19582.70301,19788.2,2024-08-27 15:00:00-04:00,19582.70301,SL,-1.0,-1.0571
2024-08-28 10:00:00-04:00,BUY,19531.5,19502.64666,19640.2,2024-08-28 10:30:00-04:00,19502.64666,SL,-1.0,-1.104
2024-09-02 10:30:00-04:00,BUY,19624.4,19588.13278,19645.5,2024-09-02 18:00:00-04:00,19645.5,TP,0.5818,0.4991
2024-09-05 11:00:00-04:00,SELL,18841.7,18870.01013,18799.6,2024-09-05 11:30:00-04:00,18870.01013,SL,-1.0,-1.106
2024-09-05 22:00:00-04:00,SELL,18841.8,18866.4022,18561.5,2024-09-05 22:30:00-04:00,18866.4022,SL,-1.0,-1.1219
2024-09-06 03:00:00-04:00,SELL,18718.3,18773.46425,18561.5,2024-09-06 08:00:00-04:00,18773.46425,SL,-1.0,-1.0544
2024-09-06 09:30:00-04:00,SELL,18717.7,18777.19335,18561.5,2024-09-06 10:30:00-04:00,18561.5,TP,2.6255,2.5751
2024-09-11 10:00:00-04:00,SELL,18644.1,18704.75956,18576.0,2024-09-11 10:30:00-04:00,18576.0,TP,1.1227,1.0732
2024-09-13 10:30:00-04:00,BUY,19505.0,19470.71084,19613.5,2024-09-13 12:30:00-04:00,19470.71084,SL,-1.0,-1.0875
2024-09-16 09:30:00-04:00,BUY,19427.5,19382.63245,19545.8,2024-09-16 10:00:00-04:00,19382.63245,SL,-1.0,-1.0669
2024-09-17 03:00:00-04:00,BUY,19491.5,19457.29846,19545.8,2024-09-17 05:30:00-04:00,19545.8,TP,1.5876,1.4999
2024-09-17 20:00:00-04:00,BUY,19474.2,19453.60824,19616.3,2024-09-17 23:30:00-04:00,19453.60824,SL,-1.0,-1.1457
2024-09-18 10:00:00-04:00,BUY,19469.2,19419.82957,19616.3,2024-09-18 11:00:00-04:00,19419.82957,SL,-1.0,-1.0608
2024-09-18 15:00:00-04:00,BUY,19524.2,19411.18828,19788.2,2024-09-18 15:30:00-04:00,19411.18828,SL,-1.0,-1.0265
2024-09-24 11:30:00-04:00,BUY,19979.4,19959.89422,20436.4,2024-09-24 12:30:00-04:00,19959.89422,SL,-1.0,-1.1538
2024-09-25 09:30:00-04:00,BUY,20026.3,20000.49692,20436.4,2024-09-25 11:00:00-04:00,20000.49692,SL,-1.0,-1.1163
2024-09-26 11:30:00-04:00,BUY,20119.8,20053.99713,20436.4,2024-09-26 12:00:00-04:00,20053.99713,SL,-1.0,-1.0456
2024-09-27 08:30:00-04:00,BUY,20173.9,20146.44789,20334.2,2024-09-27 09:30:00-04:00,20146.44789,SL,-1.0,-1.1093
2024-09-27 12:00:00-04:00,BUY,20051.4,20023.26348,20334.2,2024-09-27 13:30:00-04:00,20023.26348,SL,-1.0,-1.1066
2024-09-30 10:00:00-04:00,BUY,19990.9,19942.55755,20091.1,2024-09-30 14:00:00-04:00,19942.55755,SL,-1.0,-1.0621
2024-10-02 09:30:00-04:00,BUY,19721.4,19619.04364,20133.8,2024-10-08 15:30:00-04:00,20133.8,TP,4.0291,3.9998
2024-10-09 10:00:00-04:00,BUY,20173.3,20145.59171,20193.6,2024-10-09 10:30:00-04:00,20145.59171,SL,-1.0,-1.1083
2024-10-17 02:00:00-04:00,BUY,20267.8,20222.56767,20505.7,2024-10-17 10:00:00-04:00,20222.56767,SL,-1.0,-1.0663
2024-10-17 18:00:00-04:00,BUY,20251.7,20218.30303,20443.6,2024-10-17 20:00:00-04:00,20218.30303,SL,-1.0,-1.0898
2024-10-23 10:00:00-04:00,BUY,20285.3,20219.02815,20411.3,2024-10-23 11:00:00-04:00,20219.02815,SL,-1.0,-1.0453
2024-10-25 03:30:00-04:00,BUY,20312.8,20280.5666,20411.3,2024-10-25 04:00:00-04:00,20280.5666,SL,-1.0,-1.0931
2024-10-25 07:00:00-04:00,BUY,20297.0,20280.88261,20411.3,2024-10-25 09:30:00-04:00,20411.3,TP,7.0917,6.9056
2024-10-29 09:30:00-04:00,BUY,20405.8,20333.47891,20444.3,2024-10-29 10:00:00-04:00,20444.3,TP,0.5323,0.4909
2024-10-29 10:30:00-04:00,BUY,20485.8,20436.3312,20561.3,2024-10-29 13:00:00-04:00,20561.3,TP,1.5262,1.4656
2024-11-05 09:30:00-05:00,BUY,20195.7,20119.70509,20307.7,2024-11-05 19:30:00-05:00,20307.7,TP,1.4738,1.4343
2024-11-06 10:00:00-05:00,BUY,20698.7,20620.33776,20794.6,2024-11-06 10:30:00-05:00,20620.33776,SL,-1.0,-1.0383
2024-11-06 11:00:00-05:00,BUY,20679.7,20619.34083,20794.6,2024-11-06 14:30:00-05:00,20794.6,TP,1.9036,1.8539
2024-11-11 13:00:00-05:00,BUY,21055.4,21021.28044,21253.2,2024-11-12 12:30:00-05:00,21021.28044,SL,-1.0,-1.0879
2024-11-13 11:30:00-05:00,BUY,21082.9,21011.39879,21166.7,2024-11-13 13:30:00-05:00,21166.7,TP,1.172,1.1301
2024-11-14 10:00:00-05:00,BUY,21019.3,21003.2397,21110.3,2024-11-14 10:30:00-05:00,21003.2397,SL,-1.0,-1.1868
2024-11-15 09:00:00-05:00,SELL,20683.8,20722.33019,20484.9,2024-11-15 10:30:00-05:00,20484.9,TP,5.1622,5.0843
2024-11-26 09:30:00-05:00,BUY,20921.2,20878.39747,21030.8,2024-11-26 10:00:00-05:00,20878.39747,SL,-1.0,-1.0701
2024-11-26 11:30:00-05:00,BUY,20918.0,20877.54142,21030.8,2024-11-26 14:00:00-05:00,20877.54142,SL,-1.0,-1.0741
2024-11-27 04:30:00-05:00,BUY,20875.4,20851.63168,20970.7,2024-11-27 09:30:00-05:00,20851.63168,SL,-1.0,-1.1262
2024-11-29 10:00:00-05:00,BUY,20904.6,20890.40205,20970.7,2024-11-29 12:30:00-05:00,20970.7,TP,4.6556,4.4443
2024-12-02 08:00:00-05:00,BUY,20989.9,20971.9947,21030.8,2024-12-02 08:30:00-05:00,20971.9947,SL,-1.0,-1.1675
2024-12-09 11:00:00-05:00,BUY,21498.8,21417.47204,21696.6,2024-12-10 14:30:00-05:00,21417.47204,SL,-1.0,-1.0369
2024-12-13 04:00:00-05:00,BUY,21785.1,21772.26392,21818.1,2024-12-13 04:30:00-05:00,21772.26392,SL,-1.0,-1.2337
2024-12-16 04:00:00-05:00,BUY,21882.6,21868.78051,21921.4,2024-12-16 05:30:00-05:00,21921.4,TP,2.8076,2.5905
2024-12-17 08:00:00-05:00,BUY,22118.1,22092.44087,22211.7,2024-12-17 09:30:00-05:00,22092.44087,SL,-1.0,-1.1169
2024-12-17 12:00:00-05:00,BUY,22114.8,22089.61995,22199.9,2024-12-17 13:00:00-05:00,22089.61995,SL,-1.0,-1.1191
2024-12-18 14:00:00-05:00,SELL,21856.6,21995.47046,21685.5,2024-12-18 14:30:00-05:00,21685.5,TP,1.2321,1.2105
2024-12-24 04:00:00-05:00,BUY,21577.3,21561.79642,21600.1,2024-12-24 05:00:00-05:00,21600.1,TP,1.4706,1.2771
2024-12-24 05:30:00-05:00,BUY,21595.1,21562.12347,22167.3,2024-12-24 06:30:00-05:00,21562.12347,SL,-1.0,-1.091
2024-12-30 08:00:00-05:00,SELL,21277.6,21311.17697,20798.3,2024-12-30 12:00:00-05:00,21311.17697,SL,-1.0,-1.0893
2024-12-31 11:00:00-05:00,SELL,21117.6,21188.82709,21070.7,2024-12-31 12:30:00-05:00,21070.7,TP,0.6585,0.6163
2025-01-02 12:30:00-05:00,SELL,20898.2,20965.95881,20798.3,2025-01-02 15:00:00-05:00,20965.95881,SL,-1.0,-1.0443
2025-01-03 12:00:00-05:00,SELL,21268.9,21322.16172,21030.2,2025-01-03 13:00:00-05:00,21322.16172,SL,-1.0,-1.0563
2025-01-07 10:00:00-05:00,SELL,21408.2,21502.77204,21030.2,2025-01-08 12:00:00-05:00,21030.2,TP,3.997,3.9652
2025-01-09 02:30:00-05:00,SELL,21087.3,21117.45853,21002.5,2025-01-09 03:00:00-05:00,21117.45853,SL,-1.0,-1.0995
2025-01-10 08:30:00-05:00,SELL,20958.7,21085.13618,20808.0,2025-01-10 10:00:00-05:00,20808.0,TP,1.1919,1.1682
2025-01-13 03:00:00-05:00,SELL,20673.4,20729.11905,20630.5,2025-01-13 04:00:00-05:00,20630.5,TP,0.7699,0.7161
2025-01-15 08:30:00-05:00,BUY,21135.5,20987.42324,21211.8,2025-01-15 10:00:00-05:00,21211.8,TP,0.5153,0.495
2025-01-17 09:00:00-05:00,BUY,21506.9,21411.16749,21635.6,2025-01-17 09:30:00-05:00,21411.16749,SL,-1.0,-1.0313
2025-01-17 10:30:00-05:00,BUY,21449.0,21408.61872,21635.6,2025-01-19 18:00:00-05:00,21408.61872,SL,-1.0,-1.0743
2025-01-20 08:30:00-05:00,BUY,21551.5,21494.73577,21635.6,2025-01-20 09:30:00-05:00,21635.6,TP,1.4816,1.4287
2025-01-20 10:30:00-05:00,BUY,21545.8,21493.3571,21723.7,2025-01-20 12:00:00-05:00,21493.3571,SL,-1.0,-1.0572
2025-01-28 10:00:00-05:00,BUY,21355.6,21230.38793,21952.8,2025-02-02 18:00:00-05:00,21230.38793,SL,-1.0,-1.024
2025-02-04 10:00:00-05:00,BUY,21544.1,21478.3341,21859.3,2025-02-04 12:00:00-05:00,21478.3341,SL,-1.0,-1.0456
2025-02-04 13:00:00-05:00,BUY,21538.9,21477.77966,21859.3,2025-02-04 18:00:00-05:00,21477.77966,SL,-1.0,-1.0491
2025-02-05 11:30:00-05:00,BUY,21618.8,21588.35605,21859.3,2025-02-05 13:00:00-05:00,21588.35605,SL,-1.0,-1.0985
2025-02-12 10:00:00-05:00,BUY,21619.0,21577.64909,21790.7,2025-02-12 11:00:00-05:00,21577.64909,SL,-1.0,-1.0725
2025-02-13 10:00:00-05:00,BUY,21899.7,21842.06225,21952.8,2025-02-13 10:30:00-05:00,21952.8,TP,0.9213,0.8692
2025-02-18 11:00:00-05:00,BUY,22140.6,22118.93141,22255.6,2025-02-18 11:30:00-05:00,22118.93141,SL,-1.0,-1.1384
2025-02-21 09:30:00-05:00,SELL,22035.7,22051.81437,21889.9,2025-02-21 10:30:00-05:00,21889.9,TP,9.0478,8.8617
2025-02-24 09:30:00-05:00,SELL,21513.3,21659.83546,21436.5,2025-02-24 10:00:00-05:00,21436.5,TP,0.5241,0.5036
2025-02-25 03:30:00-05:00,SELL,21269.2,21330.69805,21148.7,2025-02-25 04:00:00-05:00,21330.69805,SL,-1.0,-1.0488
2025-02-25 09:30:00-05:00,SELL,21213.0,21333.23643,21148.7,2025-02-25 10:00:00-05:00,21148.7,TP,0.5348,0.5098
2025-02-27 10:30:00-05:00,SELL,20978.6,21041.24382,20652.6,2025-02-27 11:00:00-05:00,21041.24382,SL,-1.0,-1.0479
2025-02-27 11:30:00-05:00,SELL,20961.9,21042.22218,20652.6,2025-02-27 13:00:00-05:00,21042.22218,SL,-1.0,-1.0373
2025-03-04 08:00:00-05:00,SELL,20249.9,20306.28688,20010.8,2025-03-04 08:30:00-05:00,20306.28688,SL,-1.0,-1.0532
2025-03-04 09:30:00-05:00,SELL,20210.7,20308.47325,20010.8,2025-03-04 11:30:00-05:00,20308.47325,SL,-1.0,-1.0307
2025-03-07 08:30:00-05:00,SELL,20040.6,20098.33518,19980.3,2025-03-07 09:30:00-05:00,20098.33518,SL,-1.0,-1.052
2025-03-07 10:00:00-05:00,SELL,20033.5,20101.85477,19980.3,2025-03-07 10:30:00-05:00,19980.3,TP,0.7783,0.7344
2025-03-12 09:30:00-04:00,SELL,19633.8,19692.82803,19379.7,2025-03-12 10:00:00-04:00,19692.82803,SL,-1.0,-1.0508
2025-03-13 09:30:00-04:00,SELL,19361.9,19411.36104,19197.0,2025-03-13 10:00:00-04:00,19411.36104,SL,-1.0,-1.0607
2025-03-13 11:00:00-04:00,SELL,19347.0,19414.93898,19197.0,2025-03-13 13:00:00-04:00,19197.0,TP,2.2079,2.1637
2025-03-17 10:30:00-04:00,SELL,19691.6,19752.36023,19562.6,2025-03-17 13:00:00-04:00,19752.36023,SL,-1.0,-1.0494
2025-03-18 08:30:00-04:00,SELL,19706.7,19731.35151,19633.9,2025-03-18 09:30:00-04:00,19633.9,TP,2.9532,2.8315
2025-03-21 08:30:00-04:00,SELL,19488.4,19548.27028,19461.3,2025-03-21 09:00:00-04:00,19461.3,TP,0.4526,0.4025
2025-03-21 11:00:00-04:00,SELL,19524.7,19551.83663,19404.5,2025-03-21 11:30:00-04:00,19551.83663,SL,-1.0,-1.1106
2025-03-25 07:30:00-04:00,BUY,20226.7,20215.08009,20258.4,2025-03-25 08:30:00-04:00,20258.4,TP,2.7281,2.4699
2025-03-25 09:30:00-04:00,BUY,20229.7,20214.25356,20489.6,2025-03-25 10:00:00-04:00,20214.25356,SL,-1.0,-1.1942
2025-03-25 14:30:00-04:00,BUY,20244.8,20212.76095,20489.6,2025-03-26 09:30:00-04:00,20212.76095,SL,-1.0,-1.0936
2025-03-27 12:00:00-04:00,SELL,19898.9,19978.50046,19414.3,2025-03-28 10:30:00-04:00,19414.3,TP,6.0879,6.0502
2025-03-31 09:30:00-04:00,SELL,18920.8,19002.27498,18537.3,2025-03-31 11:00:00-04:00,19002.27498,SL,-1.0,-1.0368
2025-04-01 03:00:00-04:00,SELL,19252.4,19332.28827,19121.9,2025-04-01 05:30:00-04:00,19332.28827,SL,-1.0,-1.0376
2025-04-02 16:00:00-04:00,SELL,19225.9,19550.67938,19152.6,2025-04-02 16:30:00-04:00,19152.6,TP,0.2257,0.2165
2025-04-03 10:30:00-04:00,SELL,18610.8,18676.60366,18537.3,2025-04-03 11:00:00-04:00,18676.60366,SL,-1.0,-1.0456
2025-04-04 06:00:00-04:00,SELL,17948.2,18451.43572,17781.6,2025-04-04 07:00:00-04:00,17781.6,TP,0.3311,0.3251
2025-04-15 09:30:00-04:00,BUY,18939.1,18895.59211,19126.0,2025-04-15 10:00:00-04:00,18895.59211,SL,-1.0,-1.069
2025-04-30 16:00:00-04:00,BUY,19743.7,19570.0746,19879.4,2025-05-01 04:30:00-04:00,19879.4,TP,0.7816,0.7643
2025-05-02 08:30:00-04:00,BUY,19997.9,19893.23204,20028.5,2025-05-02 09:00:00-04:00,20028.5,TP,0.2924,0.2637
2025-05-05 11:30:00-04:00,BUY,20016.7,19997.70095,20179.4,2025-05-05 15:30:00-04:00,19997.70095,SL,-1.0,-1.1579
2025-05-09 10:30:00-04:00,BUY,20059.6,19986.42933,20256.4,2025-05-09 13:00:00-04:00,19986.42933,SL,-1.0,-1.041
2025-05-11 18:00:00-04:00,BUY,20326.0,20190.53889,20489.6,2025-05-12 02:00:00-04:00,20489.6,TP,1.2077,1.1856
2025-05-13 08:30:00-04:00,BUY,20929.5,20907.32865,21085.9,2025-05-13 09:30:00-04:00,20907.32865,SL,-1.0,-1.1353
2025-05-14 07:00:00-04:00,BUY,21294.8,21262.2739,21339.5,2025-05-14 07:30:00-04:00,21262.2739,SL,-1.0,-1.0922
2025-05-14 08:00:00-04:00,BUY,21276.8,21262.24964,21339.5,2025-05-14 08:30:00-04:00,21262.24964,SL,-1.0,-1.2062
2025-05-14 10:30:00-04:00,BUY,21285.0,21260.30177,21339.5,2025-05-14 11:00:00-04:00,21260.30177,SL,-1.0,-1.1215
2025-05-20 11:00:00-04:00,BUY,21363.7,21326.62444,21501.7,2025-05-20 14:00:00-04:00,21326.62444,SL,-1.0,-1.0809
2025-05-21 08:00:00-04:00,BUY,21269.4,21234.79264,21425.4,2025-05-21 08:30:00-04:00,21234.79264,SL,-1.0,-1.0867
2025-05-21 11:00:00-04:00,BUY,21460.4,21414.53255,21501.7,2025-05-21 12:30:00-04:00,21501.7,TP,0.9004,0.835
2025-05-27 03:30:00-04:00,BUY,21294.9,21258.80962,21501.8,2025-05-27 07:00:00-04:00,21258.80962,SL,-1.0,-1.0831
2025-05-27 10:00:00-04:00,BUY,21330.1,21312.31001,21501.8,2025-05-27 10:30:00-04:00,21312.31001,SL,-1.0,-1.1686
2025-05-27 11:30:00-04:00,BUY,21358.9,21312.45429,21501.8,2025-05-28 08:30:00-04:00,21501.8,TP,3.0767,3.0121
2025-06-03 09:30:00-04:00,BUY,21568.5,21543.39515,21820.6,2025-06-03 10:00:00-04:00,21543.39515,SL,-1.0,-1.1195
2025-06-04 09:30:00-04:00,BUY,21729.0,21698.65249,21820.6,2025-06-04 10:00:00-04:00,21698.65249,SL,-1.0,-1.0989
2025-06-05 01:30:00-04:00,BUY,21718.4,21701.53831,21785.8,2025-06-05 03:00:00-04:00,21785.8,TP,3.9972,3.8193
2025-06-05 09:00:00-04:00,BUY,21795.9,21777.74796,22185.7,2025-06-05 09:30:00-04:00,21777.74796,SL,-1.0,-1.1653
2025-06-11 08:30:00-04:00,BUY,22018.6,21983.10572,22185.7,2025-06-11 09:30:00-04:00,21983.10572,SL,-1.0,-1.0845
2025-06-11 10:00:00-04:00,BUY,22028.1,21981.93743,22185.7,2025-06-11 11:00:00-04:00,21981.93743,SL,-1.0,-1.065
2025-06-12 10:00:00-04:00,BUY,21916.6,21843.54421,22082.9,2025-06-12 19:30:00-04:00,21843.54421,SL,-1.0,-1.0411
2025-06-16 09:30:00-04:00,BUY,21932.1,21840.86865,21971.6,2025-06-16 10:00:00-04:00,21971.6,TP,0.433,0.4001
2025-06-17 01:00:00-04:00,BUY,21866.1,21840.96587,22004.3,2025-06-17 03:00:00-04:00,21840.96587,SL,-1.0,-1.1194
2025-06-20 07:30:00-04:00,BUY,21754.0,21704.95691,21880.1,2025-06-20 09:00:00-04:00,21880.1,TP,2.5712,2.51
2025-07-02 10:00:00-04:00,BUY,22594.8,22578.01247,22738.6,2025-07-02 10:30:00-04:00,22578.01247,SL,-1.0,-1.1787
2025-07-07 11:30:00-04:00,BUY,22744.6,22718.82988,22844.7,2025-07-07 12:00:00-04:00,22718.82988,SL,-1.0,-1.1164
2025-07-09 02:00:00-04:00,BUY,22690.4,22656.58904,22785.4,2025-07-09 09:00:00-04:00,22785.4,TP,2.8097,2.721
2025-07-10 09:00:00-04:00,BUY,22900.2,22887.09898,22936.0,2025-07-10 09:30:00-04:00,22887.09898,SL,-1.0,-1.229
2025-07-10 12:00:00-04:00,BUY,22831.0,22795.81623,22936.0,2025-07-10 20:00:00-04:00,22795.81623,SL,-1.0,-1.0853
2025-07-16 03:00:00-04:00,BUY,22823.0,22811.5557,23062.6,2025-07-16 09:30:00-04:00,22811.5557,SL,-1.0,-1.2621
2025-07-16 11:30:00-04:00,BUY,22832.7,22759.58484,23062.6,2025-07-17 11:00:00-04:00,23062.6,TP,3.1444,3.1033
2025-08-05 07:30:00-04:00,BUY,23280.4,23264.95833,23725.4,2025-08-05 08:00:00-04:00,23264.95833,SL,-1.0,-1.1943
2025-08-05 09:30:00-04:00,BUY,23271.6,23202.45722,23725.4,2025-08-05 10:00:00-04:00,23202.45722,SL,-1.0,-1.0434
2025-08-07 04:00:00-04:00,BUY,23472.3,23407.99168,23725.4,2025-08-07 11:00:00-04:00,23407.99168,SL,-1.0,-1.0467
2025-08-07 16:30:00-04:00,BUY,23421.6,23403.22156,23576.1,2025-08-08 10:00:00-04:00,23576.1,TP,8.4066,8.2434
2025-08-11 12:00:00-04:00,BUY,23696.7,23677.09348,23725.4,2025-08-11 12:30:00-04:00,23677.09348,SL,-1.0,-1.153
2025-08-18 10:30:00-04:00,BUY,23702.4,23646.82045,23806.9,2025-08-18 12:30:00-04:00,23646.82045,SL,-1.0,-1.054
2025-08-20 09:30:00-04:00,SELL,23109.9,23279.74197,23008.4,2025-08-20 10:00:00-04:00,23008.4,TP,0.5976,0.58
2025-08-20 19:00:00-04:00,SELL,23250.2,23281.66851,22970.2,2025-08-20 21:30:00-04:00,23281.66851,SL,-1.0,-1.0953
2025-08-25 11:00:00-04:00,BUY,23534.7,23498.66326,23581.0,2025-08-25 13:30:00-04:00,23498.66326,SL,-1.0,-1.0832
2025-08-28 10:30:00-04:00,BUY,23666.5,23607.17535,23735.3,2025-08-28 14:30:00-04:00,23735.3,TP,1.1597,1.1092
2025-09-01 02:00:00-04:00,SELL,23335.4,23362.95421,23310.8,2025-09-01 02:30:00-04:00,23362.95421,SL,-1.0,-1.1089
2025-09-02 03:30:00-04:00,SELL,23243.5,23341.44584,23140.9,2025-09-02 08:00:00-04:00,23140.9,TP,1.0475,1.0169
2025-09-08 09:30:00-04:00,BUY,23826.0,23765.18435,23874.1,2025-09-08 13:30:00-04:00,23765.18435,SL,-1.0,-1.0493
2025-09-09 10:30:00-04:00,BUY,23772.8,23734.00878,23871.5,2025-09-09 15:30:00-04:00,23871.5,TP,2.5444,2.4671
2025-09-17 04:30:00-04:00,BUY,24289.8,24271.12884,24340.2,2025-09-17 06:30:00-04:00,24271.12884,SL,-1.0,-1.1607
2025-09-19 03:00:00-04:00,BUY,24467.3,24455.91311,24590.7,2025-09-19 03:30:00-04:00,24455.91311,SL,-1.0,-1.2635
2025-09-26 08:30:00-04:00,BUY,24489.9,24459.05782,24585.2,2025-09-26 09:00:00-04:00,24459.05782,SL,-1.0,-1.0973
2025-09-26 09:30:00-04:00,BUY,24499.0,24457.94343,24585.2,2025-09-26 10:00:00-04:00,24457.94343,SL,-1.0,-1.0731
2025-09-30 03:30:00-04:00,BUY,24596.8,24577.19622,24779.0,2025-09-30 04:00:00-04:00,24577.19622,SL,-1.0,-1.153
2025-10-17 02:30:00-04:00,SELL,24434.3,24502.17631,24265.7,2025-10-17 04:00:00-04:00,24265.7,TP,2.4839,2.4397
2025-10-20 09:30:00-04:00,BUY,25079.3,25002.56197,25215.8,2025-10-20 21:00:00-04:00,25215.8,TP,1.7788,1.7397
2025-10-22 09:30:00-04:00,BUY,25122.6,25075.78909,25204.2,2025-10-22 10:00:00-04:00,25075.78909,SL,-1.0,-1.0641
2025-10-23 09:30:00-04:00,BUY,25027.3,24985.62997,25204.2,2025-10-23 10:00:00-04:00,24985.62997,SL,-1.0,-1.072
2025-10-23 11:00:00-04:00,BUY,25051.3,24985.10408,25204.2,2025-10-24 00:00:00-04:00,25204.2,TP,2.3098,2.2645
2025-11-03 04:00:00-05:00,BUY,26049.6,26016.16085,26161.4,2025-11-03 09:30:00-05:00,26161.4,TP,3.3434,3.2537
2025-11-06 09:30:00-05:00,SELL,25430.4,25557.84876,25316.6,2025-11-06 10:30:00-05:00,25316.6,TP,0.8929,0.8694
2025-11-07 06:00:00-05:00,SELL,25049.4,25098.54244,24807.1,2025-11-07 06:30:00-05:00,25098.54244,SL,-1.0,-1.061
2025-11-07 08:00:00-05:00,SELL,24998.6,25099.58671,24807.1,2025-11-07 10:30:00-05:00,24807.1,TP,1.8963,1.8666
2025-11-10 09:30:00-05:00,BUY,25568.0,25491.55826,25738.9,2025-11-10 10:30:00-05:00,25491.55826,SL,-1.0,-1.0392
2025-11-12 07:00:00-05:00,BUY,25728.9,25697.49847,25791.8,2025-11-12 09:30:00-05:00,25697.49847,SL,-1.0,-1.0955
2025-11-13 09:00:00-05:00,SELL,25420.3,25454.22087,24634.8,2025-11-14 07:30:00-05:00,24634.8,TP,23.1568,23.0684
2025-11-18 09:30:00-05:00,SELL,24471.5,24573.48131,24262.6,2025-11-18 11:00:00-05:00,24573.48131,SL,-1.0,-1.0294
2025-11-18 12:00:00-05:00,SELL,24482.1,24578.4444,24262.6,2025-11-18 12:30:00-05:00,24578.4444,SL,-1.0,-1.0311
2025-11-19 13:00:00-05:00,SELL,24553.2,24627.73221,24396.4,2025-11-19 13:30:00-05:00,24627.73221,SL,-1.0,-1.0403
2025-11-20 11:00:00-05:00,SELL,24860.9,24996.06234,24461.3,2025-11-20 12:00:00-05:00,24461.3,TP,2.9564,2.9342
2025-11-21 09:30:00-05:00,SELL,24124.9,24209.74963,23829.8,2025-11-21 11:30:00-05:00,24209.74963,SL,-1.0,-1.0354
2025-11-24 09:00:00-05:00,SELL,24475.8,24559.64671,23856.8,2025-11-24 09:30:00-05:00,24559.64671,SL,-1.0,-1.0358
2025-11-26 10:30:00-05:00,BUY,25233.9,25187.75075,25267.1,2025-11-26 11:00:00-05:00,25267.1,TP,0.7194,0.6544
2025-11-28 10:30:00-05:00,BUY,25378.2,25334.74661,25662.9,2025-11-30 19:30:00-05:00,25334.74661,SL,-1.0,-1.069
2025-12-01 09:30:00-05:00,BUY,25346.0,25314.70382,25508.0,2025-12-01 10:00:00-05:00,25314.70382,SL,-1.0,-1.0959
2025-12-01 10:30:00-05:00,BUY,25398.4,25312.87574,25508.0,2025-12-01 11:00:00-05:00,25312.87574,SL,-1.0,-1.0351
2025-12-02 09:30:00-05:00,BUY,25585.4,25472.15394,25662.9,2025-12-02 11:00:00-05:00,25472.15394,SL,-1.0,-1.0265
2025-12-02 11:30:00-05:00,BUY,25496.2,25467.02513,25662.9,2025-12-02 21:00:00-05:00,25662.9,TP,5.7138,5.611
2025-12-04 09:00:00-05:00,BUY,25702.0,25669.75549,25767.5,2025-12-04 09:30:00-05:00,25669.75549,SL,-1.0,-1.093
2025-12-04 22:00:00-05:00,BUY,25686.1,25668.97532,25723.5,2025-12-05 02:30:00-05:00,25723.5,TP,2.184,2.0088
2025-12-05 03:00:00-05:00,BUY,25728.3,25717.75123,25767.5,2025-12-05 03:30:00-05:00,25717.75123,SL,-1.0,-1.2844
2025-12-05 09:30:00-05:00,BUY,25780.0,25739.29192,25801.3,2025-12-05 10:00:00-05:00,25801.3,TP,0.5232,0.4495
2025-12-09 09:30:00-05:00,BUY,25632.7,25557.43254,25714.5,2025-12-09 11:30:00-05:00,25714.5,TP,1.0868,1.0469
2025-12-10 16:00:00-05:00,BUY,25806.4,25738.92869,26086.2,2025-12-10 18:00:00-05:00,25738.92869,SL,-1.0,-1.0445
2025-12-12 10:00:00-05:00,SELL,25352.5,25417.18847,25314.7,2025-12-12 10:30:00-05:00,25417.18847,SL,-1.0,-1.0464
2025-12-17 10:30:00-05:00,SELL,24844.6,24969.12891,24561.2,2025-12-18 08:30:00-05:00,24969.12891,SL,-1.0,-1.0241
2025-12-19 09:30:00-05:00,BUY,25338.7,25184.03695,25443.3,2025-12-21 18:00:00-05:00,25443.3,TP,0.6763,0.6569
2025-12-23 10:00:00-05:00,BUY,25465.7,25441.04058,25587.5,2025-12-23 14:30:00-05:00,25587.5,TP,4.9393,4.8176
2025-12-24 11:00:00-05:00,BUY,25651.9,25620.86818,25723.3,2025-12-26 08:30:00-05:00,25723.3,TP,2.3009,2.2042
2025-12-26 10:00:00-05:00,BUY,25690.1,25644.36815,25875.2,2025-12-28 21:30:00-05:00,25644.36815,SL,-1.0,-1.0656
2025-12-31 14:30:00-05:00,SELL,25358.4,25381.17974,25060.1,2026-01-01 20:30:00-05:00,25381.17974,SL,-1.0,-1.1317
2026-01-02 10:30:00-05:00,SELL,25207.0,25270.14897,25060.1,2026-01-02 14:30:00-05:00,25270.14897,SL,-1.0,-1.0475
2026-01-06 09:30:00-05:00,BUY,25586.8,25505.04073,25628.4,2026-01-06 11:00:00-05:00,25505.04073,SL,-1.0,-1.0367
2026-01-06 11:30:00-05:00,BUY,25534.3,25503.70043,25628.4,2026-01-06 13:30:00-05:00,25628.4,TP,3.0752,2.9772
2026-01-07 09:30:00-05:00,BUY,25692.0,25678.5345,25742.4,2026-01-07 10:00:00-05:00,25678.5345,SL,-1.0,-1.2228
2026-01-08 10:30:00-05:00,BUY,25526.5,25500.95506,25833.9,2026-01-08 11:00:00-05:00,25500.95506,SL,-1.0,-1.1174
2026-01-09 09:30:00-05:00,BUY,25578.6,25488.01856,25833.9,2026-01-09 10:00:00-05:00,25488.01856,SL,-1.0,-1.0331
2026-01-11 20:30:00-05:00,BUY,25633.5,25578.44066,25833.9,2026-01-11 22:30:00-05:00,25578.44066,SL,-1.0,-1.0545
2026-01-13 11:00:00-05:00,BUY,25761.9,25692.0921,26086.2,2026-01-13 13:30:00-05:00,25692.0921,SL,-1.0,-1.043
2026-01-14 05:00:00-05:00,SELL,25625.6,25663.87053,25489.0,2026-01-14 09:30:00-05:00,25489.0,TP,3.5693,3.4909
2026-01-18 18:00:00-05:00,SELL,25310.0,25465.20356,25270.4,2026-01-18 19:00:00-05:00,25270.4,TP,0.2551,0.2358
2026-01-20 03:30:00-05:00,SELL,25073.0,25116.872,24671.5,2026-01-20 07:00:00-05:00,25116.872,SL,-1.0,-1.0684
2026-01-20 08:30:00-05:00,SELL,25082.5,25118.12038,24671.5,2026-01-20 09:00:00-05:00,25118.12038,SL,-1.0,-1.0842
2026-01-22 03:30:00-05:00,BUY,25560.3,25514.55233,25751.9,2026-01-22 09:30:00-05:00,25514.55233,SL,-1.0,-1.0656
2026-01-22 11:00:00-05:00,BUY,25548.3,25513.98756,25751.9,2026-01-22 14:30:00-05:00,25513.98756,SL,-1.0,-1.0874
2026-01-23 10:00:00-05:00,BUY,25628.1,25600.57527,25751.9,2026-01-23 12:30:00-05:00,25600.57527,SL,-1.0,-1.109
2026-01-27 09:30:00-05:00,BUY,25943.2,25911.34588,26086.2,2026-01-27 19:30:00-05:00,26086.2,TP,4.4892,4.395
2026-02-01 18:00:00-05:00,SELL,25337.4,25562.08457,24902.0,2026-02-02 09:30:00-05:00,25562.08457,SL,-1.0,-1.0134
2026-02-04 10:30:00-05:00,SELL,25061.6,25139.76522,24902.0,2026-02-04 11:30:00-05:00,24902.0,TP,2.0418,2.0034
2026-02-05 07:30:00-05:00,SELL,24707.0,24848.36101,24561.2,2026-02-05 09:30:00-05:00,24848.36101,SL,-1.0,-1.0212
2026-02-10 10:30:00-05:00,SELL,25299.5,25366.06248,24882.1,2026-02-11 08:30:00-05:00,25366.06248,SL,-1.0,-1.0451
2026-02-11 10:00:00-05:00,SELL,25004.0,25139.05712,24882.1,2026-02-11 10:30:00-05:00,25139.05712,SL,-1.0,-1.0222
2026-02-12 10:30:00-05:00,SELL,24943.1,25002.36107,24882.1,2026-02-12 11:00:00-05:00,24882.1,TP,1.0293,0.9787
2026-02-16 09:00:00-05:00,SELL,24702.4,24740.71894,24509.1,2026-02-16 18:30:00-05:00,24740.71894,SL,-1.0,-1.0783
2026-02-17 09:30:00-05:00,SELL,24422.5,24684.17188,24159.4,2026-02-17 11:00:00-05:00,24684.17188,SL,-1.0,-1.0115
2026-02-19 05:00:00-05:00,SELL,24779.8,24804.17719,24695.1,2026-02-19 05:30:00-05:00,24804.17719,SL,-1.0,-1.1231
2026-02-19 08:00:00-05:00,SELL,24768.0,24804.40334,24695.1,2026-02-19 08:30:00-05:00,24804.40334,SL,-1.0,-1.0824
2026-02-19 11:30:00-05:00,SELL,24780.0,24808.64503,24695.1,2026-02-19 12:00:00-05:00,24808.64503,SL,-1.0,-1.1047
2026-02-23 10:30:00-05:00,SELL,24698.0,24776.51779,24622.9,2026-02-23 11:00:00-05:00,24622.9,TP,0.9565,0.9183
2026-02-23 19:00:00-05:00,SELL,24739.5,24774.22354,24622.8,2026-02-23 19:30:00-05:00,24774.22354,SL,-1.0,-1.0864
2026-02-27 09:00:00-05:00,SELL,24778.9,24838.9981,24654.3,2026-02-27 09:30:00-05:00,24838.9981,SL,-1.0,-1.0499
2026-03-03 04:30:00-05:00,SELL,24432.6,24466.4286,24388.4,2026-03-03 05:30:00-05:00,24388.4,TP,1.3066,1.2179
2026-03-03 10:00:00-05:00,SELL,24338.7,24470.63302,24159.4,2026-03-03 11:00:00-05:00,24470.63302,SL,-1.0,-1.0227
2026-03-04 09:30:00-05:00,BUY,24902.0,24814.67702,25075.4,2026-03-04 10:00:00-05:00,25075.4,TP,1.9857,1.9514
2026-03-05 10:30:00-05:00,BUY,25069.6,24939.29026,25190.6,2026-03-05 11:00:00-05:00,24939.29026,SL,-1.0,-1.023
2026-03-06 08:30:00-05:00,SELL,24630.7,24772.57621,24481.5,2026-03-06 10:00:00-05:00,24772.57621,SL,-1.0,-1.0211
2026-03-11 03:30:00-04:00,BUY,25003.2,24925.70007,25212.8,2026-03-11 05:00:00-04:00,24925.70007,SL,-1.0,-1.0387
2026-03-11 10:30:00-04:00,BUY,25058.7,24919.29822,25212.8,2026-03-11 11:30:00-04:00,24919.29822,SL,-1.0,-1.0215
2026-03-12 09:30:00-04:00,SELL,24655.9,24708.98045,23995.3,2026-03-12 10:00:00-04:00,24708.98045,SL,-1.0,-1.0565
2026-03-12 12:30:00-04:00,SELL,24660.0,24712.7233,23995.3,2026-03-12 13:00:00-04:00,24712.7233,SL,-1.0,-1.0569
2026-03-19 04:00:00-04:00,SELL,24354.7,24375.76625,24299.9,2026-03-19 05:00:00-04:00,24375.76625,SL,-1.0,-1.1424
2026-03-20 09:30:00-04:00,SELL,24091.7,24146.30187,23995.3,2026-03-20 11:00:00-04:00,24146.30187,SL,-1.0,-1.0549
2026-03-25 09:30:00-04:00,SELL,24183.9,24374.85852,24135.4,2026-03-25 11:00:00-04:00,24135.4,TP,0.254,0.2383
2026-03-26 01:30:00-04:00,SELL,24072.2,24115.4807,23947.9,2026-03-26 03:00:00-04:00,24115.4807,SL,-1.0,-1.0693
2026-04-06 09:30:00-04:00,BUY,24258.4,24163.70985,24354.2,2026-04-06 10:00:00-04:00,24163.70985,SL,-1.0,-1.0317
2026-04-06 14:30:00-04:00,BUY,24198.2,24160.95585,24354.2,2026-04-06 18:00:00-04:00,24160.95585,SL,-1.0,-1.0805
2026-04-07 02:00:00-04:00,BUY,24093.8,24040.4891,24237.2,2026-04-07 04:30:00-04:00,24237.2,TP,2.6899,2.6336
2026-04-07 08:00:00-04:00,BUY,24095.9,23995.40084,24294.9,2026-04-07 09:30:00-04:00,23995.40084,SL,-1.0,-1.0299
2026-04-09 11:30:00-04:00,BUY,25042.8,24901.20378,25110.2,2026-04-09 12:00:00-04:00,25110.2,TP,0.476,0.4548
2026-04-10 09:00:00-04:00,BUY,25169.2,25145.82693,25227.4,2026-04-10 10:00:00-04:00,25145.82693,SL,-1.0,-1.1284
2026-04-10 10:30:00-04:00,BUY,25205.2,25144.3741,25380.2,2026-04-10 11:30:00-04:00,25144.3741,SL,-1.0,-1.0493
2026-04-13 12:30:00-04:00,BUY,25273.5,25236.78662,25380.2,2026-04-13 15:30:00-04:00,25380.2,TP,2.9063,2.8246
2026-04-14 04:00:00-04:00,BUY,25509.5,25478.14536,25933.7,2026-04-15 09:30:00-04:00,25933.7,TP,13.5291,13.4334
2026-04-20 11:00:00-04:00,BUY,26577.6,26477.16254,26751.8,2026-04-21 06:30:00-04:00,26751.8,TP,1.7344,1.7045
2026-04-27 09:30:00-04:00,BUY,27287.1,27220.02491,27424.3,2026-04-27 10:30:00-04:00,27220.02491,SL,-1.0,-1.0447
2026-04-28 04:00:00-04:00,BUY,27243.3,27173.54236,27397.8,2026-04-28 05:30:00-04:00,27173.54236,SL,-1.0,-1.043
2026-05-04 07:30:00-04:00,BUY,27726.1,27660.2554,27864.7,2026-05-04 11:00:00-04:00,27660.2554,SL,-1.0,-1.0456
2026-05-04 12:00:00-04:00,BUY,27612.8,27545.70468,27864.7,2026-05-05 08:00:00-04:00,27864.7,TP,3.7544,3.7096
2026-05-20 10:00:00-04:00,BUY,29144.4,29045.29636,29352.4,2026-05-21 00:30:00-04:00,29352.4,TP,2.0988,2.0685
2026-05-21 04:00:00-04:00,BUY,29350.4,29319.64619,29407.1,2026-05-21 04:30:00-04:00,29319.64619,SL,-1.0,-1.0975
2026-05-21 15:30:00-04:00,BUY,29382.0,29313.81609,29697.3,2026-05-24 18:00:00-04:00,29697.3,TP,4.6243,4.5803
2026-05-28 10:30:00-04:00,BUY,30147.4,30080.61445,30333.4,2026-05-29 07:00:00-04:00,30333.4,TP,2.785,2.7401
2026-05-31 18:00:00-04:00,BUY,30401.8,30310.05678,30499.1,2026-05-31 20:00:00-04:00,30499.1,TP,1.0606,1.0279
2026-06-29 09:30:00-04:00,SELL,29398.9,29481.73691,29023.9,2026-06-29 10:30:00-04:00,29481.73691,SL,-1.0,-1.0362
2026-06-30 09:30:00-04:00,BUY,30138.0,29981.83397,30458.3,2026-07-01 09:30:00-04:00,29981.83397,SL,-1.0,-1.0192
2026-07-02 09:30:00-04:00,BUY,30040.2,30000.3773,30378.8,2026-07-02 10:00:00-04:00,30000.3773,SL,-1.0,-1.0753
2026-07-07 09:30:00-04:00,SELL,29268.9,29372.00139,29112.6,2026-07-07 10:00:00-04:00,29112.6,TP,1.516,1.4869
2026-07-07 13:00:00-04:00,SELL,29330.3,29375.3884,28951.6,2026-07-08 04:00:00-04:00,28951.6,TP,8.3991,8.3325
2026-07-24 09:30:00-04:00,SELL,28183.0,28344.62294,27513.6,2026-07-24 11:00:00-04:00,28344.62294,SL,-1.0,-1.0186
2026-07-27 10:00:00-04:00,SELL,27953.5,28091.9898,27513.6,2026-07-27 15:00:00-04:00,28091.9898,SL,-1.0,-1.0217
2026-07-29 01:30:00-04:00,SELL,27665.5,27733.14309,27476.3,2026-07-29 02:30:00-04:00,27733.14309,SL,-1.0,-1.0444
2026-07-29 10:00:00-04:00,SELL,27447.3,27539.3047,27053.0,2026-07-29 13:00:00-04:00,27539.3047,SL,-1.0,-1.0326
2026-07-30 11:00:00-04:00,SELL,27892.9,27999.73269,27217.7,2026-07-30 11:30:00-04:00,27999.73269,SL,-1.0,-1.0281
2026-08-05 09:30:00-04:00,BUY,29944.9,29873.43052,30100.8,2026-08-05 10:00:00-04:00,29873.43052,SL,-1.0,-1.042
2026-08-12 08:00:00-04:00,BUY,29819.2,29790.078,29892.8,2026-08-12 08:30:00-04:00,29790.078,SL,-1.0,-1.103
2026-08-24 09:30:00-04:00,SELL,28963.9,29073.87238,28727.4,2026-08-24 11:00:00-04:00,29073.87238,SL,-1.0,-1.0273
2026-08-24 16:00:00-04:00,SELL,29025.8,29072.6352,28889.5,2026-08-24 18:00:00-04:00,29072.6352,SL,-1.0,-1.0641
