entry_time,direction,entry_type,entry_price,stop,target,exit_time,exit_price,exit_reason,r_multiple,pnl_usd
2021-09-21 08:00:00-04:00,SHORT,Breakout,109.274,109.33264804824503,109.202,2021-09-21 09:00:00-04:00,109.33264804824503,SL,-1.0,-1000.0
2021-09-21 10:00:00-04:00,SHORT,Breakout,109.201,109.33381285792557,109.101,2021-09-21 12:00:00-04:00,109.33381285792557,SL,-1.0,-1000.0
2021-10-04 08:00:00-04:00,LONG,Bounce,111.055,110.84612325099327,112.069,2021-10-04 10:00:00-04:00,110.84612325099327,SL,-1.0,-1000.0
2021-10-05 09:00:00-04:00,LONG,Breakout,111.359,111.2673806028215,112.069,2021-10-06 08:00:00-04:00,111.2673806028215,SL,-1.0,-1000.0
2021-10-08 09:00:00-04:00,LONG,Breakout,111.844,111.74962011214447,112.069,2021-10-08 11:00:00-04:00,112.069,TP,2.384,2383.98
2021-10-26 03:00:00-04:00,LONG,Breakout,114.036,113.88961747615743,114.196,2021-10-26 10:00:00-04:00,114.196,TP,1.093,1093.03
2021-10-29 09:00:00-04:00,LONG,Breakout,113.931,113.83074618270491,114.299,2021-10-29 10:00:00-04:00,113.83074618270491,SL,-1.0,-1000.0
2021-11-03 10:00:00-04:00,LONG,Breakout,114.06,113.97771419220643,114.433,2021-11-03 11:00:00-04:00,113.97771419220643,SL,-1.0,-1000.0
2021-11-08 09:00:00-05:00,SHORT,Breakout,113.105,113.3124245475279,112.989,2021-11-08 21:00:00-05:00,112.989,TP,0.559,559.24
2021-11-09 08:00:00-05:00,SHORT,Breakout,112.862,113.09290259699566,111.497,2021-11-10 02:00:00-05:00,113.09290259699566,SL,-1.0,-1000.0
2021-11-22 09:00:00-05:00,LONG,Breakout,114.599,114.4957685500015,114.959,2021-11-22 21:00:00-05:00,114.959,TP,3.487,3487.31
2021-11-30 03:00:00-05:00,SHORT,Breakout,112.882,113.02524831809252,112.761,2021-11-30 04:00:00-05:00,112.761,TP,0.845,844.69
2021-12-21 09:00:00-05:00,LONG,Breakout,113.854,113.72326643806213,114.257,2021-12-22 03:00:00-05:00,114.257,TP,3.083,3082.61
2021-12-22 03:00:00-05:00,LONG,Breakout,114.288,114.18982840885361,115.512,2021-12-22 06:00:00-05:00,114.18982840885361,SL,-1.0,-1000.0
2021-12-22 10:00:00-05:00,LONG,Breakout,114.299,114.18848933127234,115.512,2021-12-22 11:00:00-05:00,114.18848933127234,SL,-1.0,-1000.0
2021-12-23 10:00:00-05:00,LONG,Breakout,114.386,114.34152981394898,115.512,2021-12-23 11:00:00-05:00,114.34152981394898,SL,-1.0,-1000.0
2021-12-29 03:00:00-05:00,LONG,Breakout,114.981,114.92484105132489,115.512,2021-12-29 06:00:00-05:00,114.92484105132489,SL,-1.0,-1000.0
2021-12-29 10:00:00-05:00,LONG,Bounce,114.925,114.67403592655603,115.512,2022-01-03 21:00:00-05:00,115.512,TP,2.339,2338.98
2022-01-06 10:00:00-05:00,LONG,Bounce,115.735,115.58212220302742,116.175,2022-01-07 10:00:00-05:00,115.58212220302742,SL,-1.0,-1000.0
2022-01-12 08:00:00-05:00,SHORT,Breakout,115.197,115.24303960810795,115.032,2022-01-12 09:00:00-05:00,115.24303960810795,SL,-1.0,-1000.0
2022-01-13 07:00:00-05:00,SHORT,Breakout,114.341,114.39620085693534,114.044,2022-01-13 11:00:00-05:00,114.044,TP,5.38,5380.35
2022-01-19 09:00:00-05:00,SHORT,Breakout,114.34,114.4734181044011,113.47,2022-01-20 00:00:00-05:00,114.4734181044011,SL,-1.0,-1000.0
2022-01-20 10:00:00-05:00,SHORT,Breakout,113.976,114.04160140232932,113.47,2022-01-20 11:00:00-05:00,114.04160140232932,SL,-1.0,-1000.0
2022-02-02 03:00:00-05:00,SHORT,Breakout,114.526,114.57697651584576,113.768,2022-02-02 04:00:00-05:00,114.57697651584576,SL,-1.0,-1000.0
2022-02-08 08:00:00-05:00,LONG,Breakout,115.414,115.34791882831833,115.583,2022-02-08 10:00:00-05:00,115.583,TP,2.557,2557.46
2022-02-10 04:00:00-05:00,LONG,Breakout,115.777,115.64674055443682,116.039,2022-02-10 08:00:00-05:00,116.039,TP,2.011,2011.37
2022-02-15 09:00:00-05:00,LONG,Breakout,115.807,115.70641465111395,116.332,2022-02-15 11:00:00-05:00,115.70641465111395,SL,-1.0,-1000.0
2022-03-09 10:00:00-05:00,LONG,Breakout,115.803,115.75631853437805,116.332,2022-03-09 11:00:00-05:00,115.75631853437805,SL,-1.0,-1000.0
2022-03-10 05:00:00-05:00,LONG,Breakout,115.977,115.90910621398848,116.332,2022-03-10 06:00:00-05:00,115.90910621398848,SL,-1.0,-1000.0
2022-03-29 21:00:00-04:00,LONG,Bounce,122.329,121.88898504060855,124.292,2022-03-29 22:00:00-04:00,121.88898504060855,SL,-1.0,-1000.0
2022-03-30 20:00:00-04:00,LONG,Breakout,122.276,122.17307816079808,123.195,2022-03-30 21:00:00-04:00,122.17307816079808,SL,-1.0,-1000.0
2022-03-31 03:00:00-04:00,LONG,Bounce,121.627,121.23981519692741,123.195,2022-04-05 10:00:00-04:00,123.195,TP,4.05,4049.75
2022-04-05 10:00:00-04:00,LONG,Breakout,123.295,122.90817197266378,124.292,2022-04-08 08:00:00-04:00,124.292,TP,2.577,2577.37
2022-04-08 08:00:00-04:00,LONG,Breakout,124.386,124.18926640985289,125.089,2022-04-10 17:00:00-04:00,124.18926640985289,SL,-1.0,-1000.0
2022-04-22 02:00:00-04:00,LONG,Bounce,127.907,127.73509404465551,128.695,2022-04-22 11:00:00-04:00,128.695,TP,4.584,4583.9
2022-04-22 11:00:00-04:00,LONG,Breakout,128.779,128.6328762344943,129.387,2022-04-22 13:00:00-04:00,128.6328762344943,SL,-1.0,-1000.0
2022-05-03 08:00:00-04:00,LONG,Bounce,129.874,129.80724711616963,130.466,2022-05-03 09:00:00-04:00,129.80724711616963,SL,-1.0,-1000.0
2022-05-09 21:00:00-04:00,LONG,Bounce,130.259,130.07415326156715,131.338,2022-05-10 04:00:00-04:00,130.07415326156715,SL,-1.0,-1000.0
2022-05-24 09:00:00-04:00,SHORT,Breakout,126.68,127.19406415789858,126.426,2022-05-24 10:00:00-04:00,126.426,TP,0.494,494.1
2022-05-26 03:00:00-04:00,SHORT,Breakout,126.591,126.83135929349646,126.348,2022-05-26 07:00:00-04:00,126.83135929349646,SL,-1.0,-1000.0
2022-06-03 08:00:00-04:00,LONG,Breakout,130.487,130.19762943603422,130.802,2022-06-03 11:00:00-04:00,130.802,TP,1.089,1088.57
2022-06-14 11:00:00-04:00,LONG,Breakout,134.889,134.74309087807305,135.187,2022-06-14 13:00:00-04:00,134.74309087807305,SL,-1.0,-1000.0
2022-06-17 10:00:00-04:00,LONG,Breakout,135.27,134.84178979945335,135.582,2022-06-19 21:00:00-04:00,134.84178979945335,SL,-1.0,-1000.0
2022-06-27 07:00:00-04:00,LONG,Breakout,135.429,135.3395672679717,136.705,2022-06-27 08:00:00-04:00,135.3395672679717,SL,-1.0,-1000.0
2022-06-28 02:00:00-04:00,LONG,Breakout,135.588,135.50402040745615,136.705,2022-06-29 09:00:00-04:00,136.705,TP,13.301,13300.85
2022-07-08 02:00:00-04:00,LONG,Bounce,135.733,135.50636636097994,136.215,2022-07-08 08:00:00-04:00,136.215,TP,2.127,2126.78
2022-07-08 08:00:00-04:00,LONG,Breakout,136.414,136.08385285306758,136.994,2022-07-08 10:00:00-04:00,136.08385285306758,SL,-1.0,-1000.0
2022-07-13 08:00:00-04:00,LONG,Breakout,137.576,137.20474281739644,137.743,2022-07-13 10:00:00-04:00,137.20474281739644,SL,-1.0,-1000.0
2022-07-21 03:00:00-04:00,LONG,Breakout,138.582,138.32488195741448,139.379,2022-07-21 08:00:00-04:00,138.32488195741448,SL,-1.0,-1000.0
2022-07-26 06:00:00-04:00,SHORT,Bounce,136.642,136.81870570785827,136.263,2022-07-26 16:00:00-04:00,136.81870570785827,SL,-1.0,-1000.0
2022-07-28 08:00:00-04:00,SHORT,Breakout,134.706,135.15717857711743,134.516,2022-07-28 09:00:00-04:00,134.516,TP,0.421,421.12
2022-07-31 21:00:00-04:00,SHORT,Breakout,132.414,132.57630380756387,131.485,2022-07-31 23:00:00-04:00,132.57630380756387,SL,-1.0,-1000.0
2022-08-01 04:00:00-04:00,SHORT,Breakout,132.337,132.57205277581406,131.485,2022-08-01 18:00:00-04:00,131.485,TP,3.625,3624.72
2022-08-04 10:00:00-04:00,SHORT,Breakout,133.114,133.48283594673663,132.277,2022-08-05 08:00:00-04:00,133.48283594673663,SL,-1.0,-1000.0
2022-08-11 08:00:00-04:00,SHORT,Breakout,131.929,132.07955504340956,130.382,2022-08-11 09:00:00-04:00,132.07955504340956,SL,-1.0,-1000.0
2022-08-15 08:00:00-04:00,SHORT,Breakout,132.683,132.9546595340227,131.723,2022-08-15 10:00:00-04:00,132.9546595340227,SL,-1.0,-1000.0
2022-08-24 09:00:00-04:00,LONG,Breakout,137.094,136.97939762230178,137.637,2022-08-24 10:00:00-04:00,136.97939762230178,SL,-1.0,-1000.0
2022-08-26 02:00:00-04:00,LONG,Breakout,137.022,136.90924917417559,137.235,2022-08-26 04:00:00-04:00,136.90924917417559,SL,-1.0,-1000.0
2022-08-26 10:00:00-04:00,LONG,Bounce,137.293,136.2551031794622,137.637,2022-08-28 17:00:00-04:00,137.637,TP,0.331,331.44
2022-09-13 02:00:00-04:00,LONG,Bounce,142.342,142.09644736267092,143.487,2022-09-13 06:00:00-04:00,142.09644736267092,SL,-1.0,-1000.0
2022-09-13 08:00:00-04:00,LONG,Breakout,144.398,143.39759418981012,144.984,2022-09-14 03:00:00-04:00,143.39759418981012,SL,-1.0,-1000.0
2022-09-16 11:00:00-04:00,LONG,Bounce,143.028,142.76346940459416,143.792,2022-09-18 19:00:00-04:00,142.76346940459416,SL,-1.0,-1000.0
2022-09-20 05:00:00-04:00,LONG,Breakout,143.68,143.59707125083634,144.95,2022-09-20 06:00:00-04:00,143.59707125083634,SL,-1.0,-1000.0
2022-09-20 08:00:00-04:00,LONG,Breakout,143.674,143.59628175586278,144.95,2022-09-20 09:00:00-04:00,143.59628175586278,SL,-1.0,-1000.0
2022-09-21 07:00:00-04:00,LONG,Breakout,144.069,143.87210420140565,144.95,2022-09-21 10:00:00-04:00,143.87210420140565,SL,-1.0,-1000.0
2022-09-28 10:00:00-04:00,LONG,Bounce,144.574,144.3269862278257,144.897,2022-09-28 11:00:00-04:00,144.3269862278257,SL,-1.0,-1000.0
2022-10-03 02:00:00-04:00,LONG,Breakout,144.993,144.7156691623824,145.89,2022-10-03 10:00:00-04:00,144.7156691623824,SL,-1.0,-1000.0
2022-10-03 11:00:00-04:00,LONG,Bounce,144.494,144.1465811232517,145.301,2022-10-04 12:00:00-04:00,144.1465811232517,SL,-1.0,-1000.0
2022-10-04 12:00:00-04:00,LONG,Bounce,144.219,144.10222276712076,145.301,2022-10-04 13:00:00-04:00,144.10222276712076,SL,-1.0,-1000.0
2022-10-07 09:00:00-04:00,LONG,Breakout,145.166,145.09952729568468,145.89,2022-10-07 10:00:00-04:00,145.09952729568468,SL,-1.0,-1000.0
2022-10-07 11:00:00-04:00,LONG,Breakout,145.193,145.10044649474852,145.89,2022-10-11 15:00:00-04:00,145.89,TP,7.531,7530.78
2022-11-07 08:00:00-05:00,SHORT,Breakout,146.317,146.605871477838,145.659,2022-11-07 10:00:00-05:00,146.605871477838,SL,-1.0,-1000.0
2022-11-10 08:00:00-05:00,SHORT,Breakout,143.696,145.2458154307401,141.75,2022-11-10 10:00:00-05:00,141.75,TP,1.256,1255.63
2022-11-15 02:00:00-05:00,SHORT,Breakout,139.331,139.8180364971456,138.457,2022-11-15 08:00:00-05:00,138.457,TP,1.795,1794.53
2022-11-23 09:00:00-05:00,SHORT,Breakout,140.018,140.95933378533354,139.625,2022-11-23 11:00:00-05:00,139.625,TP,0.417,417.49
2022-11-28 01:00:00-05:00,SHORT,Breakout,138.212,138.41218446615594,138.034,2022-11-28 02:00:00-05:00,138.034,TP,0.889,889.18
2022-12-19 22:00:00-05:00,SHORT,Breakout,133.436,135.84882766219565,132.543,2022-12-20 02:00:00-05:00,132.543,TP,0.37,370.11
2022-12-22 09:00:00-05:00,SHORT,Bounce,132.313,132.5752965022745,131.629,2022-12-22 19:00:00-05:00,132.5752965022745,SL,-1.0,-1000.0
2022-12-29 08:00:00-05:00,SHORT,Breakout,133.152,133.4387243724602,131.629,2022-12-30 04:00:00-05:00,131.629,TP,5.312,5311.72
2023-01-05 08:00:00-05:00,LONG,Breakout,133.671,132.62157321082498,134.489,2023-01-06 04:00:00-05:00,134.489,TP,0.779,779.47
2023-01-11 13:00:00-05:00,SHORT,Bounce,132.314,132.51265010662564,131.369,2023-01-11 15:00:00-05:00,132.51265010662564,SL,-1.0,-1000.0
2023-01-12 04:00:00-05:00,SHORT,Breakout,130.948,131.43405647874752,129.912,2023-01-12 08:00:00-05:00,129.912,TP,2.131,2131.44
2023-01-17 10:00:00-05:00,SHORT,Breakout,128.13,128.26924269259226,127.208,2023-01-17 11:00:00-05:00,128.26924269259226,SL,-1.0,-1000.0
2023-01-25 10:00:00-05:00,SHORT,Breakout,129.58,129.77453545325793,129.029,2023-01-25 11:00:00-05:00,129.77453545325793,SL,-1.0,-1000.0
2023-01-29 23:00:00-05:00,SHORT,Breakout,129.467,129.60330480777253,129.012,2023-01-30 00:00:00-05:00,129.60330480777253,SL,-1.0,-1000.0
2023-02-01 08:00:00-05:00,SHORT,Breakout,129.367,129.77456777015044,129.187,2023-02-01 10:00:00-05:00,129.187,TP,0.442,441.64
2023-02-06 08:00:00-05:00,LONG,Breakout,132.541,132.30258696282957,132.863,2023-02-06 11:00:00-05:00,132.863,TP,1.351,1350.6
2023-02-14 11:00:00-05:00,LONG,Breakout,133.046,132.82334946960057,134.761,2023-02-14 19:00:00-05:00,132.82334946960057,SL,-1.0,-1000.0
2023-02-23 08:00:00-05:00,LONG,Breakout,135.263,134.9431367003051,137.459,2023-02-23 09:00:00-05:00,134.9431367003051,SL,-1.0,-1000.0
2023-02-28 02:00:00-05:00,LONG,Breakout,136.736,136.50586462728126,137.459,2023-02-28 10:00:00-05:00,136.50586462728126,SL,-1.0,-1000.0
2023-03-01 04:00:00-05:00,LONG,Bounce,135.83,135.67895564940838,136.909,2023-03-01 05:00:00-05:00,135.67895564940838,SL,-1.0,-1000.0
2023-03-02 08:00:00-05:00,LONG,Breakout,137.044,136.85602355140813,137.459,2023-03-02 09:00:00-05:00,136.85602355140813,SL,-1.0,-1000.0
2023-03-07 10:00:00-05:00,LONG,Breakout,136.768,136.12198550378665,137.085,2023-03-07 14:00:00-05:00,137.085,TP,0.491,490.7
2023-03-13 05:00:00-04:00,SHORT,Breakout,133.223,133.68947029061576,131.487,2023-03-13 06:00:00-04:00,133.68947029061576,SL,-1.0,-1000.0
2023-03-13 07:00:00-04:00,SHORT,Breakout,133.141,133.6952891791534,131.487,2023-03-13 21:00:00-04:00,133.6952891791534,SL,-1.0,-1000.0
2023-03-15 04:00:00-04:00,SHORT,Bounce,134.657,134.9606534744294,132.272,2023-03-15 09:00:00-04:00,132.272,TP,7.854,7854.35
2023-03-20 02:00:00-04:00,SHORT,Breakout,131.099,131.62368126871223,129.793,2023-03-20 09:00:00-04:00,131.62368126871223,SL,-1.0,-1000.0
2023-03-24 03:00:00-04:00,SHORT,Breakout,130.246,130.4707030051504,129.793,2023-03-24 05:00:00-04:00,129.793,TP,2.016,2015.99
2023-04-06 10:00:00-04:00,SHORT,Bounce,131.751,131.887711563548,130.611,2023-04-06 19:00:00-04:00,131.887711563548,SL,-1.0,-1000.0
2023-04-12 09:00:00-04:00,LONG,Bounce,133.151,132.9056064655769,134.037,2023-04-13 04:00:00-04:00,132.9056064655769,SL,-1.0,-1000.0
2023-04-19 03:00:00-04:00,LONG,Breakout,134.723,134.66254233876273,135.102,2023-04-19 05:00:00-04:00,135.102,TP,6.269,6268.85
2023-04-21 02:00:00-04:00,LONG,Bounce,133.876,133.8176733515965,134.964,2023-04-21 03:00:00-04:00,133.8176733515965,SL,-1.0,-1000.0
2023-04-24 06:00:00-04:00,LONG,Breakout,134.578,134.43908535683371,134.964,2023-04-24 10:00:00-04:00,134.43908535683371,SL,-1.0,-1000.0
2023-04-28 00:00:00-04:00,LONG,Breakout,134.764,134.1106165978473,134.964,2023-04-28 01:00:00-04:00,134.964,TP,0.306,306.1
2023-05-08 03:00:00-04:00,LONG,Breakout,135.017,134.82759540593275,137.763,2023-05-08 10:00:00-04:00,134.82759540593275,SL,-1.0,-1000.0
2023-05-10 02:00:00-04:00,LONG,Breakout,135.376,135.31881768736937,137.763,2023-05-10 03:00:00-04:00,135.31881768736937,SL,-1.0,-1000.0
2023-05-11 05:00:00-04:00,SHORT,Breakout,134.681,134.7501926627097,133.873,2023-05-11 08:00:00-04:00,133.873,TP,11.678,11677.54
2023-05-11 08:00:00-04:00,SHORT,Breakout,133.828,133.93418260931966,133.487,2023-05-11 09:00:00-04:00,133.93418260931966,SL,-1.0,-1000.0
2023-05-16 04:00:00-04:00,LONG,Bounce,135.836,135.67020668052746,136.314,2023-05-16 08:00:00-04:00,135.67020668052746,SL,-1.0,-1000.0
2023-05-17 01:00:00-04:00,LONG,Breakout,136.783,136.64265723979935,137.763,2023-05-18 03:00:00-04:00,137.763,TP,6.983,6982.9
2023-05-23 08:00:00-04:00,LONG,Breakout,138.85,138.5939128761398,139.884,2023-05-23 09:00:00-04:00,138.5939128761398,SL,-1.0,-1000.0
2023-05-24 10:00:00-04:00,LONG,Breakout,138.979,138.85689366230096,139.884,2023-05-24 18:00:00-04:00,138.85689366230096,SL,-1.0,-1000.0
2023-05-26 09:00:00-04:00,LONG,Breakout,140.336,140.17028905978916,141.601,2023-05-26 10:00:00-04:00,140.17028905978916,SL,-1.0,-1000.0
2023-05-31 08:00:00-04:00,LONG,Bounce,139.793,139.51046307576846,140.92,2023-05-31 13:00:00-04:00,139.51046307576846,SL,-1.0,-1000.0
2023-06-12 06:00:00-04:00,LONG,Bounce,139.181,138.98393724449747,139.714,2023-06-12 09:00:00-04:00,139.714,TP,2.705,2704.72
2023-06-13 10:00:00-04:00,LONG,Breakout,139.804,139.70370530167702,140.23,2023-06-13 14:00:00-04:00,140.23,TP,4.247,4247.48
2023-06-19 20:00:00-04:00,LONG,Breakout,142.086,141.9607299517045,142.244,2023-06-19 22:00:00-04:00,141.9607299517045,SL,-1.0,-1000.0
2023-06-20 00:00:00-04:00,LONG,Breakout,142.049,141.9516871551081,142.244,2023-06-20 02:00:00-04:00,141.9516871551081,SL,-1.0,-1000.0
2023-06-20 05:00:00-04:00,LONG,Bounce,141.631,141.38539416924783,142.244,2023-06-20 06:00:00-04:00,141.38539416924783,SL,-1.0,-1000.0
2023-06-20 09:00:00-04:00,LONG,Bounce,141.567,141.3841632931041,142.241,2023-06-20 10:00:00-04:00,141.3841632931041,SL,-1.0,-1000.0
2023-06-22 10:00:00-04:00,LONG,Breakout,142.777,142.31195083578547,146.581,2023-07-07 10:00:00-04:00,142.31195083578547,SL,-1.0,-1000.0
2023-07-13 20:00:00-04:00,SHORT,Breakout,137.669,138.10891913547098,137.413,2023-07-13 21:00:00-04:00,137.413,TP,0.582,581.93
2023-07-14 09:00:00-04:00,SHORT,Bounce,138.644,139.00390302615287,137.23,2023-07-14 10:00:00-04:00,139.00390302615287,SL,-1.0,-1000.0
2023-07-14 10:00:00-04:00,SHORT,Bounce,138.491,139.01038138142766,137.23,2023-07-17 08:00:00-04:00,139.01038138142766,SL,-1.0,-1000.0
2023-07-28 00:00:00-04:00,SHORT,Breakout,138.76,139.51220122938767,137.67,2023-07-28 02:00:00-04:00,139.51220122938767,SL,-1.0,-1000.0
2023-08-03 00:00:00-04:00,LONG,Breakout,143.686,143.42411722843,144.642,2023-08-03 02:00:00-04:00,143.42411722843,SL,-1.0,-1000.0
2023-08-07 20:00:00-04:00,LONG,Breakout,143.004,142.85320343219186,143.884,2023-08-08 03:00:00-04:00,142.85320343219186,SL,-1.0,-1000.0
2023-08-09 10:00:00-04:00,LONG,Breakout,143.703,143.4474233294076,143.884,2023-08-09 12:00:00-04:00,143.4474233294076,SL,-1.0,-1000.0
2023-08-11 11:00:00-04:00,LONG,Breakout,144.934,144.84974152275635,145.059,2023-08-11 12:00:00-04:00,144.84974152275635,SL,-1.0,-1000.0
2023-08-13 20:00:00-04:00,LONG,Breakout,144.983,144.8528689400485,146.581,2023-08-13 21:00:00-04:00,144.8528689400485,SL,-1.0,-1000.0
2023-08-14 08:00:00-04:00,LONG,Breakout,145.34,145.1811465224149,146.581,2023-08-14 12:00:00-04:00,145.1811465224149,SL,-1.0,-1000.0
2023-08-15 02:00:00-04:00,LONG,Breakout,145.715,145.5377965984052,146.581,2023-08-15 05:00:00-04:00,145.5377965984052,SL,-1.0,-1000.0
2023-08-25 10:00:00-04:00,LONG,Breakout,146.55,146.08013290478752,146.785,2023-08-29 07:00:00-04:00,146.785,TP,0.5,500.14
2023-08-31 11:00:00-04:00,LONG,Bounce,145.681,145.4984342995562,146.528,2023-08-31 12:00:00-04:00,145.4984342995562,SL,-1.0,-1000.0
2023-09-14 09:00:00-04:00,LONG,Bounce,147.296,146.97532654191252,147.742,2023-09-15 03:00:00-04:00,147.742,TP,1.391,1390.82
2023-09-20 02:00:00-04:00,LONG,Breakout,147.93,147.89258543965823,148.198,2023-09-20 06:00:00-04:00,147.89258543965823,SL,-1.0,-1000.0
2023-09-25 04:00:00-04:00,LONG,Breakout,148.554,148.38345965321236,148.844,2023-09-25 10:00:00-04:00,148.844,TP,1.7,1700.48
2023-09-26 02:00:00-04:00,LONG,Breakout,149.155,148.9303372569082,151.939,2023-09-26 03:00:00-04:00,148.9303372569082,SL,-1.0,-1000.0
2023-09-27 09:00:00-04:00,LONG,Breakout,149.37,149.1534446251488,151.939,2023-09-28 10:00:00-04:00,149.1534446251488,SL,-1.0,-1000.0
2023-09-29 08:00:00-04:00,LONG,Bounce,149.182,149.09570190617148,149.698,2023-09-29 09:00:00-04:00,149.09570190617148,SL,-1.0,-1000.0
2023-09-29 09:00:00-04:00,LONG,Bounce,149.229,149.09546605573067,149.698,2023-10-01 20:00:00-04:00,149.698,TP,3.512,3512.22
2023-10-03 10:00:00-04:00,LONG,Bounce,149.043,148.45542219833948,151.939,2023-10-04 21:00:00-04:00,148.45542219833948,SL,-1.0,-1000.0
2023-10-12 08:00:00-04:00,LONG,Breakout,149.44,149.28437522203527,149.53,2023-10-12 09:00:00-04:00,149.53,TP,0.578,578.31
2023-10-17 06:00:00-04:00,LONG,Bounce,149.543,149.31012462395708,149.757,2023-10-17 08:00:00-04:00,149.757,TP,0.919,918.95
2023-10-20 04:00:00-04:00,LONG,Bounce,149.939,149.64502324140895,150.151,2023-10-23 13:00:00-04:00,149.64502324140895,SL,-1.0,-1000.0
2023-11-15 08:00:00-05:00,LONG,Bounce,150.768,150.09637789659536,151.771,2023-11-17 03:00:00-05:00,150.09637789659536,SL,-1.0,-1000.0
2023-11-19 21:00:00-05:00,SHORT,Breakout,149.003,149.24275651717895,148.796,2023-11-19 23:00:00-05:00,148.796,TP,0.863,863.38
2023-11-20 20:00:00-05:00,SHORT,Breakout,148.007,148.14047507392138,147.243,2023-11-20 23:00:00-05:00,147.243,TP,5.724,5723.92
2023-11-26 19:00:00-05:00,SHORT,Bounce,149.489,149.6880272309655,149.187,2023-11-26 20:00:00-05:00,149.187,TP,1.517,1517.38
2023-11-26 20:00:00-05:00,SHORT,Breakout,149.1,149.2172395716108,148.873,2023-11-26 21:00:00-05:00,149.2172395716108,SL,-1.0,-1000.0
2023-11-27 05:00:00-05:00,SHORT,Breakout,148.984,149.22567480563043,147.142,2023-11-28 18:00:00-05:00,147.142,TP,7.622,7621.81
2023-12-13 14:00:00-05:00,SHORT,Breakout,143.13,144.80038605666448,141.586,2023-12-13 22:00:00-05:00,141.586,TP,0.924,924.34
2023-12-18 03:00:00-05:00,SHORT,Bounce,142.375,142.5112313642268,141.421,2023-12-18 05:00:00-05:00,142.5112313642268,SL,-1.0,-1000.0
2023-12-21 04:00:00-05:00,SHORT,Breakout,143.067,143.3039569861705,142.236,2023-12-21 08:00:00-05:00,142.236,TP,3.507,3506.97
2024-01-03 02:00:00-05:00,LONG,Breakout,142.411,142.15950473929436,142.837,2024-01-03 06:00:00-05:00,142.837,TP,1.694,1693.87
2024-01-09 02:00:00-05:00,LONG,Bounce,144.054,143.7463541531921,144.675,2024-01-09 04:00:00-05:00,143.7463541531921,SL,-1.0,-1000.0
2024-01-11 08:00:00-05:00,LONG,Breakout,146.24,145.76612105507442,146.583,2024-01-11 09:00:00-05:00,145.76612105507442,SL,-1.0,-1000.0
2024-01-15 21:00:00-05:00,LONG,Breakout,146.038,145.8965050005547,146.409,2024-01-16 03:00:00-05:00,146.409,TP,2.622,2622.0
2024-02-05 10:00:00-05:00,LONG,Breakout,148.866,148.7657350577917,149.663,2024-02-05 11:00:00-05:00,148.7657350577917,SL,-1.0,-1000.0
2024-02-12 03:00:00-05:00,LONG,Bounce,149.138,148.9765725110844,149.568,2024-02-12 07:00:00-05:00,148.9765725110844,SL,-1.0,-1000.0
2024-02-13 02:00:00-05:00,LONG,Breakout,149.581,149.44735352792327,149.663,2024-02-13 03:00:00-05:00,149.663,TP,0.614,613.56
2024-02-13 08:00:00-05:00,LONG,Breakout,150.428,149.4308938370388,151.422,2024-02-29 10:00:00-05:00,149.4308938370388,SL,-1.0,-1000.0
2024-03-06 02:00:00-05:00,SHORT,Breakout,149.528,149.72770490191215,149.199,2024-03-06 03:00:00-05:00,149.72770490191215,SL,-1.0,-1000.0
2024-03-18 23:00:00-04:00,LONG,Breakout,149.694,149.28127326931707,150.561,2024-03-19 05:00:00-04:00,150.561,TP,2.101,2100.66
2024-03-26 11:00:00-04:00,LONG,Breakout,151.572,151.5123602695751,151.852,2024-03-26 12:00:00-04:00,151.5123602695751,SL,-1.0,-1000.0
2024-04-01 08:00:00-04:00,LONG,Breakout,151.446,151.40380449589492,151.489,2024-04-01 09:00:00-04:00,151.489,TP,1.019,1019.07
2024-04-03 08:00:00-04:00,LONG,Breakout,151.842,151.77287196208474,151.96,2024-04-03 10:00:00-04:00,151.77287196208474,SL,-1.0,-1000.0
2024-04-04 10:00:00-04:00,LONG,Bounce,151.657,151.50771445849793,151.946,2024-04-04 14:00:00-04:00,151.50771445849793,SL,-1.0,-1000.0
2024-04-08 10:00:00-04:00,LONG,Breakout,151.804,151.72131781520557,151.946,2024-04-08 14:00:00-04:00,151.72131781520557,SL,-1.0,-1000.0
2024-04-09 05:00:00-04:00,LONG,Bounce,151.834,151.69113297437318,151.935,2024-04-09 10:00:00-04:00,151.69113297437318,SL,-1.0,-1000.0
2024-04-30 08:00:00-04:00,LONG,Breakout,157.447,156.9174726403918,160.215,2024-05-01 16:00:00-04:00,156.9174726403918,SL,-1.0,-1000.0
2024-05-03 08:00:00-04:00,SHORT,Breakout,152.194,152.82343718512826,151.561,2024-05-03 10:00:00-04:00,152.82343718512826,SL,-1.0,-1000.0
2024-05-13 11:00:00-04:00,LONG,Breakout,156.168,155.91685666561744,157.979,2024-05-15 04:00:00-04:00,155.91685666561744,SL,-1.0,-1000.0
2024-05-17 11:00:00-04:00,LONG,Breakout,155.569,155.4878691918937,156.55,2024-05-17 12:00:00-04:00,155.4878691918937,SL,-1.0,-1000.0
2024-05-20 08:00:00-04:00,LONG,Breakout,156.144,155.89181027701935,156.55,2024-05-21 10:00:00-04:00,155.89181027701935,SL,-1.0,-1000.0
2024-05-22 07:00:00-04:00,LONG,Breakout,156.575,156.51132943727134,156.751,2024-05-22 08:00:00-04:00,156.51132943727134,SL,-1.0,-1000.0
2024-05-23 09:00:00-04:00,LONG,Breakout,157.082,156.85741412596917,157.979,2024-05-23 10:00:00-04:00,156.85741412596917,SL,-1.0,-1000.0
2024-05-27 22:00:00-04:00,LONG,Bounce,156.742,156.67605189290913,157.134,2024-05-27 23:00:00-04:00,156.67605189290913,SL,-1.0,-1000.0
2024-05-29 10:00:00-04:00,LONG,Breakout,157.487,157.36848627064023,157.979,2024-05-29 20:00:00-04:00,157.36848627064023,SL,-1.0,-1000.0
2024-05-30 03:00:00-04:00,LONG,Bounce,156.961,156.84964085476656,157.698,2024-05-30 05:00:00-04:00,156.84964085476656,SL,-1.0,-1000.0
2024-06-11 10:00:00-04:00,LONG,Breakout,157.31,157.15070470416308,157.458,2024-06-11 13:00:00-04:00,157.15070470416308,SL,-1.0,-1000.0
2024-06-13 23:00:00-04:00,LONG,Breakout,157.813,157.25396852358202,157.979,2024-06-14 01:00:00-04:00,157.979,TP,0.297,296.94
2024-06-14 10:00:00-04:00,LONG,Breakout,157.372,157.23500508720204,160.215,2024-06-14 11:00:00-04:00,157.23500508720204,SL,-1.0,-1000.0
2024-06-18 03:00:00-04:00,LONG,Breakout,158.121,157.9239590856292,158.248,2024-06-18 08:00:00-04:00,157.9239590856292,SL,-1.0,-1000.0
2024-06-20 03:00:00-04:00,LONG,Breakout,158.266,158.19981404371697,160.215,2024-06-26 06:00:00-04:00,160.215,TP,29.447,29447.33
2024-06-28 09:00:00-04:00,LONG,Bounce,160.461,160.23668796349577,161.27,2024-07-01 08:00:00-04:00,161.27,TP,3.607,3606.58
2024-07-22 02:00:00-04:00,SHORT,Breakout,156.442,157.00166619204177,155.363,2024-07-22 08:00:00-04:00,157.00166619204177,SL,-1.0,-1000.0
2024-07-23 03:00:00-04:00,SHORT,Breakout,156.034,156.3327874458224,155.363,2024-07-23 21:00:00-04:00,155.363,TP,2.246,2245.74
2024-07-30 12:00:00-04:00,SHORT,Breakout,153.227,153.6844026945258,153.004,2024-07-30 13:00:00-04:00,153.004,TP,0.488,487.54
2024-07-31 00:00:00-04:00,SHORT,Breakout,152.546,153.73702996943067,151.561,2024-07-31 03:00:00-04:00,151.561,TP,0.827,827.02
2024-08-02 08:00:00-04:00,SHORT,Breakout,147.431,148.61083774786368,146.609,2024-08-02 10:00:00-04:00,146.609,TP,0.697,696.71
2024-08-12 09:00:00-04:00,SHORT,Bounce,147.769,147.86706403257153,146.265,2024-08-12 10:00:00-04:00,147.86706403257153,SL,-1.0,-1000.0
2024-08-20 10:00:00-04:00,SHORT,Breakout,145.593,145.91827171858597,145.181,2024-08-20 16:00:00-04:00,145.181,TP,1.267,1266.63
2024-09-06 10:00:00-04:00,SHORT,Breakout,142.435,142.947303174605,141.683,2024-09-08 21:00:00-04:00,142.947303174605,SL,-1.0,-1000.0
2024-09-10 11:00:00-04:00,SHORT,Breakout,142.284,142.71050317327973,141.768,2024-09-10 21:00:00-04:00,141.768,TP,1.21,1209.84
2024-09-18 14:00:00-04:00,SHORT,Breakout,141.124,141.28803686319202,140.313,2024-09-18 15:00:00-04:00,141.28803686319202,SL,-1.0,-1000.0
2024-09-26 10:00:00-04:00,LONG,Breakout,144.827,144.60629327481516,147.201,2024-09-26 11:00:00-04:00,144.60629327481516,SL,-1.0,-1000.0
2024-10-02 06:00:00-04:00,LONG,Breakout,144.786,144.4546397066788,146.487,2024-10-02 18:00:00-04:00,146.487,TP,5.133,5133.39
2024-10-04 08:00:00-04:00,LONG,Breakout,148.635,147.0993645286143,149.346,2024-10-09 14:00:00-04:00,149.346,TP,0.463,463.0
2024-10-14 07:00:00-04:00,LONG,Breakout,149.633,149.50720452739688,150.883,2024-10-14 21:00:00-04:00,149.50720452739688,SL,-1.0,-1000.0
2024-10-16 10:00:00-04:00,LONG,Breakout,149.622,149.4849693237572,149.971,2024-10-16 20:00:00-04:00,149.4849693237572,SL,-1.0,-1000.0
2024-10-17 10:00:00-04:00,LONG,Breakout,150.014,149.75317269315505,150.883,2024-10-18 06:00:00-04:00,149.75317269315505,SL,-1.0,-1000.0
2024-10-21 11:00:00-04:00,LONG,Breakout,150.467,150.27243890935299,150.883,2024-10-21 23:00:00-04:00,150.883,TP,2.138,2138.15
2024-10-27 20:00:00-04:00,LONG,Breakout,153.455,153.120021342477,153.895,2024-10-28 05:00:00-04:00,153.120021342477,SL,-1.0,-1000.0
2024-11-05 19:00:00-05:00,LONG,Breakout,152.911,152.47014121768981,153.089,2024-11-05 20:00:00-05:00,153.089,TP,0.404,403.76
2024-11-12 04:00:00-05:00,LONG,Breakout,154.102,153.90421195637106,154.705,2024-11-12 11:00:00-05:00,154.705,TP,3.049,3048.72
2024-11-26 07:00:00-05:00,SHORT,Breakout,153.249,153.6889464731745,152.137,2024-11-26 10:00:00-05:00,153.6889464731745,SL,-1.0,-1000.0
2024-11-28 20:00:00-05:00,SHORT,Breakout,149.933,150.50393156945262,149.083,2024-11-29 11:00:00-05:00,150.50393156945262,SL,-1.0,-1000.0
2024-12-02 11:00:00-05:00,SHORT,Breakout,149.261,149.53286550667664,148.872,2024-12-02 12:00:00-05:00,149.53286550667664,SL,-1.0,-1000.0
2024-12-03 08:00:00-05:00,SHORT,Breakout,148.853,149.14284558578007,148.397,2024-12-03 10:00:00-05:00,149.14284558578007,SL,-1.0,-1000.0
2024-12-11 04:00:00-05:00,LONG,Breakout,152.677,152.1108657213849,154.717,2024-12-11 08:00:00-05:00,152.1108657213849,SL,-1.0,-1000.0
2024-12-11 10:00:00-05:00,LONG,Breakout,152.453,152.10536960316972,154.717,2024-12-11 19:00:00-05:00,152.10536960316972,SL,-1.0,-1000.0
2024-12-18 10:00:00-05:00,LONG,Breakout,154.017,153.74031728896566,154.472,2024-12-18 12:00:00-05:00,153.74031728896566,SL,-1.0,-1000.0
2025-01-06 19:00:00-05:00,LONG,Breakout,158.101,157.9017287482689,158.849,2025-01-07 00:00:00-05:00,157.9017287482689,SL,-1.0,-1000.0
2025-01-08 07:00:00-05:00,LONG,Breakout,158.5,158.3758503362549,158.849,2025-01-08 08:00:00-05:00,158.3758503362549,SL,-1.0,-1000.0
2025-01-15 02:00:00-05:00,SHORT,Breakout,156.876,157.11140583623833,156.237,2025-01-15 03:00:00-05:00,157.11140583623833,SL,-1.0,-1000.0
2025-01-15 20:00:00-05:00,SHORT,Breakout,155.549,156.00386385001835,153.156,2025-01-16 00:00:00-05:00,156.00386385001835,SL,-1.0,-1000.0
2025-01-20 09:00:00-05:00,SHORT,Breakout,155.543,155.75857134405734,154.976,2025-01-20 10:00:00-05:00,155.75857134405734,SL,-1.0,-1000.0
2025-01-20 20:00:00-05:00,SHORT,Breakout,155.537,155.7765572042506,153.156,2025-01-21 04:00:00-05:00,155.7765572042506,SL,-1.0,-1000.0
2025-01-27 04:00:00-05:00,SHORT,Breakout,154.596,154.9077925166306,153.156,2025-01-27 18:00:00-05:00,154.9077925166306,SL,-1.0,-1000.0
2025-01-29 10:00:00-05:00,SHORT,Breakout,155.005,155.09614548435192,153.708,2025-01-29 11:00:00-05:00,155.09614548435192,SL,-1.0,-1000.0
2025-02-06 10:00:00-05:00,SHORT,Breakout,151.683,151.8653327254576,150.998,2025-02-06 11:00:00-05:00,151.8653327254576,SL,-1.0,-1000.0
2025-02-11 08:00:00-05:00,SHORT,Bounce,152.301,152.5685306176596,151.565,2025-02-11 10:00:00-05:00,152.5685306176596,SL,-1.0,-1000.0
2025-02-23 19:00:00-05:00,SHORT,Breakout,148.918,149.3256700412523,148.636,2025-02-23 21:00:00-05:00,149.3256700412523,SL,-1.0,-1000.0
2025-02-27 09:00:00-05:00,SHORT,Bounce,149.723,149.93963308805965,148.738,2025-02-27 10:00:00-05:00,149.93963308805965,SL,-1.0,-1000.0
2025-02-27 11:00:00-05:00,SHORT,Bounce,149.804,149.94433975450042,148.738,2025-02-27 12:00:00-05:00,149.94433975450042,SL,-1.0,-1000.0
2025-03-03 15:00:00-05:00,SHORT,Breakout,149.409,150.01110007885578,148.738,2025-03-03 20:00:00-05:00,148.738,TP,1.114,1114.43
2025-03-10 10:00:00-04:00,SHORT,Breakout,146.757,147.0051393976119,145.911,2025-03-10 11:00:00-04:00,147.0051393976119,SL,-1.0,-1000.0
2025-03-11 10:00:00-04:00,SHORT,Bounce,147.349,147.5339128457256,146.529,2025-03-11 11:00:00-04:00,147.5339128457256,SL,-1.0,-1000.0
2025-03-17 09:00:00-04:00,SHORT,Bounce,148.824,149.07187437721893,147.401,2025-03-17 14:00:00-04:00,149.07187437721893,SL,-1.0,-1000.0
2025-03-24 09:00:00-04:00,LONG,Breakout,150.229,149.89784672582215,151.291,2025-03-25 08:00:00-04:00,149.89784672582215,SL,-1.0,-1000.0
2025-03-27 09:00:00-04:00,LONG,Breakout,150.871,150.6889629526447,151.291,2025-03-27 11:00:00-04:00,150.6889629526447,SL,-1.0,-1000.0
2025-04-14 09:00:00-04:00,SHORT,Bounce,143.63,144.2911629459802,142.057,2025-04-16 03:00:00-04:00,142.057,TP,2.379,2379.14
2025-04-16 09:00:00-04:00,SHORT,Breakout,142.432,142.6536489252993,141.638,2025-04-16 10:00:00-04:00,142.6536489252993,SL,-1.0,-1000.0
2025-04-21 23:00:00-04:00,SHORT,Breakout,140.197,140.51656949296446,139.572,2025-04-22 04:00:00-04:00,140.51656949296446,SL,-1.0,-1000.0
2025-04-30 10:00:00-04:00,SHORT,Bounce,142.626,142.79875901678722,141.953,2025-04-30 11:00:00-04:00,142.79875901678722,SL,-1.0,-1000.0
2025-04-30 11:00:00-04:00,SHORT,Bounce,142.622,142.80141908701668,141.953,2025-04-30 13:00:00-04:00,142.80141908701668,SL,-1.0,-1000.0
2025-05-12 03:00:00-04:00,LONG,Breakout,147.904,146.0983727658255,148.27,2025-05-12 06:00:00-04:00,148.27,TP,0.203,202.7
2025-05-15 09:00:00-04:00,LONG,Bounce,145.792,145.53129361942882,148.269,2025-05-15 10:00:00-04:00,145.53129361942882,SL,-1.0,-1000.0
2025-05-20 01:00:00-04:00,SHORT,Breakout,144.369,144.70999822130864,142.896,2025-05-20 08:00:00-04:00,144.70999822130864,SL,-1.0,-1000.0
2025-05-20 10:00:00-04:00,SHORT,Breakout,144.554,144.70822824539036,142.896,2025-05-20 11:00:00-04:00,144.70822824539036,SL,-1.0,-1000.0
2025-05-23 07:00:00-04:00,SHORT,Breakout,142.62,142.85339641054279,142.344,2025-05-23 09:00:00-04:00,142.85339641054279,SL,-1.0,-1000.0
2025-05-23 10:00:00-04:00,SHORT,Breakout,142.651,142.85708276747906,142.344,2025-05-25 18:00:00-04:00,142.85708276747906,SL,-1.0,-1000.0
2025-05-28 02:00:00-04:00,LONG,Breakout,144.515,144.38993962464133,145.504,2025-05-28 03:00:00-04:00,144.38993962464133,SL,-1.0,-1000.0
2025-05-29 21:00:00-04:00,LONG,Bounce,143.898,143.78048786871796,146.272,2025-05-30 00:00:00-04:00,143.78048786871796,SL,-1.0,-1000.0
2025-06-12 22:00:00-04:00,SHORT,Breakout,143.067,143.23314908534292,142.519,2025-06-12 23:00:00-04:00,143.23314908534292,SL,-1.0,-1000.0
2025-06-16 20:00:00-04:00,LONG,Breakout,145.057,144.69337845291463,145.461,2025-06-16 23:00:00-04:00,144.69337845291463,SL,-1.0,-1000.0
2025-06-17 10:00:00-04:00,LONG,Breakout,145.171,145.0454966397203,145.461,2025-06-17 11:00:00-04:00,145.0454966397203,SL,-1.0,-1000.0
2025-06-18 14:00:00-04:00,LONG,Bounce,145.033,144.34217546204172,145.435,2025-06-19 05:00:00-04:00,145.435,TP,0.582,581.91
2025-06-20 10:00:00-04:00,LONG,Breakout,145.902,145.7233437087018,146.272,2025-06-22 17:00:00-04:00,146.272,TP,2.071,2071.02
2025-07-07 04:00:00-04:00,LONG,Breakout,145.331,145.17988883349113,145.943,2025-07-07 12:00:00-04:00,145.943,TP,4.05,4050.0
2025-07-15 09:00:00-04:00,LONG,Breakout,148.574,147.83430527253148,150.468,2025-07-16 11:00:00-04:00,147.83430527253148,SL,-1.0,-1000.0
2025-07-30 09:00:00-04:00,LONG,Breakout,149.041,148.75151255756924,149.178,2025-07-30 14:00:00-04:00,148.75151255756924,SL,-1.0,-1000.0
2025-07-30 14:00:00-04:00,LONG,Breakout,149.342,148.74581159642847,150.468,2025-07-30 22:00:00-04:00,148.74581159642847,SL,-1.0,-1000.0
2025-08-28 10:00:00-04:00,SHORT,Breakout,146.967,147.13086240067466,146.563,2025-08-29 02:00:00-04:00,147.13086240067466,SL,-1.0,-1000.0
2025-09-09 04:00:00-04:00,SHORT,Breakout,146.617,146.86186087966138,146.206,2025-09-09 08:00:00-04:00,146.86186087966138,SL,-1.0,-1000.0
2025-09-25 08:00:00-04:00,LONG,Breakout,149.234,148.8682760326014,150.908,2025-09-29 01:00:00-04:00,148.8682760326014,SL,-1.0,-1000.0
2025-10-07 02:00:00-04:00,LONG,Breakout,150.615,150.42179941641535,150.908,2025-10-07 07:00:00-04:00,150.908,TP,1.517,1516.56
2025-10-09 03:00:00-04:00,LONG,Breakout,153.057,152.9393364626416,154.794,2025-10-09 04:00:00-04:00,152.9393364626416,SL,-1.0,-1000.0
2025-10-09 09:00:00-04:00,LONG,Bounce,152.855,152.34123275839397,154.794,2025-10-10 11:00:00-04:00,152.34123275839397,SL,-1.0,-1000.0
2025-10-21 01:00:00-04:00,LONG,Breakout,151.504,151.14187704854444,151.729,2025-10-21 03:00:00-04:00,151.14187704854444,SL,-1.0,-1000.0
2025-10-22 12:00:00-04:00,LONG,Bounce,151.753,151.43852586517278,152.164,2025-10-22 20:00:00-04:00,152.164,TP,1.307,1306.94
2025-10-27 09:00:00-04:00,LONG,Breakout,153.1,153.00915035699245,153.263,2025-10-27 10:00:00-04:00,153.00915035699245,SL,-1.0,-1000.0
2025-10-29 14:00:00-04:00,LONG,Breakout,152.814,152.4753754605639,153.244,2025-10-29 21:00:00-04:00,152.4753754605639,SL,-1.0,-1000.0
2025-10-29 23:00:00-04:00,LONG,Breakout,152.95,152.46888798548844,153.244,2025-10-30 02:00:00-04:00,153.244,TP,0.611,611.08
2025-11-03 10:00:00-05:00,LONG,Bounce,154.088,153.95095558900968,154.406,2025-11-03 20:00:00-05:00,154.406,TP,2.32,2320.42
2025-11-06 12:00:00-05:00,LONG,Bounce,153.003,152.91000006310747,154.346,2025-11-06 13:00:00-05:00,152.91000006310747,SL,-1.0,-1000.0
2025-12-15 20:00:00-05:00,SHORT,Breakout,154.856,154.97382986741192,154.338,2025-12-16 09:00:00-05:00,154.97382986741192,SL,-1.0,-1000.0
2026-01-04 19:00:00-05:00,LONG,Breakout,157.142,156.95810414727939,157.757,2026-01-04 20:00:00-05:00,156.95810414727939,SL,-1.0,-1000.0
2026-01-20 01:00:00-05:00,LONG,Breakout,158.405,158.12036559466392,158.871,2026-01-20 03:00:00-05:00,158.12036559466392,SL,-1.0,-1000.0
2026-01-20 08:00:00-05:00,LONG,Bounce,157.828,157.3614568988655,158.871,2026-01-22 02:00:00-05:00,158.871,TP,2.236,2235.59
2026-01-27 09:00:00-05:00,SHORT,Breakout,153.219,153.3732473297813,152.81,2026-01-27 12:00:00-05:00,152.81,TP,2.652,2651.59
2026-02-09 08:00:00-05:00,SHORT,Breakout,155.917,156.26081128252082,155.281,2026-02-09 19:00:00-05:00,156.26081128252082,SL,-1.0,-1000.0
2026-02-18 09:00:00-05:00,LONG,Breakout,154.362,153.86034656797435,154.634,2026-02-18 13:00:00-05:00,154.634,TP,0.542,542.21
2026-02-24 02:00:00-05:00,LONG,Breakout,156.084,154.9774382236588,156.286,2026-02-25 03:00:00-05:00,156.286,TP,0.183,182.55
2026-02-25 04:00:00-05:00,LONG,Breakout,156.544,156.2156879382364,157.65,2026-02-25 18:00:00-05:00,156.2156879382364,SL,-1.0,-1000.0
2026-02-26 19:00:00-05:00,LONG,Bounce,155.876,155.64879700078936,156.815,2026-02-26 23:00:00-05:00,155.64879700078936,SL,-1.0,-1000.0
2026-03-01 18:00:00-05:00,LONG,Breakout,156.621,156.17812987715556,156.815,2026-03-01 21:00:00-05:00,156.17812987715556,SL,-1.0,-1000.0
2026-03-01 21:00:00-05:00,LONG,Breakout,156.278,156.1724741035389,156.815,2026-03-01 22:00:00-05:00,156.1724741035389,SL,-1.0,-1000.0
2026-03-03 10:00:00-05:00,LONG,Breakout,157.837,157.69304566237366,159.211,2026-03-03 11:00:00-05:00,157.69304566237366,SL,-1.0,-1000.0
2026-03-04 05:00:00-05:00,LONG,Bounce,157.275,157.08685963911697,157.963,2026-03-04 06:00:00-05:00,157.08685963911697,SL,-1.0,-1000.0
2026-03-05 04:00:00-05:00,LONG,Bounce,157.144,156.7936603864961,157.963,2026-03-06 06:00:00-05:00,157.963,TP,2.338,2337.73
2026-03-25 12:00:00-04:00,LONG,Breakout,159.241,159.1364899243383,159.651,2026-03-26 07:00:00-04:00,159.651,TP,3.923,3923.07
2026-05-19 11:00:00-04:00,LONG,Breakout,159.11,159.0420016434855,160.72,2026-05-19 12:00:00-04:00,159.0420016434855,SL,-1.0,-1000.0
2026-05-20 11:00:00-04:00,LONG,Bounce,158.836,158.6186460287552,159.246,2026-05-21 09:00:00-04:00,159.246,TP,1.886,1886.32
2026-05-21 09:00:00-04:00,LONG,Breakout,159.196,159.13703940046835,160.72,2026-05-21 10:00:00-04:00,159.13703940046835,SL,-1.0,-1000.0
2026-05-26 02:00:00-04:00,LONG,Breakout,159.087,159.02080758226657,159.228,2026-05-26 04:00:00-04:00,159.228,TP,2.13,2130.15
2026-05-27 10:00:00-04:00,LONG,Breakout,159.496,159.35911567421215,160.72,2026-05-28 08:00:00-04:00,159.35911567421215,SL,-1.0,-1000.0
2026-05-28 11:00:00-04:00,LONG,Bounce,159.281,159.14244728538063,159.644,2026-05-28 12:00:00-04:00,159.14244728538063,SL,-1.0,-1000.0
2026-05-29 11:00:00-04:00,LONG,Bounce,159.225,159.0824528078781,159.372,2026-05-31 17:00:00-04:00,159.372,TP,1.031,1031.24
2026-05-31 20:00:00-04:00,LONG,Breakout,159.447,159.35274537607418,159.644,2026-06-01 09:00:00-04:00,159.644,TP,2.09,2090.08
2026-06-05 08:00:00-04:00,LONG,Breakout,160.21,160.0169350792748,160.72,2026-06-05 09:00:00-04:00,160.0169350792748,SL,-1.0,-1000.0
2026-06-09 12:00:00-04:00,LONG,Breakout,160.397,160.24864012633907,160.72,2026-06-09 21:00:00-04:00,160.24864012633907,SL,-1.0,-1000.0
2026-06-10 10:00:00-04:00,LONG,Breakout,160.479,160.42182051684915,160.72,2026-06-10 21:00:00-04:00,160.42182051684915,SL,-1.0,-1000.0
2026-06-17 15:00:00-04:00,LONG,Breakout,160.719,160.44886370762387,161.751,2026-06-18 15:00:00-04:00,161.751,TP,3.82,3820.29
2026-06-22 11:00:00-04:00,LONG,Bounce,161.5,161.0892655891134,161.943,2026-06-25 07:00:00-04:00,161.943,TP,1.079,1078.56
2026-06-29 08:00:00-04:00,LONG,Breakout,161.885,161.85679376043015,161.943,2026-06-29 09:00:00-04:00,161.943,TP,2.056,2056.28
2026-07-08 04:00:00-04:00,LONG,Breakout,162.485,162.39278941118332,162.835,2026-07-08 05:00:00-04:00,162.39278941118332,SL,-1.0,-1000.0
2026-07-20 07:00:00-04:00,LONG,Bounce,162.341,162.27392869257886,162.58,2026-07-20 10:00:00-04:00,162.58,TP,3.563,3563.37
2026-08-12 08:00:00-04:00,SHORT,Breakout,158.796,159.08269464129225,156.669,2026-08-12 10:00:00-04:00,159.08269464129225,SL,-1.0,-1000.0
2026-08-14 08:00:00-04:00,SHORT,Breakout,158.915,159.04234500474396,158.577,2026-08-14 09:00:00-04:00,159.04234500474396,SL,-1.0,-1000.0
2026-08-17 09:00:00-04:00,SHORT,Bounce,159.261,159.42418564986747,158.599,2026-08-17 13:00:00-04:00,159.42418564986747,SL,-1.0,-1000.0
