entry_time,direction,entry_type,entry_price,stop,target,exit_time,exit_price,exit_reason,spread_price,r_multiple_gross,r_multiple_net,pnl_usd_net
2020-01-09 04:00:00-05:00,SHORT,Breakout,1.10985,1.1102703742327766,1.10858887730167,2020-01-09 05:00:00-05:00,1.1102703742327766,SL,0.000172,-1.0,-1.4088,-1408.76
2020-01-14 08:00:00-05:00,SHORT,Breakout,1.11094,1.1113468556533115,1.1097194330400657,2020-01-14 09:00:00-05:00,1.1113468556533115,SL,0.000173,-1.0,-1.424,-1423.98
2020-01-17 05:00:00-05:00,SHORT,Breakout,1.11151,1.1128487366908768,1.1074937899273696,2020-01-22 02:00:00-05:00,1.1074937899273696,TP,0.000174,3.0,2.87,2870.03
2020-01-22 03:00:00-05:00,SHORT,Breakout,1.10804,1.1086016629687239,1.106355011093828,2020-01-22 04:00:00-05:00,1.1086016629687239,SL,0.000176,-1.0,-1.3134,-1313.36
2020-01-22 06:00:00-05:00,SHORT,Breakout,1.10778,1.1086194626611832,1.1052616120164505,2020-01-22 08:00:00-05:00,1.1086194626611832,SL,0.000174,-1.0,-1.2069,-1206.88
2020-01-22 09:00:00-05:00,SHORT,Breakout,1.10724,1.1086483183187388,1.1030150450437837,2020-01-22 11:00:00-05:00,1.1086483183187388,SL,0.00017,-1.0,-1.1208,-1120.83
2020-01-23 08:00:00-05:00,SHORT,Bounce,1.10856,1.1100373973828135,1.1041278078515595,2020-01-23 10:00:00-05:00,1.1041278078515595,TP,0.000171,3.0,2.8844,2884.37
2020-01-23 10:00:00-05:00,SHORT,Breakout,1.10453,1.107168939580079,1.096613181259763,2020-01-31 10:00:00-05:00,1.107168939580079,SL,0.000168,-1.0,-1.0637,-1063.66
2020-02-05 04:00:00-05:00,SHORT,Breakout,1.1025,1.103330056829872,1.100009829510384,2020-02-05 09:00:00-05:00,1.100009829510384,TP,0.000172,3.0,2.793,2792.99
2020-02-06 09:00:00-05:00,SHORT,Breakout,1.09874,1.0994227094589297,1.096691871623211,2020-02-06 10:00:00-05:00,1.096691871623211,TP,0.000172,3.0,2.7478,2747.82
2020-02-07 03:00:00-05:00,SHORT,Breakout,1.09574,1.0964864165664037,1.0935007503007887,2020-02-07 08:00:00-05:00,1.0964864165664037,SL,0.000172,-1.0,-1.2298,-1229.76
2020-02-07 08:00:00-05:00,SHORT,Breakout,1.09574,1.0965183885438168,1.0934048343685494,2020-02-07 09:00:00-05:00,1.0965183885438168,SL,0.000174,-1.0,-1.2233,-1223.32
2020-02-07 11:00:00-05:00,SHORT,Breakout,1.09486,1.096568257154069,1.089735228537793,2020-02-11 08:00:00-05:00,1.089735228537793,TP,0.000172,3.0,2.8995,2899.51
2020-02-11 08:00:00-05:00,SHORT,Breakout,1.09027,1.0908423280231978,1.0885530159304069,2020-02-11 09:00:00-05:00,1.0908423280231978,SL,0.000168,-1.0,-1.2938,-1293.83
2020-02-13 06:00:00-05:00,SHORT,Breakout,1.08569,1.0865986187612293,1.0829641437163122,2020-02-13 07:00:00-05:00,1.0865986187612293,SL,0.000175,-1.0,-1.1924,-1192.42
2020-02-13 08:00:00-05:00,SHORT,Breakout,1.0854,1.0866194620951415,1.0817416137145752,2020-02-18 07:00:00-05:00,1.0817416137145752,TP,0.000172,3.0,2.859,2858.95
2020-02-21 04:00:00-05:00,SHORT,Bounce,1.08089,1.0822199662084506,1.0769001013746478,2020-02-21 09:00:00-05:00,1.0822199662084506,SL,0.000174,-1.0,-1.1305,-1130.45
2020-02-25 11:00:00-05:00,SHORT,Bounce,1.08673,1.0873973234649783,1.084728029605065,2020-02-25 12:00:00-05:00,1.0873973234649783,SL,0.000168,-1.0,-1.2523,-1252.25
2020-02-26 07:00:00-05:00,SHORT,Bounce,1.08685,1.0892156729260432,1.079752981221871,2020-02-26 12:00:00-05:00,1.0892156729260432,SL,0.000172,-1.0,-1.0727,-1072.71
2020-02-28 03:00:00-05:00,LONG,Breakout,1.10331,1.1002818803249341,1.1123943590251977,2020-02-28 06:00:00-05:00,1.1002818803249341,SL,0.000173,-1.0,-1.0572,-1057.24
2020-03-02 02:00:00-05:00,LONG,Breakout,1.1062400000000001,1.1048384625213223,1.1104446124360334,2020-03-02 06:00:00-05:00,1.1104446124360334,TP,0.00018,3.0,2.8716,2871.57
2020-03-04 09:00:00-05:00,LONG,Bounce,1.11175,1.1090054205914897,1.119983738225531,2020-03-05 09:00:00-05:00,1.119983738225531,TP,0.000173,3.0,2.9368,2936.85
2020-03-05 09:00:00-05:00,LONG,Breakout,1.11896,1.118329089227663,1.120852732317011,2020-03-05 10:00:00-05:00,1.118329089227663,SL,0.000175,-1.0,-1.2774,-1277.38
2020-03-05 11:00:00-05:00,LONG,Breakout,1.12008,1.1183007861197705,1.1254176416406885,2020-03-06 03:00:00-05:00,1.1254176416406885,TP,0.000171,3.0,2.9038,2903.8
2020-03-13 12:00:00-04:00,LONG,Bounce,1.108,1.1046974488307952,1.1179076535076147,2020-03-15 19:00:00-04:00,1.1179076535076147,TP,0.000125,3.0,2.9621,2962.1
2020-03-18 08:00:00-04:00,SHORT,Breakout,1.09295,1.0960818575658984,1.0835544273023052,2020-03-18 11:00:00-04:00,1.0835544273023052,TP,0.000126,3.0,2.9598,2959.77
2020-03-19 11:00:00-04:00,SHORT,Breakout,1.06991,1.081166228261779,1.0361413152146624,2020-03-20 03:00:00-04:00,1.081166228261779,SL,0.000121,-1.0,-1.0108,-1010.78
2020-03-20 04:00:00-04:00,SHORT,Breakout,1.07866,1.0809880607734692,1.0716758176795922,2020-03-20 05:00:00-04:00,1.0716758176795922,TP,0.000124,3.0,2.9467,2946.67
2020-03-24 09:00:00-04:00,SHORT,Bounce,1.08111,1.0835173615015932,1.0738879154952206,2020-03-25 03:00:00-04:00,1.0835173615015932,SL,0.000124,-1.0,-1.0515,-1051.51
2020-03-27 13:00:00-04:00,LONG,Breakout,1.10974,1.1079436020252076,1.115129193924377,2020-03-29 23:00:00-04:00,1.1079436020252076,SL,0.000131,-1.0,-1.073,-1073.02
2020-04-02 08:00:00-04:00,SHORT,Breakout,1.08788,1.0906502727194112,1.0795691818417663,2020-04-03 03:00:00-04:00,1.0795691818417663,TP,0.000126,3.0,2.9545,2954.52
2020-04-03 03:00:00-04:00,SHORT,Breakout,1.07894,1.0824106033593068,1.0685281899220795,2020-04-03 15:00:00-04:00,1.0824106033593068,SL,0.000126,-1.0,-1.0364,-1036.4
2020-04-05 17:00:00-04:00,SHORT,Retest,1.08091,1.0824136917956793,1.0763989246129624,2020-04-06 01:00:00-04:00,1.0824136917956793,SL,0.000581,-1.0,-1.3865,-1386.46
2020-04-16 10:00:00-04:00,SHORT,Breakout,1.08505,1.085988237064981,1.0822352888050575,2020-04-16 12:00:00-04:00,1.0822352888050575,TP,0.000123,3.0,2.8685,2868.55
2020-04-21 03:00:00-04:00,SHORT,Breakout,1.083,1.0843191097643659,1.0790426707069023,2020-04-21 04:00:00-04:00,1.0843191097643659,SL,0.000127,-1.0,-1.0965,-1096.53
2020-04-21 08:00:00-04:00,SHORT,Retest,1.08284,1.0843553235514605,1.0782940293456187,2020-04-21 09:00:00-04:00,1.0843553235514605,SL,0.000126,-1.0,-1.0828,-1082.82
2020-04-23 03:00:00-04:00,SHORT,Breakout,1.07952,1.080555555135268,1.0764133345941964,2020-04-23 06:00:00-04:00,1.0764133345941964,TP,0.000124,3.0,2.8807,2880.74
2020-04-23 13:00:00-04:00,SHORT,Breakout,1.07645,1.0807159203518724,1.0636522389443825,2020-04-24 08:00:00-04:00,1.0807159203518724,SL,0.000124,-1.0,-1.0291,-1029.07
2020-04-28 10:00:00-04:00,SHORT,Bounce,1.08317,1.0863062453262944,1.0737612640211167,2020-04-29 03:00:00-04:00,1.0863062453262944,SL,0.000123,-1.0,-1.0392,-1039.22
2020-05-01 08:00:00-04:00,LONG,Breakout,1.09798,1.0968644179800762,1.1013267460597713,2020-05-01 10:00:00-04:00,1.1013267460597713,TP,0.000162,3.0,2.8546,2854.63
2020-05-01 10:00:00-04:00,LONG,Breakout,1.10068,1.096827023666494,1.1122389290005181,2020-05-03 17:00:00-04:00,1.096827023666494,SL,0.000152,-1.0,-1.0396,-1039.58
2020-05-05 03:00:00-04:00,LONG,Bounce,1.08977,1.0892675323192378,1.0912774030422863,2020-05-05 04:00:00-04:00,1.0892675323192378,SL,0.00016,-1.0,-1.3188,-1318.76
2020-05-06 03:00:00-04:00,SHORT,Breakout,1.08227,1.0827801914579749,1.0807394256260756,2020-05-06 04:00:00-04:00,1.0807394256260756,TP,0.000158,3.0,2.6897,2689.66
2020-05-06 04:00:00-04:00,SHORT,Breakout,1.0801,1.0828077492109767,1.0719767523670702,2020-05-07 13:00:00-04:00,1.0828077492109767,SL,0.000158,-1.0,-1.0582,-1058.17
2020-05-08 08:00:00-04:00,SHORT,Bounce,1.0835,1.0856528506897631,1.0770414479307102,2020-05-08 10:00:00-04:00,1.0856528506897631,SL,0.000159,-1.0,-1.0736,-1073.62
2020-05-11 12:00:00-04:00,SHORT,Breakout,1.08073,1.0817308443827591,1.0777274668517225,2020-05-12 02:00:00-04:00,1.0817308443827591,SL,0.000158,-1.0,-1.1574,-1157.37
2020-05-19 02:00:00-04:00,LONG,Breakout,1.09391,1.092361019256952,1.098556942229144,2020-05-19 04:00:00-04:00,1.092361019256952,SL,0.000156,-1.0,-1.1004,-1100.39
2020-05-19 04:00:00-04:00,LONG,Breakout,1.09504,1.092325144155229,1.1031845675343128,2020-05-19 16:00:00-04:00,1.092325144155229,SL,0.000154,-1.0,-1.0568,-1056.85
2020-05-20 09:00:00-04:00,LONG,Breakout,1.09803,1.0972390778493448,1.1004027664519658,2020-05-20 12:00:00-04:00,1.0972390778493448,SL,0.000155,-1.0,-1.1962,-1196.18
2020-05-27 05:00:00-04:00,LONG,Breakout,1.10245,1.0991445616964595,1.1123663149106213,2020-05-27 08:00:00-04:00,1.0991445616964595,SL,0.000152,-1.0,-1.0461,-1046.14
2020-05-28 06:00:00-04:00,LONG,Retest,1.10064,1.0991587479982456,1.1050837560052633,2020-05-28 10:00:00-04:00,1.1050837560052633,TP,0.000155,3.0,2.8954,2895.36
2020-06-02 04:00:00-04:00,LONG,Breakout,1.11695,1.1149757624490189,1.1228727126529439,2020-06-03 10:00:00-04:00,1.1228727126529439,TP,0.000155,3.0,2.9216,2921.57
2020-06-04 07:00:00-04:00,LONG,Breakout,1.12662,1.1253250934226173,1.1305047197321478,2020-06-04 08:00:00-04:00,1.1253250934226173,SL,0.000154,-1.0,-1.1192,-1119.18
2020-06-04 09:00:00-04:00,LONG,Breakout,1.12677,1.1252353509613384,1.131373947115985,2020-06-04 10:00:00-04:00,1.131373947115985,TP,0.000153,3.0,2.9002,2900.19
2020-06-08 03:00:00-04:00,LONG,Bounce,1.1299299999999999,1.1275169613010136,1.1371691160969586,2020-06-08 06:00:00-04:00,1.1275169613010136,SL,0.000156,-1.0,-1.0646,-1064.58
2020-06-09 07:00:00-04:00,LONG,Bounce,1.12811,1.126419953133664,1.1331801405990076,2020-06-09 09:00:00-04:00,1.1331801405990076,TP,0.000158,3.0,2.9063,2906.31
2020-06-09 09:00:00-04:00,LONG,Breakout,1.1348,1.1310283065285165,1.1461150804144506,2020-06-11 13:00:00-04:00,1.1310283065285165,SL,0.000154,-1.0,-1.0407,-1040.7
2020-06-18 10:00:00-04:00,LONG,Bounce,1.12203,1.1202685096607692,1.1273144710176928,2020-06-18 12:00:00-04:00,1.1202685096607692,SL,0.000161,-1.0,-1.0914,-1091.4
2020-07-02 03:00:00-04:00,LONG,Breakout,1.12798,1.1271645952201734,1.1304262143394797,2020-07-02 08:00:00-04:00,1.1271645952201734,SL,0.000177,-1.0,-1.2173,-1217.27
2020-07-13 06:00:00-04:00,LONG,Breakout,1.13287,1.1321317693235005,1.1350846920294988,2020-07-13 09:00:00-04:00,1.1350846920294988,TP,0.000175,3.0,2.7627,2762.72
2020-07-13 09:00:00-04:00,LONG,Breakout,1.13523,1.132102706706899,1.144611879879303,2020-07-15 06:00:00-04:00,1.144611879879303,TP,0.000174,3.0,2.9444,2944.41
2020-07-20 01:00:00-04:00,LONG,Breakout,1.14512,1.1437816213083396,1.1491351360749809,2020-07-20 08:00:00-04:00,1.1437816213083396,SL,0.000173,-1.0,-1.1291,-1129.14
2020-07-20 09:00:00-04:00,LONG,Bounce,1.14179,1.140837548835076,1.1446473534947725,2020-07-20 11:00:00-04:00,1.1446473534947725,TP,0.000173,3.0,2.818,2818.01
2020-07-21 10:00:00-04:00,LONG,Breakout,1.14865,1.1464909016479834,1.1551272950560496,2020-07-22 06:00:00-04:00,1.1551272950560496,TP,0.000172,3.0,2.9206,2920.57
2020-07-23 11:00:00-04:00,LONG,Breakout,1.16211,1.1596198551662074,1.1695804345013778,2020-07-23 15:00:00-04:00,1.1596198551662074,SL,0.000173,-1.0,-1.0694,-1069.41
2020-07-24 11:00:00-04:00,LONG,Breakout,1.16332,1.1622116382387673,1.1666450852836978,2020-07-26 20:00:00-04:00,1.1666450852836978,TP,0.000181,3.0,2.8367,2836.7
2020-08-07 04:00:00-04:00,LONG,Bounce,1.1831800000000001,1.181326203517361,1.1887413894479173,2020-08-07 05:00:00-04:00,1.181326203517361,SL,0.000172,-1.0,-1.0926,-1092.6
2020-08-07 06:00:00-04:00,LONG,Bounce,1.18219,1.181325461196092,1.1847836164117245,2020-08-07 07:00:00-04:00,1.181325461196092,SL,0.000172,-1.0,-1.199,-1198.95
2020-08-13 02:00:00-04:00,LONG,Breakout,1.18241,1.1812565763798109,1.1858702708605673,2020-08-13 09:00:00-04:00,1.1858702708605673,TP,0.000178,3.0,2.8461,2846.11
2020-08-17 09:00:00-04:00,LONG,Breakout,1.18723,1.1859942825366039,1.1909371523901884,2020-08-17 12:00:00-04:00,1.1859942825366039,SL,0.000175,-1.0,-1.1412,-1141.21
2020-08-21 05:00:00-04:00,LONG,Bounce,1.18129,1.1797950583316164,1.1857748250051507,2020-08-21 06:00:00-04:00,1.1797950583316164,SL,0.000159,-1.0,-1.1064,-1106.36
2020-08-31 07:00:00-04:00,LONG,Breakout,1.19386,1.1925038500444896,1.197928449866531,2020-08-31 09:00:00-04:00,1.1925038500444896,SL,0.000158,-1.0,-1.1165,-1116.51
2020-08-31 10:00:00-04:00,LONG,Breakout,1.19598,1.1924617392666703,1.2065347821999892,2020-09-01 13:00:00-04:00,1.1924617392666703,SL,0.000152,-1.0,-1.0433,-1043.35
2020-09-03 06:00:00-04:00,SHORT,Breakout,1.18117,1.1824808849420971,1.1772373451737088,2020-09-03 08:00:00-04:00,1.1824808849420971,SL,0.000159,-1.0,-1.121,-1121.04
2020-09-08 09:00:00-04:00,SHORT,Breakout,1.17766,1.1783330999268036,1.175640700219589,2020-09-08 10:00:00-04:00,1.1783330999268036,SL,0.000155,-1.0,-1.2298,-1229.78
2020-09-08 17:00:00-04:00,SHORT,Retest,1.17717,1.1783185462682333,1.1737243611953003,2020-09-09 04:00:00-04:00,1.1783185462682333,SL,0.000293,-1.0,-1.255,-1254.96
2020-09-15 06:00:00-04:00,LONG,Breakout,1.18984,1.188478941452069,1.1939231756437934,2020-09-15 08:00:00-04:00,1.188478941452069,SL,0.000156,-1.0,-1.1149,-1114.86
2020-09-22 03:00:00-04:00,SHORT,Breakout,1.17226,1.1733976086465392,1.1688471740603827,2020-09-22 04:00:00-04:00,1.1733976086465392,SL,0.000163,-1.0,-1.1434,-1143.43
2020-09-22 09:00:00-04:00,SHORT,Breakout,1.17279,1.1734549229070148,1.1707952312789556,2020-09-22 10:00:00-04:00,1.1734549229070148,SL,0.000162,-1.0,-1.2439,-1243.89
2020-09-22 10:00:00-04:00,SHORT,Breakout,1.17028,1.1734772855565139,1.1606881433304583,2020-09-29 10:00:00-04:00,1.1734772855565139,SL,0.00016,-1.0,-1.0499,-1049.94
2020-10-02 04:00:00-04:00,SHORT,Breakout,1.17127,1.172341152737042,1.1680565417888742,2020-10-02 05:00:00-04:00,1.172341152737042,SL,0.000169,-1.0,-1.1578,-1157.77
2020-10-02 08:00:00-04:00,SHORT,Breakout,1.17076,1.1723759883726224,1.165912034882133,2020-10-04 20:00:00-04:00,1.1723759883726224,SL,0.000168,-1.0,-1.104,-1103.96
2020-10-09 04:00:00-04:00,LONG,Breakout,1.1801,1.1778778443867615,1.1867664668397153,2020-10-13 03:00:00-04:00,1.1778778443867615,SL,0.000164,-1.0,-1.074,-1073.95
2020-10-20 05:00:00-04:00,LONG,Breakout,1.18055,1.179038699781894,1.185083900654318,2020-10-21 02:00:00-04:00,1.185083900654318,TP,0.000161,3.0,2.8936,2893.58
2020-10-29 07:00:00-04:00,SHORT,Breakout,1.17031,1.17195344033522,1.1653796789943396,2020-10-29 13:00:00-04:00,1.1653796789943396,TP,0.000163,3.0,2.9008,2900.82
2020-10-30 11:00:00-04:00,SHORT,Breakout,1.16458,1.1652661814139134,1.1625214557582597,2020-10-30 12:00:00-04:00,1.1652661814139134,SL,0.00016,-1.0,-1.2332,-1233.17
2020-10-30 14:00:00-04:00,SHORT,Retest,1.16432,1.165235864637889,1.1615724060863328,2020-11-02 06:00:00-05:00,1.165235864637889,SL,0.000172,-1.0,-1.188,-1187.98
2020-11-06 10:00:00-05:00,LONG,Breakout,1.1871800000000001,1.1854213813690384,1.1924558558928853,2020-11-09 10:00:00-05:00,1.1854213813690384,SL,0.000165,-1.0,-1.0935,-1093.54
2020-11-10 08:00:00-05:00,LONG,Bounce,1.18096,1.1790167516749759,1.1867897449750724,2020-11-11 03:00:00-05:00,1.1790167516749759,SL,0.000167,-1.0,-1.0858,-1085.77
2020-11-11 04:00:00-05:00,LONG,Bounce,1.17921,1.1776034326560756,1.1840297020317736,2020-11-11 05:00:00-05:00,1.1776034326560756,SL,0.000163,-1.0,-1.1017,-1101.67
2020-11-13 04:00:00-05:00,LONG,Breakout,1.18261,1.1819943638389323,1.1844569084832028,2020-11-13 05:00:00-05:00,1.1819943638389323,SL,0.000165,-1.0,-1.2672,-1267.2
2020-11-16 09:00:00-05:00,LONG,Breakout,1.18259,1.181963843043921,1.1844684708682371,2020-11-16 13:00:00-05:00,1.1844684708682371,TP,0.00016,3.0,2.7445,2744.47
2020-11-17 03:00:00-05:00,LONG,Breakout,1.18732,1.186569803969109,1.1895705880926726,2020-11-17 04:00:00-05:00,1.186569803969109,SL,0.000162,-1.0,-1.2153,-1215.28
2020-11-17 05:00:00-05:00,LONG,Breakout,1.18739,1.186569759544793,1.1898507213656206,2020-11-17 10:00:00-05:00,1.186569759544793,SL,0.000164,-1.0,-1.1997,-1199.74
2020-11-23 05:00:00-05:00,LONG,Breakout,1.18945,1.1887764189896193,1.1914707430311418,2020-11-23 09:00:00-05:00,1.1887764189896193,SL,0.000162,-1.0,-1.241,-1241.0
2020-11-25 08:00:00-05:00,LONG,Breakout,1.19035,1.1890239782138015,1.1943280653585957,2020-11-26 07:00:00-05:00,1.1890239782138015,SL,0.000161,-1.0,-1.1215,-1121.54
2020-11-27 09:00:00-05:00,LONG,Breakout,1.1942300000000001,1.193818727984371,1.1954638160468873,2020-11-27 10:00:00-05:00,1.193818727984371,SL,0.000161,-1.0,-1.3911,-1391.06
2020-11-30 12:00:00-05:00,LONG,Retest,1.19534,1.1937317729803694,1.2001646810588922,2020-11-30 15:00:00-05:00,1.1937317729803694,SL,0.000164,-1.0,-1.1019,-1101.87
2020-12-01 10:00:00-05:00,LONG,Breakout,1.20305,1.199921647997796,1.2124350560066115,2020-12-03 02:00:00-05:00,1.2124350560066115,TP,0.000158,3.0,2.9495,2949.49
2020-12-07 07:00:00-05:00,LONG,Bounce,1.21177,1.2108555039067457,1.214513488279763,2020-12-07 09:00:00-05:00,1.214513488279763,TP,0.000165,3.0,2.8201,2820.12
2020-12-09 03:00:00-05:00,LONG,Breakout,1.21357,1.2130892102410082,1.2150123692769754,2020-12-09 04:00:00-05:00,1.2130892102410082,SL,0.000164,-1.0,-1.3401,-1340.07
2020-12-10 09:00:00-05:00,LONG,Breakout,1.2151399999999999,1.2142909866644276,1.2176870400067168,2020-12-10 10:00:00-05:00,1.2142909866644276,SL,0.000163,-1.0,-1.192,-1191.99
2020-12-10 21:00:00-05:00,LONG,Retest,1.2156500000000001,1.214363295461052,1.2195101136168447,2020-12-11 02:00:00-05:00,1.214363295461052,SL,0.000176,-1.0,-1.1369,-1136.91
2020-12-14 08:00:00-05:00,LONG,Breakout,1.21707,1.215929172513518,1.2204924824594465,2020-12-14 09:00:00-05:00,1.215929172513518,SL,0.000164,-1.0,-1.1439,-1143.9
2020-12-16 03:00:00-05:00,LONG,Breakout,1.22081,1.2165088805992341,1.2337133582022974,2020-12-16 12:00:00-05:00,1.2165088805992341,SL,0.000163,-1.0,-1.0379,-1037.9
2020-12-16 14:00:00-05:00,LONG,Bounce,1.21613,1.2116794474909423,1.229481657527173,2020-12-30 09:00:00-05:00,1.229481657527173,TP,0.000168,3.0,2.9623,2962.29
2020-12-30 10:00:00-05:00,LONG,Breakout,1.22998,1.2290594694159584,1.232741591752125,2020-12-30 11:00:00-05:00,1.2290594694159584,SL,0.000166,-1.0,-1.18,-1179.97
2021-01-06 11:00:00-05:00,LONG,Bounce,1.22888,1.2270388708213253,1.2344033875360239,2021-01-07 04:00:00-05:00,1.2270388708213253,SL,0.000166,-1.0,-1.0903,-1090.34
2021-01-08 10:00:00-05:00,LONG,Bounce,1.22542,1.2239875777212321,1.2297172668363034,2021-01-08 11:00:00-05:00,1.2239875777212321,SL,0.000164,-1.0,-1.1144,-1114.38
2021-01-14 07:00:00-05:00,SHORT,Breakout,1.21286,1.2139329051396948,1.209641284580916,2021-01-14 11:00:00-05:00,1.2139329051396948,SL,0.00017,-1.0,-1.1581,-1158.14
2021-01-15 09:00:00-05:00,SHORT,Breakout,1.20965,1.2113294625487898,1.2046116123536301,2021-01-19 03:00:00-05:00,1.2113294625487898,SL,0.000171,-1.0,-1.1015,-1101.52
2021-01-21 07:00:00-05:00,SHORT,Bounce,1.21424,1.2160026074743562,1.2089521775769314,2021-01-21 08:00:00-05:00,1.2160026074743562,SL,0.000171,-1.0,-1.097,-1097.02
2021-01-21 08:00:00-05:00,SHORT,Bounce,1.21507,1.2160298497976165,1.2121904506071508,2021-01-21 10:00:00-05:00,1.2160298497976165,SL,0.000168,-1.0,-1.1754,-1175.37
2021-01-21 10:00:00-05:00,SHORT,Bounce,1.2150400000000001,1.2160482174275367,1.2120153477173905,2021-01-21 15:00:00-05:00,1.2160482174275367,SL,0.000165,-1.0,-1.1635,-1163.49
2021-01-26 02:00:00-05:00,SHORT,Breakout,1.21102,1.2117265874153036,1.2089002377540892,2021-01-26 03:00:00-05:00,1.2117265874153036,SL,0.00017,-1.0,-1.2404,-1240.36
2021-01-29 07:00:00-05:00,SHORT,Bounce,1.21329,1.2144010457647727,1.2099568627056818,2021-01-29 08:00:00-05:00,1.2144010457647727,SL,0.00017,-1.0,-1.1527,-1152.71
2021-02-01 03:00:00-05:00,SHORT,Breakout,1.2088,1.2096157834656815,1.2063526496029557,2021-02-01 04:00:00-05:00,1.2096157834656815,SL,0.000171,-1.0,-1.2098,-1209.82
2021-02-02 05:00:00-05:00,SHORT,Breakout,1.20343,1.205811331102898,1.1962860066913061,2021-02-04 12:00:00-05:00,1.1962860066913061,TP,0.000168,3.0,2.9293,2929.31
2021-02-16 03:00:00-05:00,LONG,Breakout,1.21544,1.2142391526610938,1.2190425420167188,2021-02-16 08:00:00-05:00,1.2142391526610938,SL,0.00017,-1.0,-1.1416,-1141.57
2021-02-23 08:00:00-05:00,LONG,Breakout,1.21482,1.2141116629779076,1.2169450110662772,2021-02-23 09:00:00-05:00,1.2141116629779076,SL,0.0002,-1.0,-1.2826,-1282.59
2021-02-23 10:00:00-05:00,LONG,Breakout,1.21583,1.2140790359350326,1.221082892194902,2021-02-23 11:00:00-05:00,1.2140790359350326,SL,0.0002,-1.0,-1.1142,-1114.22
2021-02-23 16:00:00-05:00,LONG,Retest,1.21484,1.2140948246538086,1.217075526038574,2021-02-23 17:00:00-05:00,1.2140948246538086,SL,0.000204,-1.0,-1.2736,-1273.58
2021-02-26 08:00:00-05:00,LONG,Bounce,1.21225,1.2104244450143118,1.2177266649570648,2021-02-26 11:00:00-05:00,1.2104244450143118,SL,0.0002,-1.0,-1.1096,-1109.56
2021-03-04 03:00:00-05:00,SHORT,Breakout,1.20397,1.2044304155276755,1.2025887534169735,2021-03-04 04:00:00-05:00,1.2025887534169735,TP,0.0002,3.0,2.5656,2565.61
2021-03-04 07:00:00-05:00,SHORT,Retest,1.2031399999999999,1.2044407159487178,1.199237852153846,2021-03-04 11:00:00-05:00,1.2044407159487178,SL,0.0002,-1.0,-1.1538,-1153.76
2021-03-04 12:00:00-05:00,SHORT,Breakout,1.19929,1.2045113437941544,1.1836259686175368,2021-03-08 19:00:00-05:00,1.1836259686175368,TP,0.0002,3.0,2.9617,2961.7
2021-03-10 09:00:00-05:00,SHORT,Bounce,1.19122,1.19174556567355,1.1896433029793496,2021-03-10 10:00:00-05:00,1.1896433029793496,TP,0.0002,3.0,2.6195,2619.46
2021-03-16 09:00:00-04:00,SHORT,Breakout,1.19016,1.1912864672771986,1.1867805981684048,2021-03-17 05:00:00-04:00,1.1912864672771986,SL,0.0002,-1.0,-1.1775,-1177.55
2021-03-19 09:00:00-04:00,SHORT,Breakout,1.18801,1.1888315874224813,1.1855452377325562,2021-03-19 11:00:00-04:00,1.1888315874224813,SL,0.0002,-1.0,-1.2434,-1243.43
2021-03-23 11:00:00-04:00,SHORT,Breakout,1.18713,1.187591238821532,1.1857462835354042,2021-03-23 12:00:00-04:00,1.1857462835354042,TP,0.0002,3.0,2.5664,2566.39
2021-03-25 07:00:00-04:00,SHORT,Breakout,1.18039,1.1813422509385614,1.177533247184316,2021-03-25 09:00:00-04:00,1.1813422509385614,SL,0.0002,-1.0,-1.2099,-1209.85
2021-03-29 04:00:00-04:00,SHORT,Breakout,1.17655,1.177310238843056,1.1742692834708317,2021-03-29 05:00:00-04:00,1.177310238843056,SL,0.0002,-1.0,-1.2631,-1263.08
2021-03-29 10:00:00-04:00,SHORT,Breakout,1.17625,1.1773504604966112,1.1729486185101665,2021-03-29 11:00:00-04:00,1.1773504604966112,SL,0.0002,-1.0,-1.1817,-1181.74
2021-03-29 15:00:00-04:00,SHORT,Retest,1.17643,1.1773373642625995,1.1737079072122019,2021-03-30 03:00:00-04:00,1.1737079072122019,TP,0.0002,3.0,2.7796,2779.58
2021-04-13 08:00:00-04:00,LONG,Breakout,1.19231,1.1915109381177778,1.1947071856466667,2021-04-13 15:00:00-04:00,1.1947071856466667,TP,0.00023,3.0,2.7122,2712.16
2021-04-19 03:00:00-04:00,LONG,Breakout,1.20187,1.1991072630061126,1.2101582109816622,2021-04-25 20:00:00-04:00,1.2101582109816622,TP,0.00023,3.0,2.9166,2916.57
2021-04-26 11:00:00-04:00,LONG,Retest,1.20818,1.2066008025306838,1.2129175924079487,2021-04-26 22:00:00-04:00,1.2066008025306838,SL,0.000229,-1.0,-1.1452,-1145.22
2021-04-28 09:00:00-04:00,LONG,Bounce,1.20706,1.2053455822236698,1.2122032533289906,2021-04-28 14:00:00-04:00,1.2122032533289906,TP,0.00023,3.0,2.8659,2865.94
2021-04-28 14:00:00-04:00,LONG,Breakout,1.21224,1.208855042918451,1.2223948712446469,2021-04-30 06:00:00-04:00,1.208855042918451,SL,0.000231,-1.0,-1.0682,-1068.19
2021-05-07 03:00:00-04:00,LONG,Breakout,1.20758,1.2068383503054756,1.2098049490835736,2021-05-07 07:00:00-04:00,1.2068383503054756,SL,0.00023,-1.0,-1.3099,-1309.89
2021-05-07 08:00:00-04:00,LONG,Breakout,1.21281,1.2067103512598376,1.231108946220487,2021-05-12 10:00:00-04:00,1.2067103512598376,SL,0.00023,-1.0,-1.0377,-1037.65
2021-05-14 03:00:00-04:00,LONG,Breakout,1.21143,1.210240445748036,1.214998662755892,2021-05-14 06:00:00-04:00,1.210240445748036,SL,0.00019,-1.0,-1.1599,-1159.86
2021-05-14 06:00:00-04:00,LONG,Retest,1.2113,1.210223859806281,1.2145284205811568,2021-05-14 10:00:00-04:00,1.2145284205811568,TP,0.00019,3.0,2.8233,2823.29
2021-05-18 02:00:00-04:00,LONG,Breakout,1.21824,1.2165844569653814,1.2232066291038557,2021-05-18 08:00:00-04:00,1.2232066291038557,TP,0.00019,3.0,2.8851,2885.13
2021-05-25 02:00:00-04:00,LONG,Breakout,1.2245,1.2226954261004317,1.2299137216987046,2021-05-25 12:00:00-04:00,1.2226954261004317,SL,0.00019,-1.0,-1.1054,-1105.38
2021-05-26 03:00:00-04:00,LONG,Retest,1.22433,1.222693513283076,1.2292394601507715,2021-05-26 07:00:00-04:00,1.222693513283076,SL,0.00019,-1.0,-1.1161,-1116.1
2021-05-28 02:00:00-04:00,LONG,Bounce,1.21816,1.217685502650871,1.2195834920473865,2021-05-28 03:00:00-04:00,1.217685502650871,SL,0.00019,-1.0,-1.4004,-1400.42
2021-05-28 03:00:00-04:00,LONG,Bounce,1.21869,1.217682395318666,1.2217128140440023,2021-05-28 06:00:00-04:00,1.217682395318666,SL,0.00019,-1.0,-1.1886,-1188.57
2021-05-31 10:00:00-04:00,LONG,Breakout,1.22269,1.2201523682814535,1.2303028951556398,2021-06-02 03:00:00-04:00,1.2201523682814535,SL,0.00019,-1.0,-1.0749,-1074.94
2021-06-16 14:00:00-04:00,SHORT,Breakout,1.20167,1.210354186280642,1.1756174411580742,2021-07-20 09:00:00-04:00,1.1756174411580742,TP,0.00019,3.0,2.9781,2978.12
2021-07-22 07:00:00-04:00,SHORT,Bounce,1.1793,1.1805973041641986,1.1754080875074042,2021-07-22 09:00:00-04:00,1.1805973041641986,SL,0.000191,-1.0,-1.1476,-1147.61
2021-08-17 02:00:00-04:00,SHORT,Breakout,1.17604,1.176771122626259,1.173846632121223,2021-08-17 03:00:00-04:00,1.176771122626259,SL,0.000195,-1.0,-1.2669,-1266.94
2021-08-17 07:00:00-04:00,SHORT,Breakout,1.17616,1.1768056984985265,1.174222904504421,2021-08-17 08:00:00-04:00,1.1768056984985265,SL,0.000191,-1.0,-1.2955,-1295.55
2021-08-18 14:00:00-04:00,SHORT,Bounce,1.17115,1.1730865859388027,1.1653402421835917,2021-08-23 04:00:00-04:00,1.1730865859388027,SL,0.000192,-1.0,-1.0991,-1099.14
2021-09-01 10:00:00-04:00,LONG,Breakout,1.18532,1.1841742142675629,1.1887573571973111,2021-09-01 13:00:00-04:00,1.1841742142675629,SL,0.00019,-1.0,-1.1658,-1165.83
2021-09-02 09:00:00-04:00,LONG,Breakout,1.18577,1.1854521302846313,1.1867236091461062,2021-09-02 10:00:00-04:00,1.1854521302846313,SL,0.00019,-1.0,-1.5983,-1598.25
2021-09-02 10:00:00-04:00,LONG,Breakout,1.1867,1.1854379781214432,1.1904860656356706,2021-09-03 08:00:00-04:00,1.1904860656356706,TP,0.00019,3.0,2.8493,2849.32
2021-09-17 10:00:00-04:00,SHORT,Breakout,1.1736900000000001,1.1751904498461105,1.1691886504616689,2021-09-22 14:00:00-04:00,1.1751904498461105,SL,0.000191,-1.0,-1.1274,-1127.41
2021-09-22 14:00:00-04:00,SHORT,Bounce,1.16927,1.1750322563225946,1.1519832310322164,2021-11-05 08:00:00-04:00,1.1519832310322164,TP,0.000199,3.0,2.9655,2965.49
2021-11-05 08:00:00-04:00,SHORT,Breakout,1.15136,1.1529550416576908,1.1465748750269273,2021-11-05 09:00:00-04:00,1.1529550416576908,SL,0.000194,-1.0,-1.1213,-1121.31
2021-11-08 08:00:00-05:00,SHORT,Bounce,1.15676,1.1574520684132015,1.1546837947603956,2021-11-08 09:00:00-05:00,1.1574520684132015,SL,0.000197,-1.0,-1.2849,-1284.89
2021-11-15 10:00:00-05:00,SHORT,Breakout,1.14192,1.1434213841439145,1.1374158475682568,2021-11-15 15:00:00-05:00,1.1374158475682568,TP,0.000174,3.0,2.8841,2884.11
2021-11-19 07:00:00-05:00,SHORT,Breakout,1.1256599999999999,1.1265574026715879,1.1229677919852359,2021-11-19 08:00:00-05:00,1.1265574026715879,SL,0.000177,-1.0,-1.1967,-1196.68
2021-11-22 10:00:00-05:00,SHORT,Breakout,1.12458,1.1252202034514152,1.1226593896457542,2021-11-22 11:00:00-05:00,1.1252202034514152,SL,0.000172,-1.0,-1.2681,-1268.14
2021-11-23 06:00:00-05:00,SHORT,Breakout,1.12424,1.125174862686909,1.1214354119392729,2021-11-23 08:00:00-05:00,1.125174862686909,SL,0.000178,-1.0,-1.1908,-1190.76
2021-11-24 03:00:00-05:00,SHORT,Breakout,1.12209,1.122758434251572,1.1200846972452843,2021-11-24 04:00:00-05:00,1.122758434251572,SL,0.000176,-1.0,-1.2633,-1263.3
2021-11-25 08:00:00-05:00,SHORT,Retest,1.12181,1.122722864242554,1.119071407272338,2021-11-26 01:00:00-05:00,1.122722864242554,SL,0.000181,-1.0,-1.1983,-1198.28
2021-12-02 12:00:00-05:00,SHORT,Breakout,1.1301700000000001,1.131187971995992,1.1271160840120242,2021-12-03 05:00:00-05:00,1.131187971995992,SL,0.000176,-1.0,-1.1727,-1172.73
2021-12-03 07:00:00-05:00,SHORT,Breakout,1.12958,1.13114524345761,1.1248842696271704,2021-12-03 08:00:00-05:00,1.13114524345761,SL,0.000177,-1.0,-1.113,-1112.97
2021-12-03 09:00:00-05:00,SHORT,Breakout,1.12923,1.131208847675184,1.1232934569744477,2021-12-03 12:00:00-05:00,1.131208847675184,SL,0.000175,-1.0,-1.0882,-1088.18
2021-12-05 18:00:00-05:00,SHORT,Retest,1.1303,1.1312093825068743,1.1275718524793774,2021-12-06 02:00:00-05:00,1.1275718524793774,TP,0.000219,3.0,2.759,2758.99
2021-12-07 05:00:00-05:00,SHORT,Breakout,1.126,1.1268129815398613,1.1235610553804156,2021-12-07 08:00:00-05:00,1.1235610553804156,TP,0.000178,3.0,2.7817,2781.67
2021-12-21 08:00:00-05:00,SHORT,Bounce,1.12898,1.1305400810127217,1.1242997569618352,2021-12-22 06:00:00-05:00,1.1305400810127217,SL,0.000177,-1.0,-1.1136,-1113.56
2022-01-04 06:00:00-05:00,SHORT,Breakout,1.12753,1.1281314936267464,1.1257255191197606,2022-01-04 07:00:00-05:00,1.1281314936267464,SL,0.000179,-1.0,-1.297,-1297.04
2022-01-12 03:00:00-05:00,LONG,Breakout,1.1366,1.1361857895835563,1.1378426312493313,2022-01-12 04:00:00-05:00,1.1361857895835563,SL,0.000196,-1.0,-1.474,-1473.99
2022-01-12 08:00:00-05:00,LONG,Breakout,1.1408800000000001,1.136123009415436,1.1551509717536925,2022-01-18 09:00:00-05:00,1.136123009415436,SL,0.000194,-1.0,-1.0407,-1040.71
2022-01-24 07:00:00-05:00,SHORT,Breakout,1.12968,1.130248528237612,1.127974415287164,2022-01-24 08:00:00-05:00,1.130248528237612,SL,0.000192,-1.0,-1.338,-1338.01
2022-01-25 04:00:00-05:00,SHORT,Breakout,1.1287,1.1291989011856203,1.1272032964431393,2022-01-25 06:00:00-05:00,1.1272032964431393,TP,0.000191,3.0,2.6165,2616.49
2022-01-26 14:00:00-05:00,SHORT,Breakout,1.12546,1.1264928601130197,1.1223614196609404,2022-01-26 22:00:00-05:00,1.1223614196609404,TP,0.000193,3.0,2.813,2812.98
2022-01-28 07:00:00-05:00,SHORT,Breakout,1.1126,1.1133260766432966,1.1104217700701102,2022-01-28 08:00:00-05:00,1.1133260766432966,SL,0.00019,-1.0,-1.2617,-1261.68
2022-01-31 03:00:00-05:00,SHORT,Bounce,1.11699,1.1175081471447734,1.1154355585656794,2022-01-31 04:00:00-05:00,1.1175081471447734,SL,0.000192,-1.0,-1.3702,-1370.23
2022-02-10 10:00:00-05:00,LONG,Breakout,1.14658,1.1443237085658775,1.1533488743023672,2022-02-10 15:00:00-05:00,1.1443237085658775,SL,0.00019,-1.0,-1.0844,-1084.36
2022-03-01 11:00:00-05:00,SHORT,Breakout,1.11019,1.1145405442394294,1.0971383672817119,2022-03-04 07:00:00-05:00,1.0971383672817119,TP,0.000191,3.0,2.956,2956.02
2022-03-15 08:00:00-04:00,SHORT,Bounce,1.09895,1.0997049021662,1.0966852935014004,2022-03-15 09:00:00-04:00,1.0997049021662,SL,0.000197,-1.0,-1.2603,-1260.3
2022-03-22 05:00:00-04:00,SHORT,Breakout,1.09955,1.100554539829015,1.0965363805129549,2022-03-22 06:00:00-04:00,1.100554539829015,SL,0.000198,-1.0,-1.1968,-1196.77
2022-03-22 07:00:00-04:00,SHORT,Breakout,1.09984,1.1005541797505283,1.097697460748415,2022-03-22 08:00:00-04:00,1.1005541797505283,SL,0.000195,-1.0,-1.273,-1273.04
2022-03-27 21:00:00-04:00,SHORT,Breakout,1.09527,1.0967538976576332,1.0908183070271003,2022-03-28 04:00:00-04:00,1.0967538976576332,SL,0.000199,-1.0,-1.1343,-1134.33
2022-03-28 08:00:00-04:00,SHORT,Breakout,1.09559,1.0968332294548588,1.0918603116354237,2022-03-28 09:00:00-04:00,1.0968332294548588,SL,0.000193,-1.0,-1.1554,-1155.37
2022-03-30 04:00:00-04:00,LONG,Breakout,1.11554,1.1132332207800546,1.122460337659836,2022-03-30 06:00:00-04:00,1.1132332207800546,SL,0.000196,-1.0,-1.0848,-1084.82
2022-03-30 09:00:00-04:00,LONG,Breakout,1.11631,1.1131676233769576,1.1257371298691268,2022-03-31 04:00:00-04:00,1.1131676233769576,SL,0.000192,-1.0,-1.061,-1060.99
2022-04-05 10:00:00-04:00,SHORT,Breakout,1.09374,1.096292398489445,1.0860828045316646,2022-04-07 19:00:00-04:00,1.0860828045316646,TP,0.000194,3.0,2.9239,2923.93
2022-04-08 08:00:00-04:00,SHORT,Breakout,1.08521,1.0867455650263467,1.08060330492096,2022-04-08 10:00:00-04:00,1.0867455650263467,SL,0.000194,-1.0,-1.126,-1126.01
2022-04-14 09:00:00-04:00,SHORT,Breakout,1.07689,1.0812910169239351,1.0636869492281942,2022-04-14 11:00:00-04:00,1.0812910169239351,SL,0.000196,-1.0,-1.0445,-1044.46
2022-04-15 01:00:00-04:00,SHORT,Retest,1.08041,1.0811447263955758,1.078205820813273,2022-04-15 04:00:00-04:00,1.0811447263955758,SL,0.000298,-1.0,-1.4051,-1405.14
2022-04-18 03:00:00-04:00,SHORT,Breakout,1.07904,1.0796522852450012,1.0772031442649963,2022-04-18 05:00:00-04:00,1.0796522852450012,SL,0.000199,-1.0,-1.3258,-1325.83
2022-04-18 10:00:00-04:00,SHORT,Breakout,1.07921,1.0796625608835355,1.0778523173493935,2022-04-18 11:00:00-04:00,1.0796625608835355,SL,0.000199,-1.0,-1.4405,-1440.46
2022-04-20 03:00:00-04:00,SHORT,Bounce,1.08086,1.081555350729503,1.0787739478114906,2022-04-20 04:00:00-04:00,1.081555350729503,SL,0.000194,-1.0,-1.2792,-1279.24
2022-04-22 03:00:00-04:00,SHORT,Breakout,1.08054,1.0826287615764758,1.0742737152705728,2022-04-22 09:00:00-04:00,1.0826287615764758,SL,0.000197,-1.0,-1.0941,-1094.07
2022-04-25 02:00:00-04:00,SHORT,Breakout,1.0713300000000001,1.077373339522755,1.0531999814317357,2022-04-27 10:00:00-04:00,1.0531999814317357,TP,0.000193,3.0,2.9681,2968.15
2022-04-27 23:00:00-04:00,SHORT,Breakout,1.05083,1.0517245342080186,1.048146397375944,2022-04-28 00:00:00-04:00,1.0517245342080186,SL,0.000199,-1.0,-1.2226,-1222.65
2022-04-28 07:00:00-04:00,SHORT,Retest,1.04893,1.0518361356387658,1.0402115930837024,2022-04-28 08:00:00-04:00,1.0518361356387658,SL,0.000194,-1.0,-1.0666,-1066.58
2022-04-28 11:00:00-04:00,SHORT,Breakout,1.04992,1.051906402123563,1.0439607936293112,2022-04-28 21:00:00-04:00,1.051906402123563,SL,0.00019,-1.0,-1.0958,-1095.82
2022-05-05 11:00:00-04:00,SHORT,Breakout,1.05059,1.0514449131947083,1.0480252604158746,2022-05-05 13:00:00-04:00,1.0514449131947083,SL,0.000199,-1.0,-1.233,-1232.97
2022-05-05 13:00:00-04:00,SHORT,Breakout,1.0503,1.0514431037240086,1.0468706888279742,2022-05-05 14:00:00-04:00,1.0514431037240086,SL,0.000196,-1.0,-1.1713,-1171.32
2022-05-11 08:00:00-04:00,SHORT,Breakout,1.05193,1.0526305073647053,1.0498284779058842,2022-05-11 09:00:00-04:00,1.0526305073647053,SL,0.000196,-1.0,-1.2798,-1279.8
2022-05-12 03:00:00-04:00,SHORT,Breakout,1.04589,1.0504736518263251,1.0321390445210246,2022-05-17 06:00:00-04:00,1.0504736518263251,SL,0.000193,-1.0,-1.0421,-1042.14
2022-05-19 07:00:00-04:00,SHORT,Bounce,1.05166,1.0544629051560033,1.0432512845319903,2022-05-19 09:00:00-04:00,1.0544629051560033,SL,0.000195,-1.0,-1.0695,-1069.45
2022-05-23 02:00:00-04:00,LONG,Breakout,1.06052,1.0594835108522145,1.0636294674433562,2022-05-23 03:00:00-04:00,1.0594835108522145,SL,0.000204,-1.0,-1.1963,-1196.34
2022-05-23 04:00:00-04:00,LONG,Breakout,1.06449,1.0594329863980827,1.0796610408057516,2022-06-10 05:00:00-04:00,1.0594329863980827,SL,0.000201,-1.0,-1.0396,-1039.65
2022-06-29 02:00:00-04:00,SHORT,Breakout,1.04887,1.050552660076044,1.043822019771868,2022-06-29 03:00:00-04:00,1.050552660076044,SL,0.000161,-1.0,-1.0956,-1095.58
2022-06-29 09:00:00-04:00,SHORT,Breakout,1.04804,1.0506575906908555,1.0401872279274338,2022-06-30 06:00:00-04:00,1.0401872279274338,TP,0.000151,3.0,2.9422,2942.19
2022-07-05 03:00:00-04:00,SHORT,Breakout,1.03743,1.041928052397885,1.023935842806345,2022-07-05 10:00:00-04:00,1.023935842806345,TP,0.000155,3.0,2.9655,2965.54
2022-07-06 05:00:00-04:00,SHORT,Breakout,1.02225,1.0238376904354296,1.0174869286937116,2022-07-06 08:00:00-04:00,1.0174869286937116,TP,0.000152,3.0,2.9041,2904.05
2022-07-08 03:00:00-04:00,SHORT,Breakout,1.01077,1.0147663652412129,0.9987809042763611,2022-07-08 06:00:00-04:00,1.0147663652412129,SL,0.000155,-1.0,-1.0388,-1038.83
2022-07-14 09:00:00-04:00,SHORT,Breakout,0.99798,1.000189533793997,0.9913513986180089,2022-07-14 11:00:00-04:00,1.000189533793997,SL,0.000154,-1.0,-1.0695,-1069.55
2022-07-14 12:00:00-04:00,SHORT,Breakout,0.99896,1.0002826682745667,0.9949919951762998,2022-07-14 13:00:00-04:00,1.0002826682745667,SL,0.000156,-1.0,-1.1182,-1118.2
2022-07-22 03:00:00-04:00,SHORT,Breakout,1.01375,1.015778136518509,1.0076655904444727,2022-07-22 04:00:00-04:00,1.015778136518509,SL,0.000154,-1.0,-1.0758,-1075.77
2022-08-03 10:00:00-04:00,SHORT,Breakout,1.01296,1.015350293858493,1.0057891184245211,2022-08-03 12:00:00-04:00,1.015350293858493,SL,0.000152,-1.0,-1.0635,-1063.52
2022-08-17 10:00:00-04:00,SHORT,Bounce,1.01615,1.0197725230643742,1.005282430806878,2022-08-17 14:00:00-04:00,1.0197725230643742,SL,0.000151,-1.0,-1.0417,-1041.68
2022-08-18 09:00:00-04:00,SHORT,Breakout,1.01228,1.0148564517316632,1.0045506448050108,2022-08-19 07:00:00-04:00,1.0045506448050108,TP,0.000154,3.0,2.9403,2940.29
2022-08-25 07:00:00-04:00,SHORT,Bounce,0.99757,1.0002345180813808,0.9895764457558576,2022-08-26 05:00:00-04:00,1.0002345180813808,SL,0.000153,-1.0,-1.0574,-1057.42
2022-08-30 07:00:00-04:00,SHORT,Bounce,1.0024,1.0032620970353048,0.9998137088940855,2022-08-30 08:00:00-04:00,1.0032620970353048,SL,0.000153,-1.0,-1.1777,-1177.67
2022-08-30 08:00:00-04:00,SHORT,Bounce,1.00107,1.0032730901042117,0.9944607296873644,2022-08-30 09:00:00-04:00,1.0032730901042117,SL,0.000152,-1.0,-1.0688,-1068.84
2022-08-30 12:00:00-04:00,SHORT,Bounce,1.0023,1.0033383273236773,0.9991850180289679,2022-08-30 20:00:00-04:00,1.0033383273236773,SL,0.000158,-1.0,-1.152,-1152.01
2022-08-31 06:00:00-04:00,SHORT,Breakout,0.99772,0.9985380039545161,0.995265988136452,2022-08-31 07:00:00-04:00,0.9985380039545161,SL,0.000159,-1.0,-1.1944,-1194.38
2022-09-01 10:00:00-04:00,SHORT,Breakout,0.99312,0.9975348507101756,0.9798754478694733,2022-09-02 02:00:00-04:00,0.9975348507101756,SL,0.000153,-1.0,-1.0347,-1034.73
2022-09-12 02:00:00-04:00,LONG,Breakout,1.01434,1.010818885513337,1.0249033434599888,2022-09-12 09:00:00-04:00,1.010818885513337,SL,0.000158,-1.0,-1.0449,-1044.92
2022-09-23 03:00:00-04:00,SHORT,Breakout,0.97745,0.9815407866949423,0.9651776399151734,2022-09-25 20:00:00-04:00,0.9651776399151734,TP,0.000171,3.0,2.9582,2958.16
2022-09-29 07:00:00-04:00,SHORT,Bounce,0.97215,0.9755624189928664,0.9619127430214005,2022-09-29 10:00:00-04:00,0.9755624189928664,SL,0.000179,-1.0,-1.0526,-1052.55
2022-10-06 10:00:00-04:00,LONG,Bounce,0.98395,0.9828767647615853,0.9871697057152442,2022-10-06 11:00:00-04:00,0.9828767647615853,SL,0.000169,-1.0,-1.1573,-1157.31
2022-10-17 09:00:00-04:00,SHORT,Bounce,0.97814,0.9803708233222501,0.9714475300332497,2022-10-17 10:00:00-04:00,0.9803708233222501,SL,0.00016,-1.0,-1.0718,-1071.8
2022-10-21 05:00:00-04:00,SHORT,Breakout,0.97398,0.9757732106688328,0.9686003679935014,2022-10-21 07:00:00-04:00,0.9757732106688328,SL,0.000161,-1.0,-1.0898,-1089.78
2022-10-21 07:00:00-04:00,SHORT,Retest,0.97443,0.9757724418522079,0.9704026744433764,2022-10-21 08:00:00-04:00,0.9757724418522079,SL,0.000161,-1.0,-1.1198,-1119.81
2022-10-25 09:00:00-04:00,LONG,Breakout,0.99671,0.9893008781401972,1.0189373655794083,2022-10-31 09:00:00-04:00,0.9893008781401972,SL,0.00018,-1.0,-1.0242,-1024.25
2022-11-07 03:00:00-05:00,LONG,Breakout,0.99857,0.9960481645736241,1.0061355062791275,2022-11-08 10:00:00-05:00,1.0061355062791275,TP,0.00018,3.0,2.9286,2928.56
2022-11-08 10:00:00-05:00,LONG,Breakout,1.00653,1.0029249873659118,1.0173450379022642,2022-11-09 08:00:00-05:00,1.0029249873659118,SL,0.000186,-1.0,-1.0515,-1051.46
2022-11-10 08:00:00-05:00,LONG,Breakout,1.01214,1.0078563825732105,1.0249908522803686,2022-11-11 02:00:00-05:00,1.0249908522803686,TP,0.000192,3.0,2.9553,2955.26
2022-11-15 02:00:00-05:00,LONG,Breakout,1.04063,1.0353311883725265,1.0565264348824204,2022-11-15 12:00:00-05:00,1.0353311883725265,SL,0.000182,-1.0,-1.0343,-1034.32
2022-11-23 14:00:00-05:00,LONG,Breakout,1.04,1.0390584674943963,1.0428245975168111,2022-11-23 15:00:00-05:00,1.0390584674943963,SL,0.000182,-1.0,-1.1933,-1193.3
2022-11-23 15:00:00-05:00,LONG,Retest,1.04014,1.0390740055305108,1.043337983408468,2022-11-23 21:00:00-05:00,1.043337983408468,TP,0.000183,3.0,2.8281,2828.07
2022-11-28 03:00:00-05:00,LONG,Breakout,1.04385,1.042383922443985,1.0482482326680447,2022-11-28 06:00:00-05:00,1.0482482326680447,TP,0.000181,3.0,2.8765,2876.54
2022-11-29 11:00:00-05:00,LONG,Bounce,1.03544,1.0323816784536886,1.044614964638934,2022-11-29 14:00:00-05:00,1.0323816784536886,SL,0.000183,-1.0,-1.0599,-1059.95
2022-11-30 14:00:00-05:00,LONG,Breakout,1.04126,1.0386658073045547,1.0490425780863362,2022-12-01 08:00:00-05:00,1.0490425780863362,TP,0.000189,3.0,2.9273,2927.34
2022-12-07 07:00:00-05:00,LONG,Breakout,1.05356,1.052782439989375,1.055892680031875,2022-12-07 08:00:00-05:00,1.052782439989375,SL,0.000187,-1.0,-1.2403,-1240.28
2022-12-13 08:00:00-05:00,LONG,Breakout,1.06456,1.0574627308697089,1.0858518073908732,2022-12-22 14:00:00-05:00,1.0574627308697089,SL,0.000192,-1.0,-1.0271,-1027.05
2022-12-29 12:00:00-05:00,LONG,Breakout,1.06809,1.0669862211513566,1.0714013365459303,2022-12-29 15:00:00-05:00,1.0669862211513566,SL,0.000189,-1.0,-1.1715,-1171.53
2022-12-30 11:00:00-05:00,LONG,Breakout,1.06957,1.0685662784134649,1.072581164759605,2023-01-02 01:00:00-05:00,1.0685662784134649,SL,0.000189,-1.0,-1.1886,-1188.63
2023-01-06 09:00:00-05:00,SHORT,Breakout,1.05074,1.0518167901403046,1.0475096295790862,2023-01-06 10:00:00-05:00,1.0518167901403046,SL,0.000182,-1.0,-1.1687,-1168.71
2023-01-11 09:00:00-05:00,LONG,Breakout,1.0769,1.075521832948241,1.0810345011552769,2023-01-11 10:00:00-05:00,1.075521832948241,SL,0.000187,-1.0,-1.1359,-1135.93
2023-01-11 21:00:00-05:00,LONG,Retest,1.07662,1.0755545121819634,1.0798164634541094,2023-01-12 02:00:00-05:00,1.0755545121819634,SL,0.000184,-1.0,-1.1722,-1172.22
2023-01-12 08:00:00-05:00,LONG,Breakout,1.0828,1.077143528294258,1.0997694151172257,2023-01-12 09:00:00-05:00,1.077143528294258,SL,0.000192,-1.0,-1.034,-1034.0
2023-01-12 10:00:00-05:00,LONG,Breakout,1.0806,1.0770262769476002,1.0913211691571993,2023-01-17 21:00:00-05:00,1.0770262769476002,SL,0.000187,-1.0,-1.0524,-1052.37
2023-01-23 10:00:00-05:00,LONG,Breakout,1.08637,1.0854366164039793,1.0891701507880625,2023-01-23 14:00:00-05:00,1.0854366164039793,SL,0.000184,-1.0,-1.1966,-1196.6
2023-01-25 10:00:00-05:00,LONG,Breakout,1.0901399999999999,1.0893469867633405,1.092519039709978,2023-01-25 11:00:00-05:00,1.0893469867633405,SL,0.000187,-1.0,-1.2362,-1236.23
2023-01-26 08:00:00-05:00,LONG,Breakout,1.09018,1.0893989423357369,1.0925231729927891,2023-01-26 09:00:00-05:00,1.0893989423357369,SL,0.000185,-1.0,-1.2373,-1237.29
2023-01-27 09:00:00-05:00,LONG,Bounce,1.08643,1.0846286238940253,1.0918341283179243,2023-01-27 10:00:00-05:00,1.0846286238940253,SL,0.000185,-1.0,-1.1028,-1102.79
2023-01-31 10:00:00-05:00,LONG,Bounce,1.08588,1.0848587429161136,1.088943771251659,2023-02-01 05:00:00-05:00,1.088943771251659,TP,0.000183,3.0,2.8206,2820.65
2023-02-07 06:00:00-05:00,SHORT,Breakout,1.07042,1.0711554969936148,1.0682135090191553,2023-02-07 09:00:00-05:00,1.0682135090191553,TP,0.00018,3.0,2.7553,2755.27
2023-02-21 03:00:00-05:00,SHORT,Breakout,1.06592,1.0671491949628593,1.062232415111422,2023-02-21 04:00:00-05:00,1.0671491949628593,SL,0.000189,-1.0,-1.1539,-1153.89
2023-02-21 08:00:00-05:00,SHORT,Retest,1.06521,1.067210685408879,1.059207943773363,2023-02-21 09:00:00-05:00,1.067210685408879,SL,0.000189,-1.0,-1.0945,-1094.47
2023-02-21 11:00:00-05:00,SHORT,Breakout,1.06555,1.0673047360944996,1.0602857917165012,2023-02-22 14:00:00-05:00,1.0602857917165012,TP,0.000189,3.0,2.8923,2892.29
2023-02-23 04:00:00-05:00,SHORT,Breakout,1.05901,1.0600744205975305,1.0558167382074084,2023-02-23 06:00:00-05:00,1.0600744205975305,SL,0.000189,-1.0,-1.178,-1178.03
2023-02-23 11:00:00-05:00,SHORT,Breakout,1.05815,1.0601383096042734,1.0521850711871796,2023-02-23 14:00:00-05:00,1.0601383096042734,SL,0.000182,-1.0,-1.0917,-1091.7
2023-02-24 07:00:00-05:00,SHORT,Breakout,1.05654,1.0578634928024793,1.0525695215925623,2023-02-27 08:00:00-05:00,1.0578634928024793,SL,0.000182,-1.0,-1.1374,-1137.39
2023-02-28 04:00:00-05:00,SHORT,Bounce,1.06051,1.062183844933733,1.055488465198801,2023-02-28 08:00:00-05:00,1.062183844933733,SL,0.000189,-1.0,-1.1127,-1112.71
2023-02-28 11:00:00-05:00,SHORT,Bounce,1.05999,1.0622452570599656,1.053224228820103,2023-03-01 02:00:00-05:00,1.0622452570599656,SL,0.000188,-1.0,-1.0831,-1083.14
2023-03-01 04:00:00-05:00,SHORT,Bounce,1.06415,1.0647602838800407,1.0623191483598775,2023-03-01 05:00:00-05:00,1.0647602838800407,SL,0.000188,-1.0,-1.3078,-1307.78
2023-03-09 06:00:00-05:00,SHORT,Bounce,1.05702,1.057544672774456,1.0554459816766324,2023-03-09 07:00:00-05:00,1.0554459816766324,TP,0.000188,3.0,2.641,2641.05
2023-03-09 10:00:00-05:00,SHORT,Bounce,1.05677,1.0575867908452528,1.0543196274642417,2023-03-09 11:00:00-05:00,1.0575867908452528,SL,0.000187,-1.0,-1.2294,-1229.35
2023-03-22 06:00:00-04:00,LONG,Breakout,1.07915,1.0785432803928463,1.0809701588214613,2023-03-22 08:00:00-04:00,1.0785432803928463,SL,0.000181,-1.0,-1.2983,-1298.33
2023-03-22 10:00:00-04:00,LONG,Breakout,1.07944,1.078516470514892,1.082210588455324,2023-03-22 11:00:00-04:00,1.078516470514892,SL,0.000181,-1.0,-1.1956,-1195.63
2023-04-04 03:00:00-04:00,LONG,Breakout,1.09243,1.0912837650567135,1.0958687048298594,2023-04-04 04:00:00-04:00,1.0912837650567135,SL,0.000183,-1.0,-1.1595,-1159.51
2023-04-04 05:00:00-04:00,LONG,Breakout,1.09305,1.0912798076254315,1.0983605771237057,2023-04-04 07:00:00-04:00,1.0912798076254315,SL,0.000184,-1.0,-1.1039,-1103.94
2023-04-04 10:00:00-04:00,LONG,Breakout,1.09687,1.0911656783644266,1.1139829649067203,2023-04-05 10:00:00-04:00,1.0911656783644266,SL,0.000181,-1.0,-1.0316,-1031.64
2023-04-06 09:00:00-04:00,LONG,Bounce,1.08959,1.0880989791840476,1.0940630624478573,2023-04-07 08:00:00-04:00,1.0880989791840476,SL,0.000181,-1.0,-1.1215,-1121.51
2023-04-07 08:00:00-04:00,LONG,Bounce,1.09027,1.088295411651585,1.0961937650452451,2023-04-10 08:00:00-04:00,1.088295411651585,SL,0.00018,-1.0,-1.0913,-1091.33
2023-04-11 06:00:00-04:00,LONG,Breakout,1.0922,1.0913985913012407,1.094604226096278,2023-04-11 07:00:00-04:00,1.0913985913012407,SL,0.000183,-1.0,-1.2277,-1227.72
2023-04-11 09:00:00-04:00,LONG,Breakout,1.09205,1.09137743115482,1.0940677065355395,2023-04-11 10:00:00-04:00,1.09137743115482,SL,0.000182,-1.0,-1.2706,-1270.6
2023-04-12 08:00:00-04:00,LONG,Breakout,1.09631,1.09242621508826,1.1079613547352196,2023-04-17 10:00:00-04:00,1.09242621508826,SL,0.000186,-1.0,-1.0479,-1047.89
2023-04-20 08:00:00-04:00,LONG,Bounce,1.09768,1.0943057657818878,1.1078027026543367,2023-04-21 02:00:00-04:00,1.0943057657818878,SL,0.00018,-1.0,-1.0533,-1053.35
2023-04-24 04:00:00-04:00,LONG,Breakout,1.10077,1.0986357696510642,1.1071726910468074,2023-04-25 10:00:00-04:00,1.0986357696510642,SL,0.000181,-1.0,-1.085,-1085.04
2023-04-26 09:00:00-04:00,LONG,Breakout,1.10842,1.106259024255431,1.1149029272337065,2023-04-26 10:00:00-04:00,1.106259024255431,SL,0.000181,-1.0,-1.0838,-1083.76
2023-05-11 02:00:00-04:00,SHORT,Breakout,1.09296,1.0943690488958437,1.0887328533124685,2023-05-11 08:00:00-04:00,1.0943690488958437,SL,0.000182,-1.0,-1.1292,-1129.17
2023-05-12 07:00:00-04:00,SHORT,Breakout,1.08911,1.0901790773047293,1.0859027680858122,2023-05-12 11:00:00-04:00,1.0859027680858122,TP,0.000183,3.0,2.8287,2828.67
2023-05-16 09:00:00-04:00,SHORT,Bounce,1.08744,1.08922450238881,1.0820864928335696,2023-05-17 05:00:00-04:00,1.0820864928335696,TP,0.000176,3.0,2.9016,2901.56
2023-05-18 08:00:00-04:00,SHORT,Breakout,1.07892,1.0811897474266592,1.0721107577200228,2023-05-19 08:00:00-04:00,1.0811897474266592,SL,0.000176,-1.0,-1.0776,-1077.62
2023-05-22 08:00:00-04:00,SHORT,Bounce,1.08184,1.0831621481136435,1.077873555659069,2023-05-23 06:00:00-04:00,1.077873555659069,TP,0.000176,3.0,2.8668,2866.76
2023-05-24 06:00:00-04:00,SHORT,Breakout,1.07507,1.0761711187609737,1.0717666437170787,2023-05-24 07:00:00-04:00,1.0761711187609737,SL,0.000177,-1.0,-1.1604,-1160.44
2023-05-24 12:00:00-04:00,SHORT,Breakout,1.07551,1.0762237749775732,1.0733686750672804,2023-05-24 13:00:00-04:00,1.0762237749775732,SL,0.000177,-1.0,-1.2475,-1247.51
2023-05-24 15:00:00-04:00,SHORT,Retest,1.07514,1.0762144670647698,1.0719165988056907,2023-05-25 03:00:00-04:00,1.0719165988056907,TP,0.000178,3.0,2.8347,2834.67
2023-05-30 01:00:00-04:00,SHORT,Breakout,1.06853,1.0702819712180913,1.063274086345726,2023-05-30 04:00:00-04:00,1.0702819712180913,SL,0.00018,-1.0,-1.1026,-1102.65
2023-05-30 10:00:00-04:00,SHORT,Bounce,1.07268,1.074564263482895,1.0670272095513156,2023-05-31 03:00:00-04:00,1.0670272095513156,TP,0.000177,3.0,2.9063,2906.33
2023-05-31 04:00:00-04:00,SHORT,Breakout,1.06589,1.0674228747823842,1.0612913756528475,2023-05-31 05:00:00-04:00,1.0674228747823842,SL,0.000176,-1.0,-1.1146,-1114.6
2023-05-31 10:00:00-04:00,SHORT,Breakout,1.06604,1.0674698577760282,1.0617504266719158,2023-05-31 14:00:00-04:00,1.0674698577760282,SL,0.000174,-1.0,-1.1219,-1121.92
2023-06-06 08:00:00-04:00,SHORT,Breakout,1.06698,1.0676322355691847,1.065023293292446,2023-06-06 09:00:00-04:00,1.0676322355691847,SL,0.000179,-1.0,-1.2739,-1273.93
2023-06-13 02:00:00-04:00,LONG,Breakout,1.07917,1.0787261656433043,1.080501503070087,2023-06-13 03:00:00-04:00,1.080501503070087,TP,0.000178,3.0,2.5986,2598.57
2023-06-13 16:00:00-04:00,LONG,Retest,1.07917,1.0786528026923101,1.0807215919230695,2023-06-13 20:00:00-04:00,1.0786528026923101,SL,0.000173,-1.0,-1.3335,-1333.53
2023-06-14 08:00:00-04:00,LONG,Breakout,1.08304,1.0820238699778748,1.0860883900663756,2023-06-14 12:00:00-04:00,1.0860883900663756,TP,0.000178,3.0,2.8247,2824.66
2023-06-14 17:00:00-04:00,LONG,Retest,1.083,1.0819769917312492,1.0860690248062523,2023-06-14 21:00:00-04:00,1.0819769917312492,SL,0.000317,-1.0,-1.3101,-1310.14
2023-06-15 09:00:00-04:00,LONG,Breakout,1.08984,1.085923763894562,1.1015887083163136,2023-06-23 03:00:00-04:00,1.085923763894562,SL,0.000178,-1.0,-1.0455,-1045.54
2023-06-26 21:00:00-04:00,LONG,Breakout,1.09232,1.0917147914024372,1.0941356257926882,2023-06-26 22:00:00-04:00,1.0917147914024372,SL,0.000181,-1.0,-1.2993,-1299.35
2023-06-26 22:00:00-04:00,LONG,Retest,1.0922,1.0917204491594061,1.0936386525217818,2023-06-27 01:00:00-04:00,1.0917204491594061,SL,0.000178,-1.0,-1.3712,-1371.18
2023-06-27 02:00:00-04:00,LONG,Breakout,1.09301,1.0917209009381976,1.0968772971854073,2023-06-27 08:00:00-04:00,1.0968772971854073,TP,0.000179,3.0,2.8609,2860.88
2023-07-10 11:00:00-04:00,LONG,Breakout,1.09892,1.0969805955656877,1.1047382133029364,2023-07-12 08:00:00-04:00,1.1047382133029364,TP,0.00018,3.0,2.9071,2907.1
2023-07-12 08:00:00-04:00,LONG,Breakout,1.10573,1.102343167692916,1.1158904969212522,2023-07-13 04:00:00-04:00,1.1158904969212522,TP,0.000183,3.0,2.9459,2945.87
2023-07-18 02:00:00-04:00,LONG,Breakout,1.12552,1.1245754311428842,1.1283537065713478,2023-07-18 03:00:00-04:00,1.1245754311428842,SL,0.000202,-1.0,-1.2139,-1213.85
2023-07-20 09:00:00-04:00,LONG,Bounce,1.11822,1.1170552317471765,1.1217143047584706,2023-07-20 10:00:00-04:00,1.1170552317471765,SL,0.0002,-1.0,-1.1717,-1171.71
2023-08-02 10:00:00-04:00,SHORT,Breakout,1.09265,1.0954836384437312,1.084149084668806,2023-08-02 13:00:00-04:00,1.0954836384437312,SL,0.00016,-1.0,-1.0565,-1056.46
2023-08-03 14:00:00-04:00,SHORT,Retest,1.09424,1.0955001382107856,1.0904595853676435,2023-08-03 21:00:00-04:00,1.0955001382107856,SL,0.00017,-1.0,-1.1349,-1134.91
2023-08-08 02:00:00-04:00,SHORT,Bounce,1.09969,1.1013220302071307,1.094793909378608,2023-08-08 07:00:00-04:00,1.094793909378608,TP,0.000167,3.0,2.898,2897.98
2023-08-08 20:00:00-04:00,SHORT,Retest,1.0957,1.0967031139300716,1.0926906582097848,2023-08-08 21:00:00-04:00,1.0967031139300716,SL,0.00017,-1.0,-1.1695,-1169.47
2023-08-11 08:00:00-04:00,SHORT,Breakout,1.0967500000000001,1.0978340303148468,1.09349790905546,2023-08-11 09:00:00-04:00,1.0978340303148468,SL,0.000161,-1.0,-1.1481,-1148.06
2023-08-23 03:00:00-04:00,SHORT,Breakout,1.08173,1.0834594946860194,1.076541515941942,2023-08-23 09:00:00-04:00,1.0834594946860194,SL,0.00016,-1.0,-1.0925,-1092.51
2023-08-25 10:00:00-04:00,SHORT,Breakout,1.07707,1.0805079150008716,1.066756254997385,2023-08-25 14:00:00-04:00,1.0805079150008716,SL,0.00016,-1.0,-1.0465,-1046.54
2023-08-27 18:00:00-04:00,SHORT,Retest,1.0793,1.080466797844712,1.0757996064658637,2023-08-27 21:00:00-04:00,1.080466797844712,SL,0.000206,-1.0,-1.1766,-1176.55
2023-08-29 08:00:00-04:00,SHORT,Breakout,1.07916,1.080029321931681,1.0765520342049566,2023-08-29 09:00:00-04:00,1.080029321931681,SL,0.00016,-1.0,-1.1841,-1184.05
2023-09-01 10:00:00-04:00,SHORT,Breakout,1.08076,1.083795892781254,1.0716523216562375,2023-09-05 08:00:00-04:00,1.0716523216562375,TP,0.00016,3.0,2.9473,2947.3
2023-09-07 08:00:00-04:00,SHORT,Breakout,1.06926,1.070397960310883,1.0658461190673512,2023-09-07 10:00:00-04:00,1.070397960310883,SL,0.00016,-1.0,-1.1406,-1140.6
2023-09-08 10:00:00-04:00,SHORT,Bounce,1.07146,1.0733591050010298,1.0657626849969108,2023-09-11 00:00:00-04:00,1.0733591050010298,SL,0.00016,-1.0,-1.0843,-1084.25
2023-09-12 03:00:00-04:00,SHORT,Breakout,1.07128,1.0716936981684864,1.070038905494541,2023-09-12 04:00:00-04:00,1.0716936981684864,SL,0.00016,-1.0,-1.3868,-1386.76
2023-09-12 08:00:00-04:00,SHORT,Breakout,1.07066,1.0717015863555213,1.067535240933436,2023-09-12 09:00:00-04:00,1.0717015863555213,SL,0.00016,-1.0,-1.1536,-1153.61
2023-09-14 08:00:00-04:00,SHORT,Breakout,1.06761,1.0713252318425108,1.0564643044724673,2023-09-19 08:00:00-04:00,1.0713252318425108,SL,0.00016,-1.0,-1.0431,-1043.07
2023-09-20 11:00:00-04:00,SHORT,Bounce,1.07135,1.0719250471013175,1.0696248586960475,2023-09-20 12:00:00-04:00,1.0719250471013175,SL,0.00016,-1.0,-1.2782,-1278.24
2023-09-20 15:00:00-04:00,SHORT,Breakout,1.06593,1.0675052352733425,1.0612042941799726,2023-09-25 09:00:00-04:00,1.0612042941799726,TP,0.00017,3.0,2.8921,2892.08
2023-09-25 09:00:00-04:00,SHORT,Breakout,1.06012,1.0616825580677385,1.0554323257967844,2023-09-27 01:00:00-04:00,1.0554323257967844,TP,0.00016,3.0,2.8976,2897.6
2023-10-05 11:00:00-04:00,SHORT,Bounce,1.05251,1.0531157089044367,1.05069287328669,2023-10-05 12:00:00-04:00,1.0531157089044367,SL,0.00016,-1.0,-1.2642,-1264.15
2023-10-06 08:00:00-04:00,SHORT,Breakout,1.04954,1.0502371203105392,1.0474486390683821,2023-10-06 09:00:00-04:00,1.0502371203105392,SL,0.00016,-1.0,-1.2295,-1229.52
2023-10-13 10:00:00-04:00,SHORT,Breakout,1.05025,1.0527838831893845,1.042648350431846,2023-10-16 01:00:00-04:00,1.0527838831893845,SL,0.00016,-1.0,-1.0631,-1063.14
2023-10-25 10:00:00-04:00,LONG,Bounce,1.05843,1.0579593703324568,1.0598418890026295,2023-10-25 12:00:00-04:00,1.0579593703324568,SL,0.00016,-1.0,-1.34,-1339.97
2023-11-03 08:00:00-04:00,LONG,Breakout,1.07089,1.0663882915884295,1.084395125234711,2023-11-07 09:00:00-05:00,1.0663882915884295,SL,0.00016,-1.0,-1.0355,-1035.54
2023-11-08 08:00:00-05:00,LONG,Bounce,1.06687,1.0661161887530242,1.0691314337409275,2023-11-08 09:00:00-05:00,1.0691314337409275,TP,0.00016,3.0,2.7877,2787.75
2023-11-08 11:00:00-05:00,LONG,Breakout,1.0713300000000001,1.0701659098725929,1.074822270382222,2023-11-08 12:00:00-05:00,1.0701659098725929,SL,0.00016,-1.0,-1.1374,-1137.45
2023-11-09 09:00:00-05:00,LONG,Breakout,1.07237,1.0713021263909472,1.0755736208271585,2023-11-09 10:00:00-05:00,1.0713021263909472,SL,0.00016,-1.0,-1.1498,-1149.83
2023-11-13 11:00:00-05:00,LONG,Breakout,1.06983,1.0689773665831763,1.0723879002504713,2023-11-13 13:00:00-05:00,1.0689773665831763,SL,0.00016,-1.0,-1.1877,-1187.65
2023-11-13 20:00:00-05:00,LONG,Retest,1.06979,1.0690289623973277,1.072073112808017,2023-11-14 05:00:00-05:00,1.072073112808017,TP,0.00017,3.0,2.7766,2776.62
2023-11-24 09:00:00-05:00,LONG,Breakout,1.09357,1.0927560084704255,1.0960119745887231,2023-11-24 12:00:00-05:00,1.0927560084704255,SL,0.00016,-1.0,-1.1966,-1196.56
2023-11-24 12:00:00-05:00,LONG,Retest,1.09397,1.0927524032833547,1.0976227901499365,2023-11-26 20:00:00-05:00,1.0927524032833547,SL,0.00017,-1.0,-1.1396,-1139.62
2023-11-27 10:00:00-05:00,LONG,Breakout,1.0932,1.0927482045353005,1.0945553863940982,2023-11-27 11:00:00-05:00,1.0927482045353005,SL,0.00016,-1.0,-1.3541,-1354.14
2023-11-28 08:00:00-05:00,LONG,Breakout,1.09713,1.0959873273813352,1.1005580178559942,2023-11-28 12:00:00-05:00,1.1005580178559942,TP,0.00016,3.0,2.86,2859.98
2023-12-01 12:00:00-05:00,LONG,Bounce,1.08808,1.087438102625161,1.090005692124517,2023-12-01 14:00:00-05:00,1.087438102625161,SL,0.00017,-1.0,-1.2648,-1264.84
2023-12-05 11:00:00-05:00,SHORT,Breakout,1.07851,1.080689814103884,1.071970557688348,2023-12-07 12:00:00-05:00,1.080689814103884,SL,0.00016,-1.0,-1.0734,-1073.4
2023-12-08 08:00:00-05:00,SHORT,Breakout,1.07464,1.0757121403266108,1.0714235790201678,2023-12-08 10:00:00-05:00,1.0757121403266108,SL,0.00016,-1.0,-1.1492,-1149.23
2023-12-11 12:00:00-05:00,SHORT,Retest,1.07432,1.075671458252078,1.0702656252437655,2023-12-11 13:00:00-05:00,1.075671458252078,SL,0.00017,-1.0,-1.1258,-1125.79
2023-12-12 08:00:00-05:00,SHORT,Bounce,1.07757,1.078098577866987,1.0759842663990389,2023-12-12 09:00:00-05:00,1.078098577866987,SL,0.00016,-1.0,-1.3027,-1302.7
2023-12-12 09:00:00-05:00,SHORT,Bounce,1.07733,1.0781263937336307,1.0749408187991074,2023-12-12 10:00:00-05:00,1.0781263937336307,SL,0.00016,-1.0,-1.2009,-1200.91
2023-12-21 06:00:00-05:00,LONG,Breakout,1.09789,1.0972436006595085,1.0998291980214745,2023-12-21 08:00:00-05:00,1.0972436006595085,SL,0.00016,-1.0,-1.2475,-1247.53
2023-12-21 10:00:00-05:00,LONG,Retest,1.09892,1.0972045024061907,1.1040664927814274,2023-12-26 14:00:00-05:00,1.1040664927814274,TP,0.00016,3.0,2.9067,2906.73
2023-12-27 03:00:00-05:00,LONG,Breakout,1.10462,1.1037826261018655,1.1071321216944032,2023-12-27 08:00:00-05:00,1.1071321216944032,TP,0.00016,3.0,2.8089,2808.93
2023-12-29 12:00:00-05:00,LONG,Bounce,1.10632,1.105098284726191,1.109985145821427,2023-12-29 13:00:00-05:00,1.105098284726191,SL,0.00017,-1.0,-1.1391,-1139.15
2024-01-04 11:00:00-05:00,SHORT,Bounce,1.0955300000000001,1.0967365765018195,1.0919102704945418,2024-01-05 03:00:00-05:00,1.0919102704945418,TP,0.00016,3.0,2.8674,2867.39
2024-01-11 07:00:00-05:00,LONG,Breakout,1.09832,1.0976003726698742,1.1004788819903772,2024-01-11 08:00:00-05:00,1.0976003726698742,SL,0.00016,-1.0,-1.2223,-1222.34
2024-01-17 09:00:00-05:00,SHORT,Breakout,1.08481,1.0863989189279784,1.0800432432160652,2024-01-17 10:00:00-05:00,1.0863989189279784,SL,0.00016,-1.0,-1.1007,-1100.7
2024-01-23 07:00:00-05:00,SHORT,Breakout,1.08628,1.0867012124118673,1.0850163627643976,2024-01-23 08:00:00-05:00,1.0867012124118673,SL,0.00016,-1.0,-1.3799,-1379.86
2024-01-23 09:00:00-05:00,SHORT,Breakout,1.08522,1.0867229433551306,1.0807111699346084,2024-01-24 02:00:00-05:00,1.0867229433551306,SL,0.00016,-1.0,-1.1065,-1106.46
2024-01-25 09:00:00-05:00,SHORT,Breakout,1.08593,1.0871796371306666,1.0821810886080006,2024-01-25 14:00:00-05:00,1.0821810886080006,TP,0.00016,3.0,2.872,2871.96
2024-01-26 12:00:00-05:00,SHORT,Retest,1.08628,1.087207027015267,1.0834989189541988,2024-01-29 02:00:00-05:00,1.0834989189541988,TP,0.00017,3.0,2.8166,2816.62
2024-01-29 09:00:00-05:00,SHORT,Breakout,1.08064,1.0814299332267172,1.0782702003198485,2024-01-29 12:00:00-05:00,1.0814299332267172,SL,0.00016,-1.0,-1.2025,-1202.55
2024-02-08 08:00:00-05:00,SHORT,Breakout,1.07431,1.0757093396283384,1.0701119811149853,2024-02-08 09:00:00-05:00,1.0757093396283384,SL,0.00016,-1.0,-1.1143,-1114.34
2024-02-09 09:00:00-05:00,SHORT,Bounce,1.0781,1.079029320322045,1.0753120390338655,2024-02-11 18:00:00-05:00,1.079029320322045,SL,0.00016,-1.0,-1.1722,-1172.17
2024-02-13 08:00:00-05:00,SHORT,Breakout,1.07078,1.0757898862582869,1.0557503412251397,2024-02-15 08:00:00-05:00,1.0757898862582869,SL,0.00016,-1.0,-1.0319,-1031.94
2024-02-26 05:00:00-05:00,LONG,Breakout,1.0847,1.083714688105711,1.0876559356828672,2024-02-27 09:00:00-05:00,1.083714688105711,SL,0.00017,-1.0,-1.1725,-1172.53
2024-02-29 04:00:00-05:00,LONG,Breakout,1.08499,1.084319951782317,1.0870001446530486,2024-02-29 05:00:00-05:00,1.084319951782317,SL,0.00017,-1.0,-1.2537,-1253.71
2024-03-04 09:00:00-05:00,LONG,Breakout,1.08587,1.085312726705604,1.0875418198831877,2024-03-04 16:00:00-05:00,1.085312726705604,SL,0.00016,-1.0,-1.2871,-1287.11
2024-03-05 10:00:00-05:00,LONG,Breakout,1.08704,1.0864315647236673,1.088865305828998,2024-03-05 11:00:00-05:00,1.0864315647236673,SL,0.00016,-1.0,-1.2632,-1263.24
2024-03-06 08:00:00-05:00,LONG,Breakout,1.08841,1.087387551157392,1.0914773465278242,2024-03-07 08:00:00-05:00,1.087387551157392,SL,0.00016,-1.0,-1.1565,-1156.49
2024-03-07 10:00:00-05:00,LONG,Breakout,1.09292,1.0911743508336615,1.098156947499015,2024-03-12 08:00:00-04:00,1.0911743508336615,SL,0.00016,-1.0,-1.0918,-1091.75
2024-03-12 11:00:00-04:00,LONG,Bounce,1.09169,1.0911453255406007,1.093324023378198,2024-03-13 07:00:00-04:00,1.093324023378198,TP,0.00016,3.0,2.7062,2706.25
2024-03-13 12:00:00-04:00,LONG,Breakout,1.09483,1.0941433743370392,1.0968898769888822,2024-03-13 23:00:00-04:00,1.0941433743370392,SL,0.00016,-1.0,-1.233,-1233.02
2024-03-28 04:00:00-04:00,SHORT,Breakout,1.07911,1.0802473818923914,1.0756978543228257,2024-03-28 08:00:00-04:00,1.0802473818923914,SL,0.00017,-1.0,-1.1495,-1149.47
2024-03-28 12:00:00-04:00,SHORT,Breakout,1.07986,1.0803239263915227,1.078468220825432,2024-03-28 15:00:00-04:00,1.078468220825432,TP,0.00016,3.0,2.6551,2655.12
2024-04-01 10:00:00-04:00,SHORT,Breakout,1.07436,1.076911287375329,1.0667061378740128,2024-04-02 10:00:00-04:00,1.076911287375329,SL,0.00016,-1.0,-1.0627,-1062.71
2024-04-11 10:00:00-04:00,SHORT,Breakout,1.07045,1.0730641270784989,1.062607618764503,2024-04-11 14:00:00-04:00,1.0730641270784989,SL,0.00016,-1.0,-1.0612,-1061.21
2024-04-11 21:00:00-04:00,SHORT,Retest,1.07234,1.0729745391313228,1.070436382606032,2024-04-12 02:00:00-04:00,1.070436382606032,TP,0.0002,3.0,2.6848,2684.81
2024-04-12 02:00:00-04:00,SHORT,Breakout,1.0682,1.0700544130750698,1.0626367607747909,2024-04-12 10:00:00-04:00,1.0626367607747909,TP,0.000175,3.0,2.9055,2905.45
2024-05-03 03:00:00-04:00,LONG,Breakout,1.07337,1.072569183668608,1.0757724489941758,2024-05-03 08:00:00-04:00,1.0757724489941758,TP,0.00017,3.0,2.7877,2787.72
2024-05-09 08:00:00-04:00,LONG,Breakout,1.07583,1.075484256867482,1.076867229397554,2024-05-09 09:00:00-04:00,1.075484256867482,SL,0.00016,-1.0,-1.4628,-1462.77
2024-05-13 08:00:00-04:00,LONG,Breakout,1.07971,1.0787744306852172,1.0825167079443483,2024-05-13 13:00:00-04:00,1.0787744306852172,SL,0.00016,-1.0,-1.171,-1171.02
2024-05-14 09:00:00-04:00,LONG,Breakout,1.0818,1.080398633282327,1.0860041001530194,2024-05-15 08:00:00-04:00,1.0860041001530194,TP,0.00016,3.0,2.8858,2885.83
2024-05-23 03:00:00-04:00,LONG,Bounce,1.08283,1.0814882827618966,1.0868551517143101,2024-05-23 13:00:00-04:00,1.0814882827618966,SL,0.00017,-1.0,-1.127,-1126.95
2024-05-27 05:00:00-04:00,LONG,Breakout,1.0866500000000001,1.0855623873102092,1.089912838069373,2024-05-27 06:00:00-04:00,1.0855623873102092,SL,0.00017,-1.0,-1.1563,-1156.31
2024-05-27 11:00:00-04:00,LONG,Retest,1.08587,1.0855335631269183,1.0868793106192447,2024-05-27 17:00:00-04:00,1.0855335631269183,SL,0.00016,-1.0,-1.4756,-1475.57
2024-05-28 10:00:00-04:00,LONG,Breakout,1.08742,1.086480884464912,1.090237346605264,2024-05-28 13:00:00-04:00,1.086480884464912,SL,0.00016,-1.0,-1.1704,-1170.37
2024-05-29 07:00:00-04:00,LONG,Bounce,1.08491,1.0837694537534268,1.0883316387397197,2024-05-29 09:00:00-04:00,1.0837694537534268,SL,0.00016,-1.0,-1.1404,-1140.43
2024-06-03 11:00:00-04:00,LONG,Breakout,1.08888,1.0879324868910145,1.0917225393269567,2024-06-04 04:00:00-04:00,1.0879324868910145,SL,0.00016,-1.0,-1.1689,-1168.86
2024-06-05 07:00:00-04:00,LONG,Bounce,1.08674,1.0856925960553645,1.0898822118339067,2024-06-05 12:00:00-04:00,1.0856925960553645,SL,0.00016,-1.0,-1.1528,-1152.76
2024-06-05 12:00:00-04:00,LONG,Bounce,1.08633,1.085641662973732,1.088395011078804,2024-06-05 21:00:00-04:00,1.088395011078804,TP,0.00018,3.0,2.7385,2738.5
2024-06-11 07:00:00-04:00,SHORT,Breakout,1.07282,1.0734011141655675,1.071076657503298,2024-06-11 08:00:00-04:00,1.0734011141655675,SL,0.00016,-1.0,-1.2753,-1275.33
2024-06-11 09:00:00-04:00,SHORT,Breakout,1.07233,1.073412930071331,1.0690812097860067,2024-06-11 12:00:00-04:00,1.073412930071331,SL,0.00016,-1.0,-1.1477,-1147.75
2024-06-18 10:00:00-04:00,SHORT,Bounce,1.07374,1.0742242496716061,1.0722872509851813,2024-06-18 13:00:00-04:00,1.0742242496716061,SL,0.00016,-1.0,-1.3304,-1330.41
2024-06-20 04:00:00-04:00,SHORT,Breakout,1.07159,1.0725174081562792,1.0688077755311627,2024-06-20 05:00:00-04:00,1.0725174081562792,SL,0.00017,-1.0,-1.1833,-1183.31
2024-06-20 07:00:00-04:00,SHORT,Breakout,1.07142,1.072543985320461,1.068048044038617,2024-06-20 08:00:00-04:00,1.072543985320461,SL,0.00016,-1.0,-1.1424,-1142.35
2024-06-20 10:00:00-04:00,SHORT,Breakout,1.07209,1.0725644780426578,1.0706665658720267,2024-06-20 11:00:00-04:00,1.0706665658720267,TP,0.00016,3.0,2.6628,2662.79
2024-06-26 05:00:00-04:00,SHORT,Breakout,1.06881,1.069132449088632,1.067842652734104,2024-06-26 07:00:00-04:00,1.069132449088632,SL,0.00017,-1.0,-1.5272,-1527.22
2024-06-26 08:00:00-04:00,SHORT,Breakout,1.06761,1.069154762626722,1.062975712119834,2024-06-26 10:00:00-04:00,1.069154762626722,SL,0.00016,-1.0,-1.1036,-1103.58
2024-07-11 04:00:00-04:00,LONG,Breakout,1.08464,1.0843044751144473,1.0856465746566584,2024-07-11 05:00:00-04:00,1.0843044751144473,SL,0.00017,-1.0,-1.5067,-1506.67
2024-07-12 10:00:00-04:00,LONG,Breakout,1.09083,1.0897104543833491,1.0941886368499525,2024-07-14 17:00:00-04:00,1.0897104543833491,SL,0.00016,-1.0,-1.1431,-1143.06
2024-07-15 05:00:00-04:00,LONG,Breakout,1.09122,1.0908815677788453,1.0922352966634645,2024-07-15 06:00:00-04:00,1.0908815677788453,SL,0.00017,-1.0,-1.5023,-1502.32
2024-07-15 09:00:00-04:00,LONG,Breakout,1.09143,1.0908715549076322,1.093105335277103,2024-07-15 10:00:00-04:00,1.0908715549076322,SL,0.00016,-1.0,-1.2865,-1286.51
2024-07-16 02:00:00-04:00,LONG,Bounce,1.08877,1.0880899973201048,1.0908100080396856,2024-07-16 08:00:00-04:00,1.0880899973201048,SL,0.000175,-1.0,-1.2566,-1256.62
2024-07-17 03:00:00-04:00,LONG,Breakout,1.09072,1.090319829028086,1.0919205129157417,2024-07-17 04:00:00-04:00,1.0919205129157417,TP,0.00017,3.0,2.5752,2575.18
2024-07-22 10:00:00-04:00,LONG,Bounce,1.08836,1.0872734723809865,1.0916195828570405,2024-07-23 04:00:00-04:00,1.0872734723809865,SL,0.00016,-1.0,-1.1473,-1147.26
2024-07-23 04:00:00-04:00,LONG,Bounce,1.08771,1.0870570305999014,1.0896689082002955,2024-07-23 05:00:00-04:00,1.0870570305999014,SL,0.00017,-1.0,-1.2603,-1260.35
2024-07-30 08:00:00-04:00,SHORT,Breakout,1.08013,1.0814961643601122,1.0760315069196635,2024-07-30 12:00:00-04:00,1.0814961643601122,SL,0.00016,-1.0,-1.1172,-1117.24
2024-08-01 04:00:00-04:00,SHORT,Breakout,1.07834,1.0803148680943666,1.0724153957169005,2024-08-01 08:00:00-04:00,1.0803148680943666,SL,0.00017,-1.0,-1.0861,-1086.08
2024-08-01 10:00:00-04:00,SHORT,Breakout,1.07914,1.080365916769068,1.075462249692796,2024-08-02 02:00:00-04:00,1.080365916769068,SL,0.00016,-1.0,-1.1305,-1130.51
2024-08-05 03:00:00-04:00,LONG,Breakout,1.09483,1.0922341307490075,1.1026176077529772,2024-08-06 03:00:00-04:00,1.0922341307490075,SL,0.00017,-1.0,-1.0655,-1065.49
2024-08-07 02:00:00-04:00,LONG,Bounce,1.09144,1.0900847619000436,1.0955057142998692,2024-08-08 08:00:00-04:00,1.0900847619000436,SL,0.000175,-1.0,-1.1291,-1129.13
2024-08-13 09:00:00-04:00,LONG,Breakout,1.09579,1.093685245497941,1.1021042635061769,2024-08-14 05:00:00-04:00,1.1021042635061769,TP,0.00016,3.0,2.924,2923.98
2024-08-21 11:00:00-04:00,LONG,Breakout,1.11414,1.1129243364007706,1.1177869907976878,2024-08-22 03:00:00-04:00,1.1129243364007706,SL,0.00016,-1.0,-1.1316,-1131.62
2024-08-22 05:00:00-04:00,LONG,Retest,1.11389,1.1129542249390394,1.116697325182882,2024-08-22 08:00:00-04:00,1.1129542249390394,SL,0.00017,-1.0,-1.1817,-1181.67
2024-08-22 10:00:00-04:00,LONG,Bounce,1.11141,1.1095527019030218,1.1169818942909346,2024-08-23 10:00:00-04:00,1.1169818942909346,TP,0.00016,3.0,2.9138,2913.76
2024-08-23 10:00:00-04:00,LONG,Breakout,1.11742,1.1161575739493705,1.1212072781518887,2024-08-26 08:00:00-04:00,1.1161575739493705,SL,0.00016,-1.0,-1.1269,-1126.87
2024-09-10 09:00:00-04:00,SHORT,Breakout,1.10186,1.1029200783379767,1.0986797649860702,2024-09-10 21:00:00-04:00,1.1029200783379767,SL,0.00016,-1.0,-1.1509,-1150.93
2024-09-11 03:00:00-04:00,SHORT,Bounce,1.10405,1.1050848482605837,1.1009454552182487,2024-09-11 07:00:00-04:00,1.1050848482605837,SL,0.00017,-1.0,-1.1643,-1164.28
2024-09-11 07:00:00-04:00,SHORT,Bounce,1.10428,1.1050911511654138,1.1018465465037584,2024-09-11 08:00:00-04:00,1.1018465465037584,TP,0.00016,3.0,2.8027,2802.75
2024-09-11 09:00:00-04:00,SHORT,Breakout,1.10119,1.101659012994668,1.0997829610159957,2024-09-11 12:00:00-04:00,1.101659012994668,SL,0.00016,-1.0,-1.3411,-1341.14
2024-09-11 16:00:00-04:00,SHORT,Retest,1.1012,1.1016209187045443,1.099937243886367,2024-09-12 01:00:00-04:00,1.1016209187045443,SL,0.000188,-1.0,-1.446,-1446.05
2024-09-16 02:00:00-04:00,LONG,Breakout,1.11135,1.1099243563991976,1.1156269308024074,2024-09-18 14:00:00-04:00,1.1156269308024074,TP,0.000175,3.0,2.8776,2877.6
2024-09-18 14:00:00-04:00,LONG,Breakout,1.11482,1.1142644505012684,1.1164866484961944,2024-09-18 15:00:00-04:00,1.1142644505012684,SL,0.000181,-1.0,-1.3258,-1325.8
2024-09-27 08:00:00-04:00,LONG,Breakout,1.11987,1.118526493885395,1.1239005183438149,2024-09-27 09:00:00-04:00,1.118526493885395,SL,0.00016,-1.0,-1.1193,-1119.34
2024-09-30 04:00:00-04:00,LONG,Breakout,1.12046,1.119951428990535,1.121985713028395,2024-09-30 05:00:00-04:00,1.119951428990535,SL,0.00017,-1.0,-1.3343,-1334.27
2024-10-02 10:00:00-04:00,SHORT,Breakout,1.10351,1.1047522283648097,1.099783314905571,2024-10-02 11:00:00-04:00,1.1047522283648097,SL,0.00016,-1.0,-1.1288,-1128.8
2024-10-03 05:00:00-04:00,SHORT,Retest,1.10351,1.1046820233646217,1.0999939299061348,2024-10-04 08:00:00-04:00,1.0999939299061348,TP,0.00017,3.0,2.855,2854.95
2024-10-04 08:00:00-04:00,SHORT,Breakout,1.096,1.1010098791635072,1.0809703625094786,2024-10-22 09:00:00-04:00,1.0809703625094786,TP,0.00016,3.0,2.968,2968.03
2024-10-22 09:00:00-04:00,SHORT,Breakout,1.08063,1.0811997145983399,1.0789208562049803,2024-10-22 10:00:00-04:00,1.0811997145983399,SL,0.00016,-1.0,-1.2814,-1281.43
2024-10-22 11:00:00-04:00,SHORT,Breakout,1.08037,1.0812050498322419,1.0778648505032746,2024-10-22 12:00:00-04:00,1.0812050498322419,SL,0.000162,-1.0,-1.1938,-1193.8
2024-10-24 09:00:00-04:00,SHORT,Bounce,1.07991,1.0808106259168007,1.0772081222495977,2024-10-24 10:00:00-04:00,1.0808106259168007,SL,0.000161,-1.0,-1.1788,-1178.76
2024-10-24 10:00:00-04:00,SHORT,Bounce,1.07969,1.0808155812084579,1.0763132563746265,2024-10-24 12:00:00-04:00,1.0808155812084579,SL,0.000161,-1.0,-1.1429,-1142.89
2024-10-25 04:00:00-04:00,SHORT,Bounce,1.08229,1.0829784953151291,1.0802245140546125,2024-10-25 08:00:00-04:00,1.0829784953151291,SL,0.00017,-1.0,-1.2469,-1246.92
2024-10-29 05:00:00-04:00,SHORT,Bounce,1.08168,1.0828648014951714,1.0781255955144857,2024-10-29 08:00:00-04:00,1.0781255955144857,TP,0.00017,3.0,2.8565,2856.52
2024-10-29 08:00:00-04:00,SHORT,Breakout,1.07768,1.0783167226256893,1.0757698321229319,2024-10-29 09:00:00-04:00,1.0783167226256893,SL,0.00016,-1.0,-1.2513,-1251.29
2024-11-08 11:00:00-05:00,SHORT,Breakout,1.07089,1.0715787009224114,1.0688238972327655,2024-11-08 12:00:00-05:00,1.0688238972327655,TP,0.00016,3.0,2.7677,2767.68
2024-11-10 17:00:00-05:00,SHORT,Retest,1.07092,1.071539524042199,1.0690614278734034,2024-11-10 18:00:00-05:00,1.071539524042199,SL,0.000307,-1.0,-1.4957,-1495.72
2024-11-11 04:00:00-05:00,SHORT,Breakout,1.06808,1.0689224190392261,1.0655527428823213,2024-11-11 06:00:00-05:00,1.0655527428823213,TP,0.00016,3.0,2.8103,2810.27
2024-11-12 04:00:00-05:00,SHORT,Breakout,1.06257,1.0630395433722712,1.0611613698831863,2024-11-12 05:00:00-05:00,1.0611613698831863,TP,0.00016,3.0,2.6596,2659.6
2024-11-12 06:00:00-05:00,SHORT,Retest,1.06181,1.0630442695403766,1.05810719137887,2024-11-13 06:00:00-05:00,1.0630442695403766,SL,0.00016,-1.0,-1.1296,-1129.63
2024-11-13 09:00:00-05:00,SHORT,Breakout,1.05847,1.0597958402913117,1.054492479126065,2024-11-13 22:00:00-05:00,1.054492479126065,TP,0.000159,3.0,2.8798,2879.82
2024-11-15 08:00:00-05:00,SHORT,Bounce,1.05578,1.0585192212825665,1.0475623361523003,2024-11-18 12:00:00-05:00,1.0585192212825665,SL,0.00016,-1.0,-1.0582,-1058.23
2024-11-20 10:00:00-05:00,SHORT,Breakout,1.05208,1.0526384423126902,1.050404673061929,2024-11-20 12:00:00-05:00,1.0526384423126902,SL,0.00016,-1.0,-1.2865,-1286.51
2024-11-21 11:00:00-05:00,SHORT,Breakout,1.04736,1.0509678048864861,1.036536585340542,2024-11-22 04:00:00-05:00,1.036536585340542,TP,0.00016,3.0,2.9557,2955.74
2024-11-25 05:00:00-05:00,SHORT,Bounce,1.04854,1.0504623400357984,1.0427729798926049,2024-11-25 08:00:00-05:00,1.0504623400357984,SL,0.00016,-1.0,-1.0832,-1083.23
2024-11-26 07:00:00-05:00,SHORT,Bounce,1.05232,1.053359653287662,1.049201040137014,2024-11-26 09:00:00-05:00,1.049201040137014,TP,0.00016,3.0,2.8466,2846.58
2024-11-29 02:00:00-05:00,SHORT,Bounce,1.05787,1.0589367025082197,1.0546698924753413,2024-11-29 09:00:00-05:00,1.0546698924753413,TP,0.00016,3.0,2.8503,2850.32
2024-12-02 02:00:00-05:00,SHORT,Breakout,1.05021,1.0530010009280568,1.04183699721583,2024-12-02 07:00:00-05:00,1.0530010009280568,SL,0.00016,-1.0,-1.0573,-1057.27
2024-12-05 03:00:00-05:00,SHORT,Bounce,1.05295,1.054601770455585,1.0479946886332452,2024-12-05 08:00:00-05:00,1.054601770455585,SL,0.00016,-1.0,-1.0966,-1096.56
2024-12-11 02:00:00-05:00,SHORT,Breakout,1.04892,1.0500192883323192,1.0456221350030428,2024-12-11 03:00:00-05:00,1.0500192883323192,SL,0.00016,-1.0,-1.1454,-1145.4
2024-12-11 05:00:00-05:00,SHORT,Breakout,1.0493999999999999,1.0500394717442074,1.0474815847673773,2024-12-11 06:00:00-05:00,1.0500394717442074,SL,0.00016,-1.0,-1.2499,-1249.95
2024-12-11 10:00:00-05:00,SHORT,Breakout,1.04898,1.0501274841180794,1.0455375476457618,2024-12-11 11:00:00-05:00,1.0501274841180794,SL,0.000159,-1.0,-1.1387,-1138.71
2024-12-11 13:00:00-05:00,SHORT,Retest,1.04839,1.0501507903088267,1.0431076290735195,2024-12-11 18:00:00-05:00,1.0501507903088267,SL,0.00016,-1.0,-1.0909,-1090.87
2024-12-12 10:00:00-05:00,SHORT,Breakout,1.0472,1.0483409719177668,1.0437770842466993,2024-12-12 11:00:00-05:00,1.0483409719177668,SL,0.00016,-1.0,-1.1398,-1139.79
2024-12-16 03:00:00-05:00,SHORT,Bounce,1.0507900000000001,1.0526059689245864,1.0453420932262414,2024-12-16 19:00:00-05:00,1.0526059689245864,SL,0.00016,-1.0,-1.0881,-1088.11
2024-12-18 10:00:00-05:00,SHORT,Breakout,1.04731,1.048076354448226,1.0450109366553215,2024-12-18 13:00:00-05:00,1.048076354448226,SL,0.00016,-1.0,-1.2088,-1208.78
2024-12-18 14:00:00-05:00,SHORT,Breakout,1.0376,1.04822981813296,1.0057105456011206,2025-01-24 03:00:00-05:00,1.04822981813296,SL,0.000159,-1.0,-1.015,-1014.97
2025-01-26 21:00:00-05:00,LONG,Retest,1.04652,1.0453639092905,1.0499882721284994,2025-01-27 02:00:00-05:00,1.0453639092905,SL,0.00016,-1.0,-1.1383,-1138.25
2025-01-29 14:00:00-05:00,LONG,Bounce,1.04157,1.0410060814328481,1.043261755701456,2025-01-29 15:00:00-05:00,1.0410060814328481,SL,0.000159,-1.0,-1.2825,-1282.55
2025-01-30 08:00:00-05:00,LONG,Breakout,1.04565,1.0424993147468635,1.0551020557594093,2025-01-30 09:00:00-05:00,1.0424993147468635,SL,0.000159,-1.0,-1.0505,-1050.47
2025-02-20 10:00:00-05:00,LONG,Breakout,1.04731,1.045789563259051,1.0518713102228467,2025-02-21 10:00:00-05:00,1.045789563259051,SL,0.00016,-1.0,-1.1052,-1105.23
2025-02-23 20:00:00-05:00,LONG,Breakout,1.05169,1.0501946245148464,1.056176126455461,2025-02-24 01:00:00-05:00,1.0501946245148464,SL,0.000179,-1.0,-1.1199,-1119.93
2025-02-27 03:00:00-05:00,LONG,Bounce,1.04774,1.0471772697693267,1.0494281906920195,2025-02-27 08:00:00-05:00,1.0471772697693267,SL,0.000169,-1.0,-1.3009,-1300.91
2025-02-28 13:00:00-05:00,SHORT,Breakout,1.03626,1.038250637719895,1.0302880868403148,2025-03-02 17:00:00-05:00,1.038250637719895,SL,0.00018,-1.0,-1.0903,-1090.34
2025-03-04 03:00:00-05:00,LONG,Breakout,1.05179,1.0499864221944069,1.0572007334167794,2025-03-04 10:00:00-05:00,1.0499864221944069,SL,0.00017,-1.0,-1.0943,-1094.26
2025-03-07 10:00:00-05:00,LONG,Breakout,1.08692,1.0848302425155736,1.0931892724532797,2025-03-07 11:00:00-05:00,1.0848302425155736,SL,0.00016,-1.0,-1.0766,-1076.56
2025-03-09 20:00:00-04:00,LONG,Retest,1.08632,1.0848886388811814,1.0906140833564557,2025-03-09 22:00:00-04:00,1.0848886388811814,SL,0.000177,-1.0,-1.1239,-1123.89
2025-03-10 07:00:00-04:00,LONG,Bounce,1.08495,1.0820081673943547,1.0937754978169363,2025-03-10 14:00:00-04:00,1.0820081673943547,SL,0.00017,-1.0,-1.0577,-1057.67
2025-03-11 03:00:00-04:00,LONG,Breakout,1.08897,1.0869677101524968,1.0949768695425095,2025-03-13 02:00:00-04:00,1.0869677101524968,SL,0.000175,-1.0,-1.0874,-1087.4
2025-03-17 10:00:00-04:00,LONG,Breakout,1.0915,1.0908614345089238,1.0934156964732282,2025-03-17 22:00:00-04:00,1.0908614345089238,SL,0.00016,-1.0,-1.2506,-1250.56
2025-03-18 03:00:00-04:00,LONG,Breakout,1.09345,1.0926908671689857,1.0957273984930431,2025-03-18 07:00:00-04:00,1.0926908671689857,SL,0.000172,-1.0,-1.227,-1227.01
2025-03-25 04:00:00-04:00,LONG,Bounce,1.07894,1.0778429836396375,1.0822310490810876,2025-03-25 06:00:00-04:00,1.0822310490810876,TP,0.000169,3.0,2.8458,2845.79
2025-04-15 10:00:00-04:00,LONG,Bounce,1.1328,1.1289212835512434,1.1444361493462698,2025-04-15 11:00:00-04:00,1.1289212835512434,SL,0.00016,-1.0,-1.0413,-1041.25
2025-04-16 03:00:00-04:00,LONG,Breakout,1.13864,1.137341944907523,1.1425341652774312,2025-04-16 04:00:00-04:00,1.137341944907523,SL,0.00017,-1.0,-1.131,-1130.97
2025-04-16 10:00:00-04:00,LONG,Breakout,1.13833,1.137315985943668,1.1413720421689966,2025-04-16 11:00:00-04:00,1.137315985943668,SL,0.00016,-1.0,-1.1578,-1157.79
2025-04-22 03:00:00-04:00,LONG,Bounce,1.15044,1.1475778150847724,1.1590265547456824,2025-04-22 08:00:00-04:00,1.1475778150847724,SL,0.00019,-1.0,-1.0664,-1066.38
2025-04-28 12:00:00-04:00,LONG,Breakout,1.14106,1.1383212635246314,1.1492762094261058,2025-04-29 00:00:00-04:00,1.1383212635246314,SL,0.00018,-1.0,-1.0657,-1065.66
2025-04-30 02:00:00-04:00,LONG,Bounce,1.1389,1.1365365342291642,1.1459903973125074,2025-04-30 04:00:00-04:00,1.1365365342291642,SL,0.000175,-1.0,-1.074,-1074.04
2025-05-12 03:00:00-04:00,SHORT,Breakout,1.11044,1.1200515607517223,1.0816053177448335,2025-05-14 03:00:00-04:00,1.1200515607517223,SL,0.00017,-1.0,-1.0177,-1017.69
2025-05-16 10:00:00-04:00,SHORT,Breakout,1.11534,1.117268492364418,1.1095545229067458,2025-05-18 17:00:00-04:00,1.117268492364418,SL,0.00016,-1.0,-1.083,-1082.97
2025-05-27 01:00:00-04:00,LONG,Bounce,1.13778,1.1365532362559039,1.1414602912322884,2025-05-27 02:00:00-04:00,1.1365532362559039,SL,0.00018,-1.0,-1.1466,-1146.59
2025-06-05 09:00:00-04:00,LONG,Breakout,1.14799,1.1430300891950556,1.1628697324148336,2025-06-05 12:00:00-04:00,1.1430300891950556,SL,0.000178,-1.0,-1.0359,-1035.89
2025-06-05 12:00:00-04:00,LONG,Retest,1.14472,1.1430177346798602,1.1498267959604191,2025-06-06 01:00:00-04:00,1.1430177346798602,SL,0.000197,-1.0,-1.1158,-1115.83
2025-06-10 03:00:00-04:00,LONG,Bounce,1.13914,1.1382549880436632,1.1417950358690105,2025-06-10 06:00:00-04:00,1.1417950358690105,TP,0.00017,3.0,2.8079,2807.91
2025-06-10 09:00:00-04:00,LONG,Breakout,1.14417,1.1431883418895994,1.1471149743312015,2025-06-10 10:00:00-04:00,1.1431883418895994,SL,0.000179,-1.0,-1.1822,-1182.17
2025-06-11 08:00:00-04:00,LONG,Breakout,1.14595,1.1443502760530988,1.1507491718407037,2025-06-11 19:00:00-04:00,1.1507491718407037,TP,0.00018,3.0,2.8876,2887.58
2025-06-16 02:00:00-04:00,LONG,Breakout,1.15729,1.1564528816391608,1.1598013550825172,2025-06-16 09:00:00-04:00,1.1598013550825172,TP,0.000194,3.0,2.7677,2767.66
2025-06-16 14:00:00-04:00,LONG,Retest,1.15789,1.1565208344819908,1.1619974965540278,2025-06-16 15:00:00-04:00,1.1565208344819908,SL,0.000191,-1.0,-1.1391,-1139.14
2025-06-23 05:00:00-04:00,LONG,Bounce,1.14714,1.1458199460795144,1.151100161761457,2025-06-23 08:00:00-04:00,1.1458199460795144,SL,0.00019,-1.0,-1.1439,-1143.93
2025-06-30 11:00:00-04:00,LONG,Breakout,1.17686,1.1749506714917697,1.182587985524691,2025-06-30 12:00:00-04:00,1.1749506714917697,SL,0.00018,-1.0,-1.0942,-1094.19
2025-07-02 10:00:00-04:00,LONG,Bounce,1.17663,1.1757008933460638,1.179417319961809,2025-07-02 13:00:00-04:00,1.179417319961809,TP,0.00018,3.0,2.8061,2806.09
2025-07-16 09:00:00-04:00,SHORT,Breakout,1.15719,1.1594599536819916,1.150380138954025,2025-07-16 10:00:00-04:00,1.1594599536819916,SL,0.00018,-1.0,-1.0793,-1079.3
2025-07-16 11:00:00-04:00,SHORT,Bounce,1.1628,1.1696538274094723,1.1422385177715833,2025-07-21 10:00:00-04:00,1.1696538274094723,SL,0.00018,-1.0,-1.0263,-1026.26
2025-07-22 10:00:00-04:00,LONG,Breakout,1.1721300000000001,1.171310253185439,1.1745892404436837,2025-07-22 11:00:00-04:00,1.1745892404436837,TP,0.00018,3.0,2.7808,2780.83
2025-07-30 08:00:00-04:00,SHORT,Breakout,1.14718,1.152186878599626,1.132159364201122,2025-08-01 08:00:00-04:00,1.152186878599626,SL,0.000179,-1.0,-1.0359,-1035.85
2025-08-05 03:00:00-04:00,SHORT,Breakout,1.15452,1.1551924824857576,1.1525025525427273,2025-08-05 09:00:00-04:00,1.1551924824857576,SL,0.000189,-1.0,-1.2815,-1281.54
2025-08-06 02:00:00-04:00,SHORT,Bounce,1.15775,1.1587744382575242,1.1546766852274275,2025-08-06 06:00:00-04:00,1.1587744382575242,SL,0.000187,-1.0,-1.1829,-1182.86
2025-08-13 09:00:00-04:00,LONG,Breakout,1.17035,1.1693273813010074,1.1734178560969777,2025-08-14 02:00:00-04:00,1.1693273813010074,SL,0.000179,-1.0,-1.1749,-1174.88
2025-08-20 02:00:00-04:00,SHORT,Breakout,1.16324,1.1640664550369961,1.1607606348890118,2025-08-20 03:00:00-04:00,1.1640664550369961,SL,0.000192,-1.0,-1.2321,-1232.12
2025-08-27 04:00:00-04:00,SHORT,Breakout,1.1588,1.1603909016806258,1.154027294958123,2025-08-27 11:00:00-04:00,1.1603909016806258,SL,0.000186,-1.0,-1.1171,-1117.12
2025-09-01 10:00:00-04:00,LONG,Breakout,1.17102,1.17057146317521,1.1723656104743698,2025-09-01 11:00:00-04:00,1.17057146317521,SL,0.000179,-1.0,-1.3991,-1399.08
2025-09-09 05:00:00-04:00,LONG,Breakout,1.17666,1.1756185028537036,1.1797844914388893,2025-09-09 06:00:00-04:00,1.1756185028537036,SL,0.000188,-1.0,-1.1805,-1180.51
2025-09-15 05:00:00-04:00,LONG,Breakout,1.17451,1.1738651855678672,1.176444443296398,2025-09-15 08:00:00-04:00,1.176444443296398,TP,0.000185,3.0,2.7131,2713.1
2025-09-19 11:00:00-04:00,LONG,Bounce,1.17515,1.1746139885887394,1.1767580342337813,2025-09-19 12:00:00-04:00,1.1746139885887394,SL,0.000179,-1.0,-1.3343,-1334.26
2025-10-01 02:00:00-04:00,LONG,Breakout,1.17673,1.1758023739879429,1.1795128780361717,2025-10-01 03:00:00-04:00,1.1758023739879429,SL,0.000189,-1.0,-1.2039,-1203.93
2025-10-09 10:00:00-04:00,SHORT,Breakout,1.15804,1.1600228625761315,1.1520914122716053,2025-10-10 11:00:00-04:00,1.1600228625761315,SL,0.00018,-1.0,-1.0908,-1090.78
2025-10-14 03:00:00-04:00,SHORT,Breakout,1.15484,1.156117769588982,1.1510066912330545,2025-10-14 05:00:00-04:00,1.156117769588982,SL,0.00019,-1.0,-1.1487,-1148.7
2025-10-14 05:00:00-04:00,SHORT,Breakout,1.15544,1.1561155360231528,1.1534133919305418,2025-10-14 08:00:00-04:00,1.1561155360231528,SL,0.000186,-1.0,-1.2758,-1275.83
2025-10-15 08:00:00-04:00,SHORT,Bounce,1.16165,1.1631734141814385,1.1570797574556848,2025-10-15 11:00:00-04:00,1.1631734141814385,SL,0.00018,-1.0,-1.118,-1118.05
2025-10-28 10:00:00-04:00,LONG,Breakout,1.16595,1.164438336977874,1.1704849890663784,2025-10-28 22:00:00-04:00,1.164438336977874,SL,0.000179,-1.0,-1.1187,-1118.74
2025-10-31 09:00:00-04:00,SHORT,Breakout,1.15378,1.1548676519435335,1.1505170441693997,2025-11-03 08:00:00-05:00,1.1505170441693997,TP,0.000179,3.0,2.8359,2835.88
2025-11-04 04:00:00-05:00,SHORT,Breakout,1.15002,1.1506152731668287,1.1482341804995142,2025-11-04 05:00:00-05:00,1.1506152731668287,SL,0.000186,-1.0,-1.3119,-1311.9
2025-11-04 06:00:00-05:00,SHORT,Breakout,1.14894,1.1506247304346635,1.1438858086960098,2025-11-05 20:00:00-05:00,1.1506247304346635,SL,0.000184,-1.0,-1.1092,-1109.22
2025-11-21 03:00:00-05:00,SHORT,Bounce,1.1540300000000001,1.155133420142971,1.1507197395710873,2025-11-21 06:00:00-05:00,1.1507197395710873,TP,0.000188,3.0,2.8298,2829.77
2025-11-26 09:00:00-05:00,LONG,Breakout,1.15783,1.1546607185949043,1.1673378442152869,2025-12-03 08:00:00-05:00,1.1673378442152869,TP,0.000179,3.0,2.9436,2943.57
2025-12-04 01:00:00-05:00,LONG,Retest,1.16568,1.1649492090665796,1.1678723728002613,2025-12-04 03:00:00-05:00,1.1678723728002613,TP,0.000177,3.0,2.7578,2757.8
2025-12-04 06:00:00-05:00,LONG,Breakout,1.1679,1.1675233727166463,1.1690298818500608,2025-12-04 07:00:00-05:00,1.1675233727166463,SL,0.000181,-1.0,-1.4815,-1481.47
2025-12-09 10:00:00-05:00,LONG,Bounce,1.16281,1.161316516510925,1.1672904504672248,2025-12-10 14:00:00-05:00,1.1672904504672248,TP,0.000179,3.0,2.8801,2880.15
2025-12-15 09:00:00-05:00,LONG,Breakout,1.17631,1.1746936397945005,1.1811590806164984,2025-12-15 12:00:00-05:00,1.1746936397945005,SL,0.000179,-1.0,-1.1107,-1110.74
2025-12-16 06:00:00-05:00,LONG,Retest,1.1762,1.174716431140473,1.1806507065785807,2025-12-16 13:00:00-05:00,1.174716431140473,SL,0.000176,-1.0,-1.1183,-1118.3
2025-12-19 08:00:00-05:00,LONG,Bounce,1.17187,1.1709559495368702,1.1746121513893892,2025-12-19 10:00:00-05:00,1.1709559495368702,SL,0.000177,-1.0,-1.1933,-1193.28
2025-12-22 07:00:00-05:00,LONG,Breakout,1.17404,1.173493124422669,1.175680626731993,2025-12-22 09:00:00-05:00,1.175680626731993,TP,0.000177,3.0,2.677,2676.95
2025-12-30 10:00:00-05:00,LONG,Bounce,1.17585,1.1746509989707243,1.1794470030878272,2025-12-30 14:00:00-05:00,1.1746509989707243,SL,0.000178,-1.0,-1.1487,-1148.73
2026-01-02 09:00:00-05:00,LONG,Bounce,1.17275,1.171682514162353,1.1759524575129408,2026-01-02 13:00:00-05:00,1.171682514162353,SL,0.000178,-1.0,-1.1666,-1166.59
2026-01-08 03:00:00-05:00,SHORT,Breakout,1.16703,1.1673550824865913,1.1660547525402263,2026-01-08 04:00:00-05:00,1.1673550824865913,SL,0.000185,-1.0,-1.5675,-1567.55
2026-01-08 08:00:00-05:00,SHORT,Breakout,1.16622,1.1673680986190536,1.1627757041428395,2026-01-09 08:00:00-05:00,1.1627757041428395,TP,0.000177,3.0,2.8458,2845.83
2026-01-09 09:00:00-05:00,SHORT,Breakout,1.16353,1.1643599436935643,1.1610401689193068,2026-01-11 19:00:00-05:00,1.1643599436935643,SL,0.00018,-1.0,-1.2165,-1216.48
2026-01-15 06:00:00-05:00,SHORT,Breakout,1.163,1.1634953936091625,1.1615138191725125,2026-01-15 08:00:00-05:00,1.1615138191725125,TP,0.00018,3.0,2.636,2635.98
2026-01-23 11:00:00-05:00,LONG,Breakout,1.17694,1.1756129531171648,1.1809211406485058,2026-01-23 14:00:00-05:00,1.1809211406485058,TP,0.000179,3.0,2.8651,2865.11
2026-01-27 07:00:00-05:00,LONG,Breakout,1.19276,1.1903002762632846,1.2001391712101463,2026-01-27 15:00:00-05:00,1.2001391712101463,TP,0.000179,3.0,2.9271,2927.09
2026-01-29 21:00:00-05:00,LONG,Bounce,1.19178,1.1900369629065701,1.1970091112802899,2026-01-30 04:00:00-05:00,1.1900369629065701,SL,0.000199,-1.0,-1.1139,-1113.88
2026-02-24 08:00:00-05:00,SHORT,Breakout,1.1771,1.1775762920741117,1.175671123777665,2026-02-24 09:00:00-05:00,1.1775762920741117,SL,0.000177,-1.0,-1.3706,-1370.57
2026-02-24 16:00:00-05:00,SHORT,Retest,1.17723,1.1775623201207475,1.1762330396377576,2026-02-24 17:00:00-05:00,1.1775623201207475,SL,0.000318,-1.0,-1.9558,-1955.81
2026-03-06 07:00:00-05:00,SHORT,Breakout,1.15542,1.1560946130103096,1.1533961609690708,2026-03-06 08:00:00-05:00,1.1560946130103096,SL,0.00018,-1.0,-1.2668,-1266.82
2026-03-09 04:00:00-04:00,SHORT,Breakout,1.15336,1.1562797473448068,1.1446007579655795,2026-03-09 05:00:00-04:00,1.1562797473448068,SL,0.00019,-1.0,-1.0651,-1065.07
2026-03-11 05:00:00-04:00,SHORT,Breakout,1.15915,1.1603758362709005,1.1554724911872982,2026-03-11 06:00:00-04:00,1.1603758362709005,SL,0.00019,-1.0,-1.155,-1155.0
2026-03-23 05:00:00-04:00,SHORT,Breakout,1.14942,1.152711424470579,1.1395457265882636,2026-03-23 07:00:00-04:00,1.152711424470579,SL,0.00014,-1.0,-1.0425,-1042.53
2026-03-30 08:00:00-04:00,SHORT,Breakout,1.14821,1.1488732310228782,1.1462203069313652,2026-03-30 09:00:00-04:00,1.1462203069313652,TP,0.00014,3.0,2.7889,2788.91
2026-04-06 10:00:00-04:00,SHORT,Bounce,1.15428,1.1551637811142481,1.1516286566572556,2026-04-06 14:00:00-04:00,1.1551637811142481,SL,0.00014,-1.0,-1.1584,-1158.41
2026-04-10 09:00:00-04:00,LONG,Breakout,1.17264,1.1720271100769357,1.1744786697691925,2026-04-10 10:00:00-04:00,1.1720271100769357,SL,0.00016,-1.0,-1.2611,-1261.06
2026-04-10 16:00:00-04:00,LONG,Retest,1.17283,1.1720329871684891,1.1752210384945327,2026-04-12 17:00:00-04:00,1.1720329871684891,SL,0.000225,-1.0,-1.2824,-1282.42
2026-04-13 14:00:00-04:00,LONG,Breakout,1.17631,1.1735823113552797,1.1844930659341608,2026-04-17 09:00:00-04:00,1.1844930659341608,TP,0.00016,3.0,2.9413,2941.34
2026-04-21 14:00:00-04:00,LONG,Bounce,1.17393,1.1724020831841406,1.1785137504475778,2026-04-21 15:00:00-04:00,1.1724020831841406,SL,0.00016,-1.0,-1.1047,-1104.72
2026-05-06 06:00:00-04:00,LONG,Breakout,1.1788,1.1781207182242361,1.1808378453272919,2026-05-06 07:00:00-04:00,1.1781207182242361,SL,0.00016,-1.0,-1.2355,-1235.54
2026-05-19 10:00:00-04:00,SHORT,Breakout,1.15951,1.1609545446344895,1.1551763660965315,2026-05-19 13:00:00-04:00,1.1609545446344895,SL,0.00014,-1.0,-1.0969,-1096.92
2026-05-20 00:00:00-04:00,SHORT,Retest,1.15968,1.1609151344616908,1.1559745966149277,2026-05-20 10:00:00-04:00,1.1609151344616908,SL,0.00016,-1.0,-1.1295,-1129.54
2026-05-27 08:00:00-04:00,SHORT,Bounce,1.16429,1.1646596164074128,1.1631811507777619,2026-05-27 09:00:00-04:00,1.1646596164074128,SL,0.00014,-1.0,-1.3788,-1378.77
2026-05-27 09:00:00-04:00,SHORT,Bounce,1.16405,1.1646616438068833,1.1622150685793502,2026-05-27 10:00:00-04:00,1.1646616438068833,SL,0.00014,-1.0,-1.2289,-1228.89
2026-05-27 10:00:00-04:00,SHORT,Bounce,1.16251,1.1646879549635345,1.1559761351093962,2026-05-28 10:00:00-04:00,1.1646879549635345,SL,0.00014,-1.0,-1.0643,-1064.28
2026-06-03 04:00:00-04:00,SHORT,Breakout,1.16073,1.16145572010266,1.15855283969202,2026-06-03 05:00:00-04:00,1.16145572010266,SL,0.00014,-1.0,-1.1929,-1192.91
2026-06-03 08:00:00-04:00,SHORT,Breakout,1.16001,1.161473315593817,1.1556200532185488,2026-06-04 05:00:00-04:00,1.161473315593817,SL,0.00014,-1.0,-1.0957,-1095.67
2026-06-05 08:00:00-04:00,SHORT,Breakout,1.15854,1.160782609218866,1.1518121723434016,2026-06-05 15:00:00-04:00,1.1518121723434016,TP,0.00014,3.0,2.9376,2937.57
2026-06-11 10:00:00-04:00,SHORT,Breakout,1.15183,1.152710590574001,1.1491882282779968,2026-06-11 13:00:00-04:00,1.152710590574001,SL,0.00014,-1.0,-1.159,-1158.98
2026-06-18 06:00:00-04:00,SHORT,Breakout,1.14605,1.1480033443905107,1.140189966828468,2026-06-18 08:00:00-04:00,1.1480033443905107,SL,0.00014,-1.0,-1.0717,-1071.67
2026-06-18 11:00:00-04:00,SHORT,Breakout,1.14688,1.1480379117011994,1.1434062648964014,2026-06-19 00:00:00-04:00,1.1434062648964014,TP,0.00014,3.0,2.8791,2879.09
2026-06-23 03:00:00-04:00,SHORT,Breakout,1.14114,1.1418317394736257,1.139064781579123,2026-06-23 07:00:00-04:00,1.139064781579123,TP,0.00014,3.0,2.7976,2797.61
2026-07-01 08:00:00-04:00,SHORT,Breakout,1.13707,1.1384481012209313,1.1329356963372061,2026-07-01 09:00:00-04:00,1.1384481012209313,SL,0.00014,-1.0,-1.1016,-1101.59
2026-07-01 13:00:00-04:00,SHORT,Retest,1.13803,1.1385056578408983,1.1366030264773055,2026-07-01 21:00:00-04:00,1.1385056578408983,SL,0.00014,-1.0,-1.2943,-1294.33
2026-07-06 05:00:00-04:00,SHORT,Breakout,1.14128,1.1421462315136146,1.1386813054591565,2026-07-06 09:00:00-04:00,1.1421462315136146,SL,0.00014,-1.0,-1.1616,-1161.62
2026-07-08 05:00:00-04:00,SHORT,Breakout,1.1404,1.1409680913955846,1.1386957258132464,2026-07-08 06:00:00-04:00,1.1409680913955846,SL,0.00014,-1.0,-1.2464,-1246.44
2026-07-08 07:00:00-04:00,SHORT,Breakout,1.13973,1.1409802522747643,1.1359792431757068,2026-07-08 09:00:00-04:00,1.1409802522747643,SL,0.00014,-1.0,-1.112,-1111.98
2026-07-08 11:00:00-04:00,SHORT,Breakout,1.1394199999999999,1.1410010198151692,1.1346769405544919,2026-07-08 12:00:00-04:00,1.1410010198151692,SL,0.00014,-1.0,-1.0886,-1088.55
2026-07-09 08:00:00-04:00,SHORT,Bounce,1.1424400000000001,1.1432989359312047,1.1398631922063864,2026-07-09 09:00:00-04:00,1.1432989359312047,SL,0.00014,-1.0,-1.163,-1162.99
2026-07-30 09:00:00-04:00,LONG,Breakout,1.15232,1.1471042469942205,1.1679672590173384,2026-07-31 09:00:00-04:00,1.1471042469942205,SL,0.00014,-1.0,-1.0268,-1026.84
2026-08-07 08:00:00-04:00,LONG,Breakout,1.15723,1.1557223672720107,1.1617528981839678,2026-08-07 09:00:00-04:00,1.1557223672720107,SL,0.00014,-1.0,-1.0929,-1092.86
2026-08-12 08:00:00-04:00,LONG,Breakout,1.15591,1.154624912905622,1.1597652612831337,2026-08-12 09:00:00-04:00,1.154624912905622,SL,0.00014,-1.0,-1.1089,-1108.94
2026-08-13 08:00:00-04:00,LONG,Bounce,1.15435,1.1529267405342094,1.1586197783973717,2026-08-13 11:00:00-04:00,1.1529267405342094,SL,0.00014,-1.0,-1.0984,-1098.37
2026-08-14 03:00:00-04:00,LONG,Breakout,1.155,1.1543704946503355,1.1568885160489937,2026-08-14 07:00:00-04:00,1.1568885160489937,TP,0.00014,3.0,2.7776,2777.6
2026-08-17 11:00:00-04:00,LONG,Breakout,1.15892,1.158304159359215,1.160767521922355,2026-08-17 13:00:00-04:00,1.158304159359215,SL,0.00014,-1.0,-1.2273,-1227.33
2026-08-19 02:00:00-04:00,LONG,Breakout,1.1593499999999999,1.1586400764369733,1.1614797706890796,2026-08-19 08:00:00-04:00,1.1614797706890796,TP,0.00014,3.0,2.8028,2802.8
