trade_num,entry_time,result,pnl,cumulative_pnl
1,2024-12-10T15:30:00+00:00,LOSS,-101.64,-101.64
2,2024-12-11T19:25:00+00:00,LOSS,-99.13,-200.77
3,2024-12-19T15:35:00+00:00,LOSS,-100.13,-300.90
4,2024-12-23T15:45:00+00:00,LOSS,-97.73,-398.63
5,2024-12-26T16:45:00+00:00,LOSS,-97.17,-495.80
6,2024-12-27T15:45:00+00:00,WIN,184.18,-311.62
7,2025-01-06T17:35:00+00:00,LOSS,-97.03,-408.65
8,2025-01-08T15:05:00+00:00,LOSS,-96.57,-505.22
9,2025-01-09T15:30:00+00:00,LOSS,-96.39,-601.61
10,2025-01-10T15:00:00+00:00,LOSS,-95.85,-697.46
11,2025-01-13T16:05:00+00:00,LOSS,-94.16,-791.62
12,2025-01-14T15:35:00+00:00,LOSS,-92.56,-884.18
13,2025-01-15T15:35:00+00:00,WIN,181.70,-702.48
14,2025-01-22T15:15:00+00:00,WIN,177.73,-524.75
15,2025-01-23T16:40:00+00:00,LOSS,-96.56,-621.31
16,2025-01-24T16:20:00+00:00,LOSS,-95.43,-716.74
17,2025-01-27T15:10:00+00:00,WIN,182.08,-534.66
18,2025-01-28T14:55:00+00:00,LOSS,-95.88,-630.54
19,2025-01-29T14:55:00+00:00,WIN,180.19,-450.35
20,2025-01-30T15:10:00+00:00,LOSS,-96.89,-547.24
21,2025-01-31T15:35:00+00:00,LOSS,-96.44,-643.68
22,2025-02-03T15:05:00+00:00,WIN,181.83,-461.85
23,2025-02-04T15:10:00+00:00,LOSS,-97.46,-559.31
24,2025-02-05T15:10:00+00:00,LOSS,-96.09,-655.40
25,2025-02-06T15:50:00+00:00,WIN,178.94,-476.46
26,2025-02-07T15:10:00+00:00,LOSS,-97.06,-573.52
27,2025-02-10T15:15:00+00:00,WIN,182.16,-391.36
28,2025-02-12T15:00:00+00:00,LOSS,-97.99,-489.35
29,2025-02-13T15:30:00+00:00,WIN,181.40,-307.95
30,2025-02-14T15:35:00+00:00,WIN,187.67,-120.28
31,2025-02-17T16:30:00+00:00,WIN,189.26,68.98
32,2025-02-18T15:05:00+00:00,LOSS,-102.78,-33.80
33,2025-02-19T15:00:00+00:00,WIN,191.03,157.23
34,2025-02-20T16:05:00+00:00,LOSS,-103.81,53.42
35,2025-02-21T15:45:00+00:00,LOSS,-101.83,-48.41
36,2025-02-24T16:35:00+00:00,WIN,192.63,144.22
37,2025-02-25T14:55:00+00:00,LOSS,-103.05,41.17
38,2025-02-26T15:25:00+00:00,LOSS,-102.00,-60.83
39,2025-02-27T14:55:00+00:00,WIN,192.69,131.86
40,2025-02-28T15:35:00+00:00,LOSS,-102.58,29.28
41,2025-03-03T15:40:00+00:00,LOSS,-101.77,-72.49
42,2025-03-04T14:55:00+00:00,WIN,192.33,119.84
43,2025-03-05T19:55:00+00:00,LOSS,-102.31,17.53
44,2025-03-06T15:05:00+00:00,LOSS,-101.47,-83.94
45,2025-03-07T15:15:00+00:00,LOSS,-100.97,-184.91
46,2025-03-11T14:00:00+00:00,LOSS,-99.90,-284.81
47,2025-03-12T14:05:00+00:00,LOSS,-98.55,-383.36
48,2025-03-13T13:55:00+00:00,LOSS,-97.96,-481.32
49,2025-03-14T15:35:00+00:00,LOSS,-95.79,-577.11
50,2025-03-17T14:05:00+00:00,LOSS,-95.56,-672.67
51,2025-03-18T14:30:00+00:00,LOSS,-95.15,-767.82
52,2025-03-19T14:05:00+00:00,LOSS,-94.31,-862.13
53,2025-03-20T14:50:00+00:00,WIN,174.30,-687.83
54,2025-03-21T13:55:00+00:00,LOSS,-94.43,-782.26
55,2025-03-24T14:25:00+00:00,LOSS,-94.24,-876.50
56,2025-03-25T15:05:00+00:00,LOSS,-92.61,-969.11
57,2025-03-26T14:05:00+00:00,WIN,172.74,-796.37
58,2025-03-27T14:00:00+00:00,LOSS,-93.42,-889.79
59,2025-03-28T14:00:00+00:00,LOSS,-92.87,-982.66
60,2025-03-31T14:10:00+00:00,LOSS,-90.95,-1073.61
61,2025-04-01T14:15:00+00:00,LOSS,-90.62,-1164.23
62,2025-04-02T14:05:00+00:00,WIN,171.25,-992.98
63,2025-04-03T14:15:00+00:00,LOSS,-91.15,-1084.13
64,2025-04-04T15:40:00+00:00,LOSS,-89.59,-1173.72
65,2025-04-07T15:30:00+00:00,WIN,171.83,-1001.89
66,2025-04-08T14:20:00+00:00,WIN,173.86,-828.03
67,2025-04-09T14:05:00+00:00,LOSS,-91.96,-919.99
68,2025-04-10T15:35:00+00:00,WIN,178.31,-741.68
69,2025-04-11T14:15:00+00:00,WIN,182.14,-559.54
70,2025-04-14T14:55:00+00:00,LOSS,-96.14,-655.68
71,2025-04-15T14:15:00+00:00,WIN,181.20,-474.48
72,2025-04-16T14:05:00+00:00,LOSS,-96.50,-570.98
73,2025-04-17T14:00:00+00:00,LOSS,-95.67,-666.65
74,2025-04-21T14:00:00+00:00,LOSS,-94.66,-761.31
75,2025-04-22T14:10:00+00:00,LOSS,-93.93,-855.24
76,2025-04-23T14:45:00+00:00,LOSS,-93.06,-948.30
77,2025-04-25T14:10:00+00:00,LOSS,-91.95,-1040.25
78,2025-04-28T13:55:00+00:00,LOSS,-90.81,-1131.06
79,2025-04-29T14:00:00+00:00,LOSS,-90.75,-1221.81
80,2025-04-30T14:00:00+00:00,LOSS,-89.28,-1311.09
81,2025-05-01T14:05:00+00:00,LOSS,-88.18,-1399.27
82,2025-05-02T14:35:00+00:00,LOSS,-87.25,-1486.52
83,2025-05-05T13:55:00+00:00,LOSS,-86.80,-1573.32
84,2025-05-06T14:00:00+00:00,LOSS,-86.15,-1659.47
85,2025-05-07T14:05:00+00:00,LOSS,-84.80,-1744.27
86,2025-05-08T18:45:00+00:00,LOSS,-83.25,-1827.52
87,2025-05-09T14:05:00+00:00,LOSS,-83.71,-1911.23
88,2025-05-12T14:00:00+00:00,LOSS,-81.84,-1993.07
89,2025-05-13T13:55:00+00:00,WIN,154.48,-1838.59
90,2025-05-14T14:05:00+00:00,LOSS,-82.55,-1921.14
91,2025-05-15T14:05:00+00:00,WIN,156.65,-1764.49
92,2025-05-16T14:50:00+00:00,LOSS,-83.93,-1848.42
93,2025-05-19T14:05:00+00:00,LOSS,-82.93,-1931.35
94,2025-05-20T14:00:00+00:00,LOSS,-81.95,-2013.30
95,2025-05-21T16:35:00+00:00,WIN,156.75,-1856.55
96,2025-05-22T14:05:00+00:00,LOSS,-82.92,-1939.47
97,2025-05-23T14:00:00+00:00,LOSS,-82.20,-2021.67
98,2025-05-26T15:20:00+00:00,LOSS,-81.49,-2103.16
99,2025-05-28T13:55:00+00:00,LOSS,-80.35,-2183.51
100,2025-05-29T13:55:00+00:00,WIN,151.91,-2031.60
101,2025-05-30T14:10:00+00:00,LOSS,-80.90,-2112.50
102,2025-06-02T13:55:00+00:00,WIN,152.01,-1960.49
103,2025-06-03T14:00:00+00:00,WIN,156.45,-1804.04
104,2025-06-04T13:55:00+00:00,LOSS,-83.43,-1887.47
105,2025-06-05T14:15:00+00:00,LOSS,-82.22,-1969.69
106,2025-06-06T13:55:00+00:00,LOSS,-82.05,-2051.74
107,2025-06-09T13:55:00+00:00,LOSS,-81.29,-2133.03
108,2025-06-10T14:10:00+00:00,LOSS,-79.77,-2212.80
109,2025-06-11T14:15:00+00:00,LOSS,-78.97,-2291.77
110,2025-06-12T14:00:00+00:00,LOSS,-78.88,-2370.65
111,2025-06-13T16:20:00+00:00,WIN,147.01,-2223.64
112,2025-06-16T13:55:00+00:00,WIN,148.94,-2074.70
113,2025-06-17T13:55:00+00:00,WIN,153.20,-1921.50
114,2025-06-18T13:55:00+00:00,LOSS,-81.83,-2003.33
115,2025-06-19T13:55:00+00:00,LOSS,-81.55,-2084.88
116,2025-06-20T14:10:00+00:00,WIN,151.57,-1933.31
117,2025-06-23T14:05:00+00:00,WIN,154.18,-1779.13
118,2025-06-24T14:10:00+00:00,LOSS,-83.72,-1862.85
119,2025-06-25T14:05:00+00:00,WIN,155.00,-1707.85
120,2025-06-26T15:35:00+00:00,LOSS,-83.87,-1791.72
121,2025-06-27T14:05:00+00:00,LOSS,-83.58,-1875.30
122,2025-06-30T14:05:00+00:00,WIN,156.48,-1718.82
123,2025-07-01T14:05:00+00:00,LOSS,-84.40,-1803.22
124,2025-07-03T14:45:00+00:00,WIN,157.47,-1645.75
125,2025-07-04T13:55:00+00:00,LOSS,-84.62,-1730.37
126,2025-07-07T15:10:00+00:00,LOSS,-84.44,-1814.81
127,2025-07-08T14:45:00+00:00,LOSS,-83.50,-1898.31
128,2025-07-09T14:15:00+00:00,WIN,154.31,-1744.00
129,2025-07-10T14:15:00+00:00,LOSS,-84.36,-1828.36
130,2025-07-11T15:35:00+00:00,LOSS,-82.72,-1911.08
131,2025-07-14T14:45:00+00:00,WIN,155.74,-1755.34
132,2025-07-15T14:50:00+00:00,LOSS,-84.11,-1839.45
133,2025-09-10T14:35:00+00:00,WIN,156.34,-1683.11
134,2025-09-11T14:50:00+00:00,LOSS,-84.93,-1768.04
135,2025-09-12T14:50:00+00:00,LOSS,-84.06,-1852.10
136,2025-09-15T14:05:00+00:00,WIN,156.15,-1695.95
137,2025-09-16T14:20:00+00:00,WIN,159.40,-1536.55
138,2025-09-17T14:15:00+00:00,LOSS,-86.39,-1622.94
139,2025-09-18T14:05:00+00:00,LOSS,-84.98,-1707.92
140,2025-09-19T15:05:00+00:00,WIN,160.46,-1547.46
141,2025-09-22T13:55:00+00:00,LOSS,-86.51,-1633.97
142,2025-09-23T14:15:00+00:00,LOSS,-85.00,-1718.97
143,2025-09-24T13:55:00+00:00,LOSS,-84.82,-1803.79
144,2025-09-25T14:05:00+00:00,WIN,156.80,-1646.99
145,2025-09-26T14:10:00+00:00,WIN,161.97,-1485.02
146,2025-09-29T15:05:00+00:00,LOSS,-86.58,-1571.60
147,2025-09-30T13:55:00+00:00,LOSS,-85.67,-1657.27
148,2025-10-01T14:05:00+00:00,WIN,158.91,-1498.36
149,2025-10-02T14:10:00+00:00,WIN,162.82,-1335.54
150,2025-10-03T14:20:00+00:00,WIN,166.63,-1168.91
151,2025-10-06T13:55:00+00:00,LOSS,-89.49,-1258.40
152,2025-10-07T14:00:00+00:00,LOSS,-89.28,-1347.68
153,2025-10-08T14:20:00+00:00,LOSS,-88.58,-1436.26
154,2025-10-09T15:05:00+00:00,LOSS,-87.29,-1523.55
155,2025-10-10T14:00:00+00:00,WIN,162.85,-1360.70
156,2025-10-13T14:05:00+00:00,WIN,168.40,-1192.30
157,2025-10-14T14:00:00+00:00,WIN,170.05,-1022.25
158,2025-10-15T14:20:00+00:00,LOSS,-91.60,-1113.85
159,2025-10-16T14:25:00+00:00,LOSS,-90.30,-1204.15
160,2025-10-17T13:55:00+00:00,WIN,168.66,-1035.49
161,2025-10-20T14:55:00+00:00,WIN,170.63,-864.86
162,2025-10-22T14:05:00+00:00,WIN,178.22,-686.64
163,2025-10-23T14:05:00+00:00,LOSS,-94.24,-780.88
164,2025-10-24T15:35:00+00:00,WIN,182.70,-598.18
165,2025-10-27T14:40:00+00:00,LOSS,-96.05,-694.23
166,2025-10-28T14:20:00+00:00,WIN,180.05,-514.18
167,2025-10-29T15:35:00+00:00,LOSS,-96.99,-611.17
168,2025-10-30T14:10:00+00:00,WIN,183.02,-428.15
169,2025-10-31T13:55:00+00:00,LOSS,-97.30,-525.45
170,2025-11-03T15:05:00+00:00,LOSS,-96.20,-621.65
171,2025-11-04T16:20:00+00:00,WIN,178.99,-442.66
172,2025-11-05T15:00:00+00:00,WIN,182.24,-260.42
173,2025-11-06T15:25:00+00:00,LOSS,-98.74,-359.16
174,2025-11-07T15:20:00+00:00,LOSS,-98.52,-457.68
175,2025-11-10T14:55:00+00:00,WIN,184.05,-273.63
176,2025-11-11T15:10:00+00:00,LOSS,-98.75,-372.38
177,2025-11-12T15:50:00+00:00,LOSS,-98.24,-470.62
178,2025-11-14T15:05:00+00:00,LOSS,-96.09,-566.71
179,2025-11-17T14:55:00+00:00,WIN,183.83,-382.88
180,2025-11-18T15:05:00+00:00,LOSS,-97.69,-480.57
181,2025-11-19T15:00:00+00:00,WIN,183.65,-296.92
182,2025-11-20T18:05:00+00:00,WIN,188.34,-108.58
183,2025-11-21T16:55:00+00:00,LOSS,-99.34,-207.92
184,2025-11-24T16:00:00+00:00,WIN,188.65,-19.27
185,2025-11-25T15:20:00+00:00,LOSS,-101.34,-120.61
186,2025-11-26T17:00:00+00:00,WIN,191.07,70.46
187,2025-11-27T16:55:00+00:00,LOSS,-103.03,-32.57
188,2025-12-01T15:10:00+00:00,WIN,191.99,159.42
189,2025-12-02T14:55:00+00:00,WIN,194.82,354.24
190,2025-12-03T15:15:00+00:00,LOSS,-105.38,248.86
191,2025-12-04T15:05:00+00:00,LOSS,-104.90,143.96
192,2025-12-05T15:20:00+00:00,WIN,195.00,338.96
193,2025-12-08T16:05:00+00:00,LOSS,-104.87,234.09
194,2025-12-09T15:25:00+00:00,WIN,197.64,431.73
195,2025-12-10T15:00:00+00:00,WIN,198.77,630.50
196,2025-12-11T15:10:00+00:00,WIN,206.67,837.17
197,2025-12-12T14:55:00+00:00,LOSS,-109.96,727.21
198,2025-12-15T16:35:00+00:00,WIN,208.94,936.15
199,2025-12-16T15:00:00+00:00,LOSS,-111.71,824.44
200,2025-12-17T15:15:00+00:00,WIN,211.93,1036.37
201,2025-12-19T14:55:00+00:00,LOSS,-111.96,924.41
202,2025-12-22T15:25:00+00:00,LOSS,-110.96,813.45
203,2025-12-23T15:00:00+00:00,LOSS,-110.63,702.82
204,2025-12-24T15:55:00+00:00,LOSS,-109.06,593.76
205,2025-12-26T15:35:00+00:00,LOSS,-108.20,485.56
206,2025-12-29T15:20:00+00:00,WIN,200.27,685.83
207,2025-12-30T15:35:00+00:00,WIN,203.67,889.50
208,2025-12-31T15:20:00+00:00,WIN,207.54,1097.04
209,2026-01-02T15:55:00+00:00,LOSS,-113.30,983.74
210,2026-01-05T15:10:00+00:00,LOSS,-112.17,871.57
211,2026-01-06T15:00:00+00:00,LOSS,-110.91,760.66
212,2026-01-07T15:40:00+00:00,WIN,207.37,968.03
213,2026-01-08T15:15:00+00:00,LOSS,-111.39,856.64
214,2026-01-09T15:00:00+00:00,WIN,210.21,1066.85
215,2026-01-12T14:55:00+00:00,LOSS,-112.79,954.06
216,2026-01-13T14:55:00+00:00,LOSS,-112.08,841.98
217,2026-01-14T15:05:00+00:00,LOSS,-110.80,731.18
218,2026-01-15T14:55:00+00:00,WIN,207.65,938.83
219,2026-01-16T14:55:00+00:00,LOSS,-111.18,827.65
220,2026-01-19T15:10:00+00:00,LOSS,-110.52,717.13
221,2026-01-20T15:15:00+00:00,LOSS,-108.35,608.78
222,2026-01-21T14:55:00+00:00,LOSS,-108.30,500.48
223,2026-01-22T15:05:00+00:00,LOSS,-106.54,393.94
224,2026-01-23T15:30:00+00:00,LOSS,-105.04,288.90
225,2026-01-26T15:10:00+00:00,LOSS,-105.21,183.69
226,2026-01-27T15:50:00+00:00,WIN,197.43,381.12
227,2026-01-28T15:15:00+00:00,WIN,199.64,580.76
228,2026-01-29T15:10:00+00:00,LOSS,-108.24,472.52
229,2026-01-30T16:35:00+00:00,LOSS,-106.00,366.52
230,2026-02-02T16:15:00+00:00,WIN,201.62,568.14
231,2026-02-03T15:25:00+00:00,LOSS,-108.15,459.99
232,2026-02-04T15:05:00+00:00,WIN,204.28,664.27
233,2026-02-05T14:55:00+00:00,LOSS,-108.37,555.90
234,2026-02-06T14:55:00+00:00,LOSS,-107.15,448.75
235,2026-02-09T15:00:00+00:00,WIN,200.54,649.29
236,2026-02-10T16:35:00+00:00,WIN,206.84,856.13
237,2026-02-11T15:20:00+00:00,WIN,210.22,1066.35
238,2026-02-12T14:55:00+00:00,LOSS,-112.98,953.37
239,2026-02-13T15:00:00+00:00,WIN,211.50,1164.87
240,2026-02-16T15:50:00+00:00,WIN,213.60,1378.47
241,2026-02-17T15:35:00+00:00,LOSS,-115.58,1262.89
242,2026-02-18T15:30:00+00:00,LOSS,-114.06,1148.83
243,2026-02-19T14:55:00+00:00,WIN,212.88,1361.71
244,2026-02-20T15:00:00+00:00,LOSS,-115.28,1246.43
245,2026-02-23T15:10:00+00:00,WIN,218.11,1464.54
246,2026-02-24T15:05:00+00:00,WIN,220.65,1685.19
247,2026-02-25T15:15:00+00:00,LOSS,-119.21,1565.98
248,2026-02-26T15:05:00+00:00,LOSS,-117.59,1448.39
249,2026-02-27T15:10:00+00:00,WIN,222.68,1671.07
250,2026-03-02T14:55:00+00:00,LOSS,-118.51,1552.56
251,2026-03-03T15:05:00+00:00,WIN,222.93,1775.49
252,2026-03-04T15:00:00+00:00,WIN,229.89,2005.38
253,2026-03-05T16:45:00+00:00,LOSS,-121.40,1883.98
254,2026-03-06T15:35:00+00:00,WIN,227.10,2111.08
255,2026-03-09T13:55:00+00:00,LOSS,-123.64,1987.44
256,2026-03-10T15:25:00+00:00,WIN,230.71,2218.15
257,2026-03-11T14:00:00+00:00,LOSS,-124.10,2094.05
258,2026-03-12T13:55:00+00:00,WIN,237.11,2331.16
259,2026-03-13T14:30:00+00:00,WIN,236.43,2567.59
260,2026-03-16T15:35:00+00:00,LOSS,-126.42,2441.17
261,2026-03-17T13:55:00+00:00,LOSS,-126.09,2315.08
262,2026-03-18T13:55:00+00:00,WIN,234.71,2549.79
263,2026-03-19T13:55:00+00:00,LOSS,-127.64,2422.15
264,2026-03-20T14:10:00+00:00,LOSS,-125.30,2296.85
265,2026-03-23T15:45:00+00:00,LOSS,-123.67,2173.18
266,2026-03-24T13:55:00+00:00,LOSS,-122.76,2050.42
267,2026-03-25T14:10:00+00:00,LOSS,-121.99,1928.43
268,2026-03-26T14:00:00+00:00,LOSS,-120.80,1807.63
269,2026-03-27T14:05:00+00:00,WIN,227.14,2034.77
270,2026-03-30T16:50:00+00:00,WIN,235.61,2270.38
271,2026-03-31T13:55:00+00:00,WIN,236.76,2507.14
272,2026-04-01T15:55:00+00:00,LOSS,-126.54,2380.60
273,2026-04-02T14:00:00+00:00,LOSS,-126.58,2254.02
274,2026-04-03T14:10:00+00:00,LOSS,-125.10,2128.92
275,2026-04-06T13:55:00+00:00,LOSS,-122.91,2006.01
276,2026-04-07T16:35:00+00:00,WIN,236.94,2242.95
277,2026-04-08T14:00:00+00:00,LOSS,-124.91,2118.04
278,2026-04-09T14:00:00+00:00,LOSS,-122.64,1995.40
279,2026-04-10T14:05:00+00:00,WIN,233.18,2228.58
280,2026-04-13T14:00:00+00:00,LOSS,-123.60,2104.98
281,2026-04-14T14:20:00+00:00,WIN,233.38,2338.36
282,2026-04-15T15:35:00+00:00,WIN,239.12,2577.48
283,2026-04-16T14:35:00+00:00,LOSS,-127.53,2449.95
284,2026-04-20T14:05:00+00:00,LOSS,-126.89,2323.06
285,2026-04-21T13:55:00+00:00,LOSS,-125.53,2197.53
286,2026-04-22T14:25:00+00:00,LOSS,-123.95,2073.58
287,2026-04-23T14:00:00+00:00,LOSS,-122.77,1950.81
288,2026-04-24T14:05:00+00:00,WIN,233.29,2184.10
289,2026-04-27T14:10:00+00:00,LOSS,-124.08,2060.02
290,2026-04-28T14:05:00+00:00,WIN,233.49,2293.51
291,2026-04-29T18:10:00+00:00,LOSS,-124.96,2168.55
292,2026-04-30T13:55:00+00:00,LOSS,-123.48,2045.07
293,2026-05-01T14:00:00+00:00,LOSS,-122.59,1922.48
294,2026-05-04T15:05:00+00:00,LOSS,-121.02,1801.46
295,2026-05-05T14:05:00+00:00,LOSS,-119.39,1682.07
296,2026-05-06T13:55:00+00:00,LOSS,-118.33,1563.74
297,2026-05-07T14:15:00+00:00,LOSS,-118.04,1445.70
298,2026-05-08T15:30:00+00:00,WIN,222.66,1668.36
299,2026-05-13T14:05:00+00:00,LOSS,-118.39,1549.97
300,2026-05-14T13:55:00+00:00,LOSS,-117.29,1432.68
301,2026-05-15T15:00:00+00:00,WIN,224.00,1656.68
302,2026-05-18T14:10:00+00:00,LOSS,-117.61,1539.07
303,2026-05-19T14:00:00+00:00,LOSS,-116.54,1422.53
304,2026-05-20T14:40:00+00:00,LOSS,-115.59,1306.94
305,2026-05-21T14:20:00+00:00,LOSS,-114.69,1192.25
306,2026-05-25T15:05:00+00:00,LOSS,-114.40,1077.85
307,2026-05-26T13:55:00+00:00,LOSS,-112.51,965.34
308,2026-05-27T16:30:00+00:00,WIN,214.30,1179.64
309,2026-05-28T13:55:00+00:00,LOSS,-114.11,1065.53
310,2026-05-29T14:05:00+00:00,LOSS,-112.97,952.56
311,2026-06-01T14:05:00+00:00,WIN,213.30,1165.86
312,2026-06-02T14:05:00+00:00,LOSS,-113.02,1052.84
313,2026-06-03T14:05:00+00:00,LOSS,-112.47,940.37
314,2026-06-04T14:10:00+00:00,LOSS,-111.32,829.05
315,2026-06-05T13:55:00+00:00,WIN,209.88,1038.93
316,2026-06-08T14:10:00+00:00,WIN,214.34,1253.27
317,2026-06-09T13:55:00+00:00,LOSS,-114.11,1139.16
318,2026-06-10T13:55:00+00:00,LOSS,-113.35,1025.81
319,2026-06-11T14:00:00+00:00,WIN,212.98,1238.79
320,2026-06-12T14:05:00+00:00,LOSS,-113.61,1125.18
321,2026-06-15T14:05:00+00:00,WIN,217.32,1342.50
322,2026-06-16T14:05:00+00:00,LOSS,-114.79,1227.71
323,2026-06-17T14:00:00+00:00,LOSS,-114.63,1113.08
324,2026-06-18T14:10:00+00:00,LOSS,-112.24,1000.84
325,2026-06-19T14:20:00+00:00,LOSS,-112.40,888.44
326,2026-06-22T14:05:00+00:00,WIN,214.01,1102.45
327,2026-06-23T15:25:00+00:00,WIN,211.44,1313.89
328,2026-06-24T13:55:00+00:00,LOSS,-114.73,1199.16
329,2026-06-25T14:05:00+00:00,LOSS,-113.63,1085.53
330,2026-06-26T14:05:00+00:00,LOSS,-112.18,973.35
331,2026-06-29T14:15:00+00:00,LOSS,-111.83,861.52
332,2026-06-30T16:35:00+00:00,WIN,214.71,1076.23
333,2026-07-01T13:55:00+00:00,LOSS,-113.23,963.00
334,2026-07-02T14:15:00+00:00,LOSS,-111.37,851.63
335,2026-07-03T14:55:00+00:00,WIN,207.87,1059.50
336,2026-07-06T14:00:00+00:00,LOSS,-112.67,946.83
337,2026-07-07T14:00:00+00:00,LOSS,-111.88,834.95
338,2026-07-08T14:00:00+00:00,LOSS,-109.98,724.97
339,2026-07-09T14:05:00+00:00,LOSS,-109.31,615.66
