day,setup_type,direction,signal_time,entry_time,entry_price,stop,target,exit_time,exit_price,exit_reason,r_multiple,pnl_usd
2020-01-02,reversal,LONG,2020-01-02 10:00:00-05:00,2020-01-02 10:30:00-05:00,1528.87,1525.565530512412,1535.4789389751759,2020-01-02 11:45:00-05:00,1525.565530512412,SL,-1.118,-559.01
2020-01-09,reversal,SHORT,2020-01-09 09:45:00-05:00,2020-01-09 10:30:00-05:00,1547.97,1552.7846762561348,1538.3406474877304,2020-01-09 13:00:00-05:00,1552.7846762561348,SL,-1.081,-540.5
2020-01-17,reversal,SHORT,2020-01-17 09:45:00-05:00,2020-01-17 10:15:00-05:00,1555.43,1558.9627148151037,1548.3645703697928,2020-01-17 12:15:00-05:00,1558.9627148151037,SL,-1.1104,-555.2
2020-01-22,reversal,SHORT,2020-01-22 09:45:00-05:00,2020-01-22 10:15:00-05:00,1555.4,1558.9263736757018,1548.3472526485966,2020-01-22 18:15:00-05:00,1558.9263736757018,SL,-1.1106,-555.3
2020-01-23,reversal,SHORT,2020-01-23 09:45:00-05:00,2020-01-23 10:15:00-05:00,1561.6,1564.9407784305347,1554.9184431389303,2020-01-23 11:15:00-05:00,1564.9407784305347,SL,-1.1167,-558.37
2020-02-05,reversal,LONG,2020-02-05 09:45:00-05:00,2020-02-05 10:30:00-05:00,1556.41,1552.6403313965136,1563.949337206973,2020-02-05 23:45:00-05:00,1553.02,EOD,-1.0027,-501.37
2020-03-11,reversal,SHORT,2020-03-11 10:00:00-04:00,2020-03-11 10:45:00-04:00,1652.92,1663.3141435582772,1632.1317128834457,2020-03-11 22:00:00-04:00,1632.1317128834457,TP,1.9625,981.24
2020-04-08,reversal,SHORT,2020-04-08 09:45:00-04:00,2020-04-08 10:15:00-04:00,1647.34,1657.299693492083,1627.4206130158339,2020-04-08 23:45:00-04:00,1648.61,EOD,-0.1667,-83.34
2020-05-04,reversal,SHORT,2020-05-04 09:45:00-04:00,2020-05-04 10:45:00-04:00,1701.6,1710.561522656874,1683.6769546862515,2020-05-04 23:45:00-04:00,1698.13,EOD,0.3437,171.85
2020-05-06,reversal,SHORT,2020-05-06 09:45:00-04:00,2020-05-06 10:15:00-04:00,1689.86,1698.4429417386943,1672.694116522611,2020-05-06 23:45:00-04:00,1691.69,EOD,-0.2587,-129.33
2020-05-19,reversal,LONG,2020-05-19 09:45:00-04:00,2020-05-19 10:30:00-04:00,1743.7,1737.4369512590376,1756.2260974819249,2020-05-19 23:45:00-04:00,1749.19,EOD,0.8143,407.15
2020-06-11,reversal,LONG,2020-06-11 09:45:00-04:00,2020-06-11 10:15:00-04:00,1742.03,1734.2292272659834,1757.6315454680332,2020-06-11 11:30:00-04:00,1734.2292272659834,SL,-1.05,-525.0
2020-07-17,reversal,LONG,2020-07-17 09:45:00-04:00,2020-07-17 10:45:00-04:00,1808.71,1804.9179197326835,1816.2941605346332,2020-07-17 15:45:00-04:00,1810.57,EOD,0.3877,193.83
2020-08-31,reversal,SHORT,2020-08-31 09:45:00-04:00,2020-08-31 10:45:00-04:00,1962.87,1972.5142403581262,1943.5815192837472,2020-08-31 12:00:00-04:00,1972.5142403581262,SL,-1.0404,-520.22
2020-11-03,reversal,LONG,2020-11-03 10:00:00-05:00,2020-11-03 10:45:00-05:00,1907.23,1899.9546010454462,1921.7807979091076,2020-11-03 19:45:00-05:00,1899.9546010454462,SL,-1.0536,-526.8
2020-11-18,reversal,LONG,2020-11-18 10:00:00-05:00,2020-11-18 10:30:00-05:00,1881.65,1874.7029125480153,1895.5441749039696,2020-11-18 12:45:00-05:00,1874.7029125480153,SL,-1.0561,-528.07
2020-11-20,reversal,SHORT,2020-11-20 09:45:00-05:00,2020-11-20 10:45:00-05:00,1874.29,1878.8845448106863,1865.1009103786273,2020-11-20 15:45:00-05:00,1873.28,EOD,0.1349,67.47
2020-12-10,reversal,SHORT,2020-12-10 09:45:00-05:00,2020-12-10 10:30:00-05:00,1839.75,1850.246577962043,1818.7568440759142,2020-12-10 23:45:00-05:00,1837.38,EOD,0.1886,94.32
2021-01-04,reversal,SHORT,2021-01-04 09:45:00-05:00,2021-01-04 10:15:00-05:00,1934.31,1943.9546083144396,1915.0207833711206,2021-01-04 18:15:00-05:00,1943.9546083144396,SL,-1.0404,-520.22
2021-01-19,reversal,LONG,2021-01-19 09:45:00-05:00,2021-01-19 10:45:00-05:00,1839.2,1833.7684765854608,1850.0630468290785,2021-01-19 21:45:00-05:00,1850.0630468290785,TP,1.9282,964.1
2021-01-20,reversal,LONG,2021-01-20 10:00:00-05:00,2021-01-20 10:30:00-05:00,1867.18,1853.9479805828068,1893.6440388343865,2021-01-20 23:45:00-05:00,1870.91,EOD,0.2524,126.21
2021-03-17,reversal,LONG,2021-03-17 09:45:00-04:00,2021-03-17 10:30:00-04:00,1731.74,1726.934660784788,1741.3506784304238,2021-03-17 11:45:00-04:00,1726.934660784788,SL,-1.0812,-540.58
2021-03-29,reversal,LONG,2021-03-29 09:45:00-04:00,2021-03-29 10:45:00-04:00,1710.7,1705.5658020383505,1720.968395923299,2021-03-29 22:45:00-04:00,1705.5658020383505,SL,-1.076,-537.98
2021-04-14,reversal,LONG,2021-04-14 10:00:00-04:00,2021-04-14 10:45:00-04:00,1736.89,1734.6130769238803,1741.4438461522398,2021-04-14 11:00:00-04:00,1734.6130769238803,SL,-1.1713,-585.64
2021-04-16,reversal,LONG,2021-04-16 09:45:00-04:00,2021-04-16 10:15:00-04:00,1779.36,1771.4924854695298,1795.09502906094,2021-04-16 15:45:00-04:00,1774.9,EOD,-0.6165,-308.23
2021-06-03,reversal,LONG,2021-06-03 09:45:00-04:00,2021-06-03 10:15:00-04:00,1871.07,1864.8373915311954,1883.535216937609,2021-06-03 21:45:00-04:00,1864.8373915311954,SL,-1.0626,-531.29
2021-07-06,reversal,SHORT,2021-07-06 09:45:00-04:00,2021-07-06 10:30:00-04:00,1807.34,1811.6634849027273,1798.6930301945451,2021-07-06 11:45:00-04:00,1798.6930301945451,TP,1.9098,954.9
2021-07-12,reversal,LONG,2021-07-12 10:15:00-04:00,2021-07-12 10:45:00-04:00,1805.16,1796.208262447278,1823.0634751054442,2021-07-12 23:45:00-04:00,1809.24,EOD,0.4122,206.11
2021-07-15,reversal,SHORT,2021-07-15 09:45:00-04:00,2021-07-15 10:15:00-04:00,1820.95,1827.3044597666978,1808.2410804666044,2021-07-15 13:00:00-04:00,1827.3044597666978,SL,-1.0614,-530.69
2021-07-20,reversal,SHORT,2021-07-20 09:45:00-04:00,2021-07-20 10:15:00-04:00,1820.14,1825.053354979129,1810.3132900417424,2021-07-20 10:45:00-04:00,1810.3132900417424,TP,1.9206,960.31
2021-07-28,reversal,LONG,2021-07-28 10:00:00-04:00,2021-07-28 10:45:00-04:00,1800.12,1794.1840679843767,1811.9918640312462,2021-07-28 14:00:00-04:00,1794.1840679843767,SL,-1.0657,-532.85
2021-08-17,reversal,SHORT,2021-08-17 09:45:00-04:00,2021-08-17 10:15:00-04:00,1786.39,1793.2039707343006,1772.7620585313991,2021-08-17 23:45:00-04:00,1790.14,EOD,-0.6076,-303.79
2021-09-02,reversal,SHORT,2021-09-02 09:45:00-04:00,2021-09-02 10:15:00-04:00,1807.83,1813.6922886618822,1796.1054226762353,2021-09-02 22:15:00-04:00,1813.6922886618822,SL,-1.0665,-533.26
2021-11-17,reversal,SHORT,2021-11-17 09:45:00-05:00,2021-11-17 10:45:00-05:00,1862.71,1867.5321191977607,1853.0657616044787,2021-11-17 13:00:00-05:00,1867.5321191977607,SL,-1.0809,-540.44
2022-01-05,reversal,SHORT,2022-01-05 09:45:00-05:00,2022-01-05 10:30:00-05:00,1822.79,1829.7764705146576,1808.8170589706847,2022-01-05 15:30:00-05:00,1808.8170589706847,TP,1.9442,972.09
2022-01-28,reversal,SHORT,2022-01-28 09:45:00-05:00,2022-01-28 10:30:00-05:00,1783.67,1789.8168147738495,1771.3763704523012,2022-01-28 15:45:00-05:00,1789.16,EOD,-0.9566,-478.3
2022-02-07,reversal,LONG,2022-02-07 09:45:00-05:00,2022-02-07 10:30:00-05:00,1815.49,1812.0910449632868,1822.2879100734265,2022-02-07 14:15:00-05:00,1822.2879100734265,TP,1.8853,942.63
2022-02-21,reversal,LONG,2022-02-21 10:15:00-05:00,2022-02-21 10:45:00-05:00,1895.25,1892.4478966346778,1900.8542067306444,2022-02-21 13:30:00-05:00,1900.8542067306444,TP,1.8608,930.41
2022-02-28,reversal,SHORT,2022-02-28 09:45:00-05:00,2022-02-28 10:45:00-05:00,1908.16,1917.5409616630307,1889.398076673939,2022-02-28 23:45:00-05:00,1905.43,EOD,0.2494,124.72
2022-03-02,reversal,SHORT,2022-03-02 09:45:00-05:00,2022-03-02 10:45:00-05:00,1926.86,1931.7816538730642,1917.0166922538713,2022-03-02 11:00:00-05:00,1917.0166922538713,TP,1.9208,960.38
2022-04-01,reversal,SHORT,2022-04-01 09:45:00-04:00,2022-04-01 10:30:00-04:00,1924.09,1934.0205221826564,1904.228955634687,2022-04-01 15:45:00-04:00,1923.33,EOD,0.0373,18.63
2022-05-02,reversal,LONG,2022-05-02 09:45:00-04:00,2022-05-02 10:30:00-04:00,1863.95,1853.9004120841232,1884.0491758317537,2022-05-02 23:45:00-04:00,1862.57,EOD,-0.1761,-88.06
2022-06-03,reversal,SHORT,2022-06-03 09:45:00-04:00,2022-06-03 10:30:00-04:00,1859.92,1864.7002195797143,1850.3595608405717,2022-06-03 12:00:00-04:00,1850.3595608405717,TP,1.9184,959.21
2022-06-28,reversal,SHORT,2022-06-28 10:15:00-04:00,2022-06-28 10:45:00-04:00,1821.26,1825.8217129281888,1812.1365741436223,2022-06-28 23:45:00-04:00,1820.6,EOD,0.0592,29.59
2022-07-01,reversal,LONG,2022-07-01 09:45:00-04:00,2022-07-01 10:15:00-04:00,1800.49,1790.7152742526068,1820.0394514947864,2022-07-01 15:45:00-04:00,1805.79,EOD,0.5023,251.16
2022-07-08,reversal,LONG,2022-07-08 10:00:00-04:00,2022-07-08 10:45:00-04:00,1747.81,1736.2269993045757,1770.9760013908485,2022-07-08 15:45:00-04:00,1741.81,EOD,-0.5517,-275.84
2022-08-11,reversal,SHORT,2022-08-11 10:00:00-04:00,2022-08-11 10:45:00-04:00,1792.44,1798.2252720747492,1780.8694558505017,2022-08-11 23:45:00-04:00,1790.99,EOD,0.1832,91.61
2022-10-05,reversal,LONG,2022-10-05 09:45:00-04:00,2022-10-05 10:45:00-04:00,1707.13,1705.1458062529066,1711.0983874941871,2022-10-05 12:30:00-04:00,1711.0983874941871,TP,1.8034,901.72
2022-10-11,reversal,LONG,2022-10-11 10:00:00-04:00,2022-10-11 10:45:00-04:00,1669.29,1663.071327420258,1681.7273451594838,2022-10-11 12:15:00-04:00,1681.7273451594838,TP,1.9373,968.64
2022-11-16,reversal,LONG,2022-11-16 10:00:00-05:00,2022-11-16 10:45:00-05:00,1779.49,1772.574947945511,1793.320104108978,2022-11-16 13:15:00-05:00,1772.574947945511,SL,-1.0564,-528.2
2022-11-18,reversal,LONG,2022-11-18 10:00:00-05:00,2022-11-18 10:30:00-05:00,1754.8,1750.6613953821552,1763.0772092356895,2022-11-18 12:15:00-05:00,1750.6613953821552,SL,-1.0942,-547.12
2022-12-01,reversal,SHORT,2022-12-01 10:00:00-05:00,2022-12-01 10:30:00-05:00,1796.12,1804.4250929612147,1779.5098140775704,2022-12-01 23:45:00-05:00,1797.22,EOD,-0.1794,-89.7
2022-12-09,reversal,LONG,2022-12-09 09:45:00-05:00,2022-12-09 10:45:00-05:00,1796.68,1794.9906590560295,1800.0586818879412,2022-12-09 11:15:00-05:00,1800.0586818879412,TP,1.7691,884.57
2022-12-12,reversal,SHORT,2022-12-12 09:45:00-05:00,2022-12-12 10:45:00-05:00,1784.81,1790.0262804788113,1774.3774390423773,2022-12-12 23:45:00-05:00,1782.42,EOD,0.3834,191.71
2022-12-13,reversal,SHORT,2022-12-13 10:00:00-05:00,2022-12-13 10:30:00-05:00,1812.87,1824.7318083477649,1789.14638330447,2022-12-13 23:45:00-05:00,1808.79,EOD,0.3111,155.54
2022-12-19,reversal,SHORT,2022-12-19 10:00:00-05:00,2022-12-19 10:45:00-05:00,1786.04,1792.65584446386,1772.80831107228,2022-12-19 22:00:00-05:00,1792.65584446386,SL,-1.0589,-529.47
2023-01-23,reversal,LONG,2023-01-23 09:45:00-05:00,2023-01-23 10:30:00-05:00,1919.63,1912.7589762690716,1933.3720474618572,2023-01-23 20:30:00-05:00,1933.3720474618572,TP,1.9432,971.62
2023-01-24,reversal,LONG,2023-01-24 10:15:00-05:00,2023-01-24 10:45:00-05:00,1934.87,1926.4524101465317,1951.7051797069362,2023-01-24 23:45:00-05:00,1928.38,EOD,-0.8173,-408.67
2023-02-20,reversal,SHORT,2023-02-20 10:00:00-05:00,2023-02-20 10:30:00-05:00,1842.93,1846.6391164914328,1835.5117670171346,2023-02-20 23:45:00-05:00,1838.99,EOD,0.9571,478.55
2023-03-27,reversal,LONG,2023-03-27 09:45:00-04:00,2023-03-27 10:30:00-04:00,1956.06,1943.4661874507503,1981.2476250984992,2023-03-27 23:45:00-04:00,1959.53,EOD,0.2446,122.28
2023-03-28,reversal,LONG,2023-03-28 10:00:00-04:00,2023-03-28 10:45:00-04:00,1969.02,1959.5102985668302,1988.0394028663395,2023-03-28 23:45:00-04:00,1966.36,EOD,-0.3207,-160.36
2023-03-30,reversal,LONG,2023-03-30 10:00:00-04:00,2023-03-30 10:30:00-04:00,1969.65,1963.491527696952,1981.9669446060961,2023-03-30 12:30:00-04:00,1981.9669446060961,TP,1.9367,968.34
2023-05-10,reversal,SHORT,2023-05-10 10:00:00-04:00,2023-05-10 10:45:00-04:00,2028.98,2038.4169883688883,2010.1060232622235,2023-05-10 23:45:00-04:00,2032.24,EOD,-0.3868,-193.39
2023-05-12,reversal,SHORT,2023-05-12 09:45:00-04:00,2023-05-12 10:15:00-04:00,2013.4,2022.8089855476142,1994.582028904772,2023-05-12 15:45:00-04:00,2011.03,EOD,0.2104,105.22
2023-05-16,reversal,SHORT,2023-05-16 09:45:00-04:00,2023-05-16 10:45:00-04:00,2003.15,2011.0578622141522,1987.3342755716958,2023-05-16 12:45:00-04:00,1987.3342755716958,TP,1.9507,975.34
2023-06-30,reversal,LONG,2023-06-30 09:45:00-04:00,2023-06-30 10:15:00-04:00,1916.29,1909.273957945707,1930.3220841085858,2023-06-30 15:45:00-04:00,1919.57,EOD,0.4119,205.96
2023-07-19,reversal,SHORT,2023-07-19 09:45:00-04:00,2023-07-19 10:15:00-04:00,1973.77,1979.9501584274997,1961.4096831450006,2023-07-19 21:00:00-04:00,1979.9501584274997,SL,-1.0631,-531.55
2023-08-10,reversal,SHORT,2023-08-10 09:45:00-04:00,2023-08-10 10:15:00-04:00,1916.94,1925.4511714047508,1899.9176571904986,2023-08-10 23:45:00-04:00,1914.46,EOD,0.2456,122.78
2023-08-14,reversal,LONG,2023-08-14 09:45:00-04:00,2023-08-14 10:15:00-04:00,1907.9,1902.3065097627605,1919.0869804744793,2023-08-14 23:45:00-04:00,1907.01,EOD,-0.2288,-114.42
2023-09-12,reversal,LONG,2023-09-12 09:45:00-04:00,2023-09-12 10:30:00-04:00,1913.38,1908.0136186902046,1924.1127626195912,2023-09-12 23:15:00-04:00,1908.0136186902046,SL,-1.0727,-536.34
2023-09-14,reversal,LONG,2023-09-14 09:45:00-04:00,2023-09-14 10:30:00-04:00,1906.85,1901.5798077979257,1917.3903844041483,2023-09-14 23:45:00-04:00,1915.43,EOD,1.554,777.01
2023-09-15,reversal,LONG,2023-09-15 09:45:00-04:00,2023-09-15 10:15:00-04:00,1928.2,1923.0580447196874,1938.4839105606254,2023-09-15 15:30:00-04:00,1923.0580447196874,SL,-1.0758,-537.92
2023-09-21,reversal,LONG,2023-09-21 09:45:00-04:00,2023-09-21 10:15:00-04:00,1921.53,1914.8180557443945,1934.9538885112108,2023-09-21 23:45:00-04:00,1923.69,EOD,0.2637,131.85
2023-10-23,reversal,LONG,2023-10-23 09:45:00-04:00,2023-10-23 10:30:00-04:00,1976.94,1969.5748694335803,1991.6702611328396,2023-10-23 23:45:00-04:00,1976.73,EOD,-0.0815,-40.73
2023-11-24,reversal,SHORT,2023-11-24 10:00:00-05:00,2023-11-24 10:30:00-05:00,1999.32,2003.7973266071097,1990.3653467857805,2023-11-24 13:30:00-05:00,2002.22,EOD,-0.7348,-367.41
2023-12-15,reversal,LONG,2023-12-15 09:45:00-05:00,2023-12-15 10:15:00-05:00,2036.22,2030.9165759655905,2046.8268480688191,2023-12-15 13:15:00-05:00,2030.9165759655905,SL,-1.0735,-536.77
2023-12-22,reversal,SHORT,2023-12-22 10:00:00-05:00,2023-12-22 10:30:00-05:00,2062.45,2070.967013323602,2045.4159733527958,2023-12-22 15:45:00-05:00,2052.7,EOD,1.099,549.49
2024-02-22,reversal,LONG,2024-02-22 10:00:00-05:00,2024-02-22 10:45:00-05:00,2023.13,2019.9745417952806,2029.440916409439,2024-02-22 11:45:00-05:00,2019.9745417952806,SL,-1.1236,-561.8
2024-03-28,reversal,LONG,2024-03-28 09:45:00-04:00,2024-03-28 10:45:00-04:00,2214.07,2201.5504459499225,2239.1091081001555,2024-03-28 16:45:00-04:00,2232.42,EOD,1.4346,717.28
2024-04-11,reversal,SHORT,2024-04-11 09:45:00-04:00,2024-04-11 10:30:00-04:00,2334.75,2347.8765938951155,2308.496812209769,2024-04-11 12:30:00-04:00,2347.8765938951155,SL,-1.0297,-514.86
2024-04-16,reversal,LONG,2024-04-16 10:00:00-04:00,2024-04-16 10:45:00-04:00,2382.95,2364.6187932151556,2419.612413569688,2024-04-16 23:45:00-04:00,2381.48,EOD,-0.1015,-50.73
2024-04-26,reversal,SHORT,2024-04-26 10:00:00-04:00,2024-04-26 10:45:00-04:00,2333.5,2345.6270547896347,2309.2458904207306,2024-04-26 15:45:00-04:00,2339.79,EOD,-0.5508,-275.42
2024-04-30,reversal,SHORT,2024-04-30 09:45:00-04:00,2024-04-30 10:15:00-04:00,2301.36,2313.718790607572,2276.6424187848565,2024-04-30 23:45:00-04:00,2283.9,EOD,1.3812,690.6
2024-05-02,reversal,LONG,2024-05-02 09:45:00-04:00,2024-05-02 10:30:00-04:00,2300.53,2284.8895471717015,2331.8109056565977,2024-05-02 23:45:00-04:00,2302.2,EOD,0.0818,40.92
2024-06-03,reversal,LONG,2024-06-03 09:45:00-04:00,2024-06-03 10:15:00-04:00,2339.43,2329.22026612679,2359.849467746419,2024-06-03 23:45:00-04:00,2345.48,EOD,0.5544,277.19
2024-06-17,reversal,LONG,2024-06-17 09:45:00-04:00,2024-06-17 10:30:00-04:00,2324.89,2318.510589152038,2337.6488216959237,2024-06-17 11:30:00-04:00,2318.510589152038,SL,-1.0611,-530.57
2024-06-28,reversal,SHORT,2024-06-28 10:15:00-04:00,2024-06-28 10:45:00-04:00,2326.46,2333.5722308260683,2312.2355383478634,2024-06-28 15:45:00-04:00,2325.72,EOD,0.0492,24.61
2024-07-01,reversal,SHORT,2024-07-01 09:45:00-04:00,2024-07-01 10:30:00-04:00,2322.41,2334.472828542566,2298.284342914868,2024-07-01 23:45:00-04:00,2325.89,EOD,-0.3208,-160.41
2024-08-06,reversal,SHORT,2024-08-06 09:45:00-04:00,2024-08-06 10:30:00-04:00,2392.41,2399.242731159788,2378.7445376804235,2024-08-06 23:45:00-04:00,2385.8,EOD,0.9103,455.16
2024-08-12,reversal,SHORT,2024-08-12 09:45:00-04:00,2024-08-12 10:15:00-04:00,2448.56,2457.784836168892,2430.1103276622157,2024-08-12 11:00:00-04:00,2457.784836168892,SL,-1.0423,-521.14
2024-08-13,reversal,SHORT,2024-08-13 09:45:00-04:00,2024-08-13 10:30:00-04:00,2468.98,2475.7228390102186,2455.4943219795628,2024-08-13 22:30:00-04:00,2455.4943219795628,TP,1.9422,971.08
2024-08-14,reversal,SHORT,2024-08-14 09:45:00-04:00,2024-08-14 10:45:00-04:00,2450.0,2461.482307630422,2427.035384739156,2024-08-14 23:45:00-04:00,2453.47,EOD,-0.3362,-168.08
2024-09-04,reversal,LONG,2024-09-04 10:00:00-04:00,2024-09-04 10:45:00-04:00,2496.12,2484.1056293305833,2520.148741338833,2024-09-04 23:45:00-04:00,2494.72,EOD,-0.149,-74.49
2024-09-05,reversal,SHORT,2024-09-05 10:15:00-04:00,2024-09-05 10:45:00-04:00,2508.76,2520.9060775993275,2484.4678448013456,2024-09-05 23:45:00-04:00,2518.11,EOD,-0.8019,-400.95
2024-09-17,reversal,SHORT,2024-09-17 09:45:00-04:00,2024-09-17 10:45:00-04:00,2576.33,2579.8882500561117,2569.2134998877764,2024-09-17 11:15:00-04:00,2569.2134998877764,TP,1.8904,945.2
2024-09-19,reversal,LONG,2024-09-19 09:45:00-04:00,2024-09-19 10:30:00-04:00,2582.97,2569.07680311983,2610.7563937603395,2024-09-19 23:45:00-04:00,2591.27,EOD,0.5693,284.67
2024-09-20,reversal,LONG,2024-09-20 09:45:00-04:00,2024-09-20 10:30:00-04:00,2614.29,2602.062865398429,2638.744269203142,2024-09-20 15:45:00-04:00,2621.64,EOD,0.5692,284.61
2024-09-25,reversal,SHORT,2024-09-25 09:45:00-04:00,2024-09-25 10:45:00-04:00,2658.85,2666.239100410511,2644.0717991789775,2024-09-25 23:45:00-04:00,2662.34,EOD,-0.5251,-262.55
2024-10-02,reversal,SHORT,2024-10-02 09:45:00-04:00,2024-10-02 10:30:00-04:00,2656.06,2661.2252616729884,2645.729476654023,2024-10-02 11:00:00-04:00,2645.729476654023,TP,1.9245,962.25
2024-10-04,reversal,LONG,2024-10-04 09:45:00-04:00,2024-10-04 10:45:00-04:00,2658.34,2647.7730821352525,2679.4738357294955,2024-10-04 11:45:00-04:00,2647.7730821352525,SL,-1.0369,-518.45
2024-10-08,reversal,SHORT,2024-10-08 09:45:00-04:00,2024-10-08 10:15:00-04:00,2627.62,2642.060784366824,2598.7384312663517,2024-10-08 23:45:00-04:00,2616.92,EOD,0.714,356.98
2024-10-14,reversal,SHORT,2024-10-14 09:45:00-04:00,2024-10-14 10:15:00-04:00,2649.42,2661.4151720201303,2625.4296559597396,2024-10-14 23:45:00-04:00,2645.49,EOD,0.2951,147.56
2024-10-15,reversal,LONG,2024-10-15 09:45:00-04:00,2024-10-15 10:15:00-04:00,2659.26,2646.41390925192,2684.952181496161,2024-10-15 23:45:00-04:00,2666.99,EOD,0.5714,285.69
2024-10-25,reversal,LONG,2024-10-25 09:45:00-04:00,2024-10-25 10:15:00-04:00,2734.7,2725.1905988195754,2753.7188023608487,2024-10-25 15:45:00-04:00,2742.53,EOD,0.7824,391.19
2024-11-15,reversal,SHORT,2024-11-15 09:45:00-05:00,2024-11-15 10:30:00-05:00,2564.98,2575.9323316485415,2543.075336702917,2024-11-15 16:45:00-05:00,2561.55,EOD,0.2776,138.78
2025-01-02,reversal,LONG,2025-01-02 10:00:00-05:00,2025-01-02 10:45:00-05:00,2653.78,2644.6795605074653,2671.98087898507,2025-01-02 23:45:00-05:00,2662.77,EOD,0.945,472.5
2025-01-23,reversal,LONG,2025-01-23 09:45:00-05:00,2025-01-23 10:45:00-05:00,2746.13,2739.9739115158727,2758.442176968255,2025-01-23 12:30:00-05:00,2758.442176968255,TP,1.9366,968.32
2025-01-27,reversal,SHORT,2025-01-27 09:45:00-05:00,2025-01-27 10:15:00-05:00,2742.64,2755.7835329641243,2716.352934071751,2025-01-27 23:45:00-05:00,2742.17,EOD,0.0061,3.04
2025-02-04,reversal,SHORT,2025-02-04 09:45:00-05:00,2025-02-04 10:45:00-05:00,2835.54,2841.736438235412,2823.1471235291756,2025-02-04 11:15:00-05:00,2841.736438235412,SL,-1.0629,-531.47
2025-02-11,reversal,LONG,2025-02-11 10:00:00-05:00,2025-02-11 10:45:00-05:00,2904.85,2890.1812680179733,2934.187463964053,2025-02-11 19:45:00-05:00,2890.1812680179733,SL,-1.0266,-513.29
2025-02-21,reversal,SHORT,2025-02-21 09:45:00-05:00,2025-02-21 10:15:00-05:00,2925.16,2939.5323497160666,2896.4153005678663,2025-02-21 12:15:00-05:00,2939.5323497160666,SL,-1.0271,-513.57
2025-04-21,reversal,SHORT,2025-04-21 09:45:00-04:00,2025-04-21 10:45:00-04:00,3416.72,3427.4862184024246,3395.1875631951502,2025-04-21 15:00:00-04:00,3427.4862184024246,SL,-1.0362,-518.11
2025-05-06,reversal,SHORT,2025-05-06 09:45:00-04:00,2025-05-06 10:30:00-04:00,3379.81,3398.454076642149,3342.5218467157015,2025-05-06 11:30:00-04:00,3398.454076642149,SL,-1.0209,-510.46
2025-05-13,reversal,LONG,2025-05-13 10:00:00-04:00,2025-05-13 10:30:00-04:00,3247.51,3224.7607106584114,3293.008578683178,2025-05-13 23:45:00-04:00,3228.09,EOD,-0.8708,-435.4
2025-05-15,reversal,LONG,2025-05-15 09:45:00-04:00,2025-05-15 10:15:00-04:00,3206.07,3186.806873113786,3244.5962537724286,2025-05-15 18:00:00-04:00,3244.5962537724286,TP,1.9798,989.88
2025-06-04,reversal,LONG,2025-06-04 09:45:00-04:00,2025-06-04 10:15:00-04:00,3369.17,3349.9203632949866,3407.669273410027,2025-06-04 23:45:00-04:00,3369.45,EOD,-0.0057,-2.86
2025-06-10,reversal,SHORT,2025-06-10 09:45:00-04:00,2025-06-10 10:15:00-04:00,3333.38,3349.631937127933,3300.8761257441347,2025-06-10 23:45:00-04:00,3339.43,EOD,-0.3963,-198.13
2025-06-11,reversal,LONG,2025-06-11 10:15:00-04:00,2025-06-11 10:45:00-04:00,3337.27,3330.4477408376924,3350.914518324615,2025-06-11 11:45:00-04:00,3330.4477408376924,SL,-1.0572,-528.58
2025-08-15,reversal,LONG,2025-08-15 09:45:00-04:00,2025-08-15 10:15:00-04:00,3338.46,3332.204571395278,3350.970857209444,2025-08-15 16:45:00-04:00,3335.74,EOD,-0.4972,-248.58
2025-08-27,reversal,LONG,2025-08-27 09:45:00-04:00,2025-08-27 10:30:00-04:00,3383.3,3375.3402042081634,3399.2195915836737,2025-08-27 23:45:00-04:00,3389.85,EOD,0.7739,386.94
2025-09-10,reversal,SHORT,2025-09-10 10:15:00-04:00,2025-09-10 10:45:00-04:00,3647.46,3655.5526146317434,3631.2747707365133,2025-09-10 23:30:00-04:00,3631.2747707365133,TP,1.9518,975.9
2025-10-24,reversal,LONG,2025-10-24 09:45:00-04:00,2025-10-24 10:15:00-04:00,4123.51,4095.9606811844405,4178.60863763112,2025-10-24 16:45:00-04:00,4112.69,EOD,-0.4069,-203.45
2025-12-12,reversal,SHORT,2025-12-12 10:00:00-05:00,2025-12-12 10:30:00-05:00,4317.0,4352.431731395325,4246.13653720935,2025-12-12 16:45:00-05:00,4300.47,EOD,0.4555,227.76
2025-12-22,reversal,LONG,2025-12-22 10:00:00-05:00,2025-12-22 10:45:00-05:00,4431.7,4412.880016111656,4469.339967776687,2025-12-22 19:30:00-05:00,4469.339967776687,TP,1.9793,989.64
2025-12-31,reversal,SHORT,2025-12-31 09:45:00-05:00,2025-12-31 10:15:00-05:00,4336.91,4354.508248435925,4301.713503128149,2025-12-31 16:45:00-05:00,4317.43,EOD,1.0848,542.38
2026-01-27,reversal,LONG,2026-01-27 10:15:00-05:00,2026-01-27 10:45:00-05:00,5090.72,5054.392825458743,5163.374349082515,2026-01-27 15:45:00-05:00,5163.374349082515,TP,1.9893,994.63
2026-03-09,reversal,LONG,2026-03-09 10:15:00-04:00,2026-03-09 10:45:00-04:00,5093.92,5062.992164668931,5155.7756706621385,2026-03-09 19:15:00-04:00,5155.7756706621385,TP,1.9874,993.7
2026-03-13,reversal,SHORT,2026-03-13 09:45:00-04:00,2026-03-13 10:15:00-04:00,5088.91,5117.953551404924,5030.822897190152,2026-03-13 12:00:00-04:00,5030.822897190152,TP,1.9866,993.29
2026-03-18,reversal,SHORT,2026-03-18 10:00:00-04:00,2026-03-18 10:30:00-04:00,4861.05,4896.514101556431,4790.121796887138,2026-03-18 13:15:00-04:00,4896.514101556431,SL,-1.011,-505.5
2026-04-22,reversal,SHORT,2026-04-22 09:45:00-04:00,2026-04-22 10:45:00-04:00,4735.91,4761.413270798161,4684.903458403678,2026-04-22 23:45:00-04:00,4703.65,EOD,1.2496,624.82
2026-05-18,reversal,SHORT,2026-05-18 09:45:00-04:00,2026-05-18 10:45:00-04:00,4546.43,4585.633649792161,4468.022700415679,2026-05-18 19:00:00-04:00,4585.633649792161,SL,-1.0099,-504.97
2026-05-25,reversal,LONG,2026-05-25 09:45:00-04:00,2026-05-25 10:15:00-04:00,4567.96,4559.34437018521,4585.19125962958,2026-05-25 19:30:00-04:00,4559.34437018521,SL,-1.0453,-522.63
2026-06-04,reversal,SHORT,2026-06-04 09:45:00-04:00,2026-06-04 10:15:00-04:00,4486.09,4516.442763438553,4425.384473122895,2026-06-04 23:45:00-04:00,4442.47,EOD,1.4243,712.13
2026-07-27,reversal,SHORT,2026-07-27 09:45:00-04:00,2026-07-27 10:30:00-04:00,4068.97,4090.3219116163373,4026.266176767325,2026-07-27 12:30:00-04:00,4090.3219116163373,SL,-1.0183,-509.13
2026-07-31,reversal,LONG,2026-07-31 09:45:00-04:00,2026-07-31 10:30:00-04:00,4041.44,4021.058101006604,4082.2037979867923,2026-07-31 16:45:00-04:00,4046.53,EOD,0.2306,115.3
2026-08-25,reversal,LONG,2026-08-25 09:45:00-04:00,2026-08-25 10:45:00-04:00,4635.48,4604.176307229845,4698.087385540308,2026-08-25 23:45:00-04:00,4642.48,EOD,0.2112,105.58
2026-08-27,reversal,LONG,2026-08-27 10:00:00-04:00,2026-08-27 10:45:00-04:00,4591.29,4567.257121591298,4639.355756817405,2026-08-27 23:45:00-04:00,4579.67,EOD,-0.4997,-249.87
